frame,track_id,cls,team,x1,y1,x2,y2,x,y,has_ball
0,-1,ball,-1,2049.6,1344.6,2061.6,1356.6,2055.6,1350.6,0
0,1,player,0,1943.9,1183.1,2096.7,1395.7,2020.3,1395.7,1
0,2,player,1,1714.0,752.0,1813.1,932.5,1763.6,932.5,0
0,3,player,0,1425.0,721.6,1534.5,898.2,1479.8,898.2,0
0,4,player,1,830.9,830.7,914.7,1046.8,872.8,1046.8,0
0,5,player,1,1748.8,956.7,1839.8,1176.4,1794.3,1176.4,0
0,6,player,1,2634.6,476.6,2723.0,637.5,2678.8,637.5,0
0,7,player,1,2801.7,991.3,2879.2,1207.4,2840.4,1207.4,0
0,8,player,1,57.9,549.6,150.2,709.6,104.0,709.6,0
0,9,player,0,0.0,951.1,64.7,1192.8,32.4,1192.8,0
0,10,player,0,1658.5,605.5,1728.0,789.6,1693.2,789.6,0
0,12,player,1,929.6,559.3,1005.6,716.1,967.6,716.1,0
0,13,player,1,1132.4,477.6,1193.3,621.6,1162.8,621.6,0
0,14,player,0,243.5,456.2,315.8,600.7,279.6,600.7,0
0,15,player,1,1732.9,572.1,1806.8,749.1,1769.8,749.1,0
0,16,player,1,1857.1,636.4,1908.7,808.0,1882.9,808.0,0
0,17,player,1,167.5,697.5,246.3,886.7,206.9,886.7,0
0,18,player,0,195.7,774.6,300.1,977.2,247.9,977.2,0
0,19,player,0,431.3,337.7,497.9,469.5,464.6,469.5,0
1,-1,ball,-1,2049.6,1344.6,2061.6,1356.6,2055.6,1350.6,0
1,1,player,0,1943.9,1183.1,2096.6,1395.7,2020.2,1395.7,1
1,2,player,1,1714.0,752.0,1813.1,932.5,1763.6,932.5,0
1,3,player,0,1425.0,721.6,1534.4,898.2,1479.7,898.2,0
1,4,player,1,830.9,830.8,914.7,1046.7,872.8,1046.7,0
1,5,player,1,1748.8,956.7,1839.8,1176.4,1794.3,1176.4,0
1,6,player,1,2634.6,476.6,2723.0,637.5,2678.8,637.5,0
1,7,player,1,2801.5,991.3,2879.2,1207.4,2840.4,1207.4,0
1,8,player,1,57.8,549.7,150.2,709.6,104.0,709.6,0
1,9,player,0,0.0,951.1,64.7,1192.7,32.4,1192.7,0
1,10,player,0,1658.5,605.5,1728.0,789.6,1693.2,789.6,0
1,12,player,1,929.8,559.3,1005.6,716.1,967.7,716.1,0
1,13,player,1,1132.4,477.6,1193.0,621.6,1162.7,621.6,0
1,14,player,0,243.5,456.2,315.8,600.6,279.6,600.6,0
1,15,player,1,1732.9,572.2,1806.8,749.1,1769.8,749.1,0
1,16,player,1,1857.2,636.4,1908.7,808.0,1883.0,808.0,0
1,17,player,1,167.5,697.5,246.2,886.7,206.8,886.7,0
1,18,player,0,195.4,774.6,299.7,977.2,247.6,977.2,0
1,19,player,0,431.3,337.7,498.0,469.4,464.6,469.4,0
2,-1,ball,-1,2040.2,1343.0,2052.2,1355.0,2046.2,1349.0,0
2,1,player,0,1936.9,1178.2,2103.4,1397.2,2020.2,1397.2,1
2,2,player,1,1715.6,749.9,1807.1,933.1,1761.4,933.1,0
2,3,player,0,1415.3,722.6,1515.4,897.8,1465.4,897.8,0
2,4,player,1,812.7,830.3,909.9,1048.9,861.3,1048.9,0
2,5,player,1,1734.4,956.2,1846.5,1177.4,1790.4,1177.4,0
2,6,player,1,2613.8,477.9,2702.1,637.5,2658.0,637.5,0
2,7,player,1,2780.2,994.2,2879.1,1206.5,2829.6,1206.5,0
2,8,player,1,39.5,551.8,130.7,710.7,85.1,710.7,0
2,9,player,0,0.0,954.0,36.5,1174.7,18.2,1174.7,0
2,10,player,0,1638.8,606.0,1720.6,789.1,1679.7,789.1,0
2,12,player,1,912.6,559.8,992.3,717.1,952.4,717.1,0
2,13,player,1,1112.6,475.9,1181.8,621.7,1147.2,621.7,0
2,14,player,0,235.6,456.0,292.7,601.1,264.2,601.1,0
2,15,player,1,1713.8,574.9,1798.1,750.6,1756.0,750.6,0
2,16,player,1,1845.9,636.7,1895.3,808.0,1870.6,808.0,0
2,17,player,1,146.2,700.2,243.3,885.7,194.8,885.7,0
2,18,player,0,196.8,776.6,296.1,978.0,246.4,978.0,0
2,19,player,0,411.3,339.4,479.7,470.3,445.5,470.3,0
3,-1,ball,-1,2040.1,1343.0,2052.1,1355.0,2046.1,1349.0,0
3,1,player,0,1936.9,1178.2,2103.4,1397.2,2020.2,1397.2,1
3,2,player,1,1715.6,749.9,1807.1,933.1,1761.4,933.1,0
3,3,player,0,1415.3,722.6,1515.4,897.8,1465.4,897.8,0
3,4,player,1,812.7,830.3,909.9,1048.9,861.3,1048.9,0
3,5,player,1,1734.4,956.2,1846.5,1177.4,1790.4,1177.4,0
3,6,player,1,2613.8,477.9,2702.1,637.5,2658.0,637.5,0
3,7,player,1,2780.1,994.2,2879.1,1206.5,2829.6,1206.5,0
3,8,player,1,39.6,551.8,130.8,710.7,85.2,710.7,0
3,9,player,0,0.0,954.0,36.5,1174.6,18.2,1174.6,0
3,10,player,0,1638.8,606.0,1720.6,789.1,1679.7,789.1,0
3,12,player,1,912.4,559.8,992.3,717.1,952.4,717.1,0
3,13,player,1,1112.6,475.8,1182.0,621.7,1147.3,621.7,0
3,14,player,0,235.6,456.0,292.6,601.1,264.1,601.1,0
3,15,player,1,1713.8,574.9,1798.0,750.6,1755.9,750.6,0
3,16,player,1,1845.9,636.7,1895.2,808.0,1870.6,808.0,0
3,17,player,1,146.2,700.2,243.3,885.7,194.8,885.7,0
3,18,player,0,196.8,776.6,296.1,977.9,246.4,977.9,0
3,19,player,0,411.3,339.4,479.8,470.3,445.6,470.3,0
4,-1,ball,-1,2040.2,1343.0,2052.2,1355.0,2046.2,1349.0,0
4,1,player,0,1936.9,1178.2,2103.4,1397.2,2020.2,1397.2,1
4,2,player,1,1715.6,749.9,1807.1,932.6,1761.4,932.6,0
4,3,player,0,1415.3,722.6,1515.4,897.8,1465.4,897.8,0
4,4,player,1,812.7,830.3,909.9,1048.9,861.3,1048.9,0
4,5,player,1,1734.4,956.2,1846.5,1177.4,1790.4,1177.4,0
4,6,player,1,2613.8,477.9,2702.1,637.5,2658.0,637.5,0
4,7,player,1,2779.8,994.1,2879.1,1206.5,2829.4,1206.5,0
4,8,player,1,39.6,551.8,130.8,710.7,85.2,710.7,0
4,9,player,0,0.0,954.0,36.5,1174.5,18.2,1174.5,0
4,10,player,0,1638.8,606.0,1720.6,789.1,1679.7,789.1,0
4,12,player,1,911.3,559.8,992.3,717.2,951.8,717.2,0
4,13,player,1,1112.6,475.9,1181.9,621.7,1147.2,621.7,0
4,14,player,0,235.6,456.0,292.7,601.1,264.2,601.1,0
4,15,player,1,1713.8,574.9,1798.1,750.6,1756.0,750.6,0
4,16,player,1,1845.9,636.7,1895.3,808.0,1870.6,808.0,0
4,17,player,1,146.2,700.2,243.3,885.7,194.8,885.7,0
4,18,player,0,196.8,776.6,296.1,977.9,246.4,977.9,0
4,19,player,0,411.4,339.4,479.6,470.3,445.5,470.3,0
5,-1,ball,-1,2032.8,1343.4,2044.8,1355.4,2038.8,1349.4,0
5,1,player,0,1924.4,1171.0,2097.7,1396.3,2011.0,1396.3,1
5,2,player,1,1720.6,747.5,1797.9,934.0,1759.2,934.0,0
5,3,player,0,1412.2,724.0,1504.2,898.5,1458.2,898.5,0
5,4,player,1,797.6,829.4,902.7,1051.2,850.2,1051.2,0
5,5,player,1,1726.2,956.7,1849.1,1185.7,1787.6,1185.7,0
5,6,player,1,2594.0,478.8,2681.2,637.3,2637.6,637.3,0
5,7,player,1,2760.0,996.6,2879.0,1207.2,2819.5,1207.2,0
5,8,player,1,22.9,553.1,114.1,711.5,68.5,711.5,0
5,10,player,0,1618.6,610.3,1709.9,790.4,1664.2,790.4,0
5,12,player,1,888.7,561.8,978.5,719.5,933.6,719.5,0
5,13,player,1,1094.1,474.7,1167.7,624.0,1130.9,624.0,0
5,14,player,0,224.3,457.0,267.4,602.3,245.8,602.3,0
5,15,player,1,1695.9,575.5,1785.6,749.0,1740.8,749.0,0
5,16,player,1,1831.6,640.4,1889.0,810.2,1860.3,810.2,0
5,17,player,1,125.6,705.1,223.7,889.5,174.6,889.5,0
5,18,player,0,183.7,777.0,290.6,980.6,237.2,980.6,0
5,19,player,0,401.9,340.8,468.0,471.7,435.0,471.7,0
6,-1,ball,-1,2033.0,1343.4,2045.0,1355.4,2039.0,1349.4,0
6,1,player,0,1924.4,1171.0,2097.7,1396.3,2011.0,1396.3,1
6,2,player,1,1720.6,747.5,1797.9,934.0,1759.2,934.0,0
6,3,player,0,1412.2,724.0,1504.2,898.5,1458.2,898.5,0
6,4,player,1,797.6,829.4,902.7,1051.2,850.2,1051.2,0
6,5,player,1,1726.2,956.7,1849.1,1185.6,1787.6,1185.6,0
6,6,player,1,2594.0,478.8,2681.3,637.3,2637.6,637.3,0
6,7,player,1,2760.0,996.5,2879.0,1207.2,2819.5,1207.2,0
6,8,player,1,22.9,553.1,114.1,711.5,68.5,711.5,0
6,10,player,0,1619.0,610.2,1709.9,790.3,1664.4,790.3,0
6,12,player,1,888.8,561.9,978.5,719.6,933.6,719.6,0
6,13,player,1,1094.1,474.9,1167.7,624.0,1130.9,624.0,0
6,14,player,0,224.3,457.0,267.4,602.3,245.8,602.3,0
6,15,player,1,1695.9,575.4,1785.6,749.0,1740.8,749.0,0
6,16,player,1,1831.6,640.3,1888.7,810.0,1860.2,810.0,0
6,17,player,1,125.6,705.2,223.7,889.5,174.6,889.5,0
6,18,player,0,183.7,777.0,290.6,980.6,237.2,980.6,0
6,19,player,0,401.9,340.8,468.0,471.6,435.0,471.6,0
7,-1,ball,-1,2025.6,1343.8,2037.6,1355.8,2031.6,1349.8,0
7,1,player,0,1920.6,1161.5,2091.2,1397.0,2005.9,1397.0,1
7,2,player,1,1718.2,740.2,1787.6,934.7,1752.9,934.7,0
7,3,player,0,1410.7,727.7,1494.9,898.8,1452.8,898.8,0
7,4,player,1,784.9,831.1,906.3,1050.5,845.6,1050.5,0
7,5,player,1,1717.7,958.0,1868.0,1189.6,1792.8,1189.6,0
7,6,player,1,2572.3,479.6,2661.0,637.9,2616.6,637.9,0
7,7,player,1,2745.6,996.6,2878.9,1221.1,2812.2,1221.1,0
7,8,player,1,7.1,557.1,100.2,713.0,53.6,713.0,0
7,10,player,0,1600.0,608.4,1699.5,790.8,1649.8,790.8,0
7,12,player,1,880.3,562.3,965.6,721.4,923.0,721.4,0
7,13,player,1,1074.7,474.1,1155.3,624.4,1115.0,624.4,0
7,14,player,0,207.6,458.7,253.8,603.4,230.7,603.4,0
7,15,player,1,1678.5,576.8,1760.1,743.9,1719.3,743.9,0
7,16,player,1,1816.3,642.1,1884.5,810.1,1850.4,810.1,0
7,17,player,1,104.5,706.6,216.6,893.3,160.6,893.3,0
7,18,player,0,167.6,775.5,276.9,983.5,222.2,983.5,0
7,19,player,0,385.8,342.7,445.2,474.1,415.5,474.1,0
8,-1,ball,-1,2025.6,1343.8,2037.6,1355.8,2031.6,1349.8,0
8,1,player,0,1920.6,1161.6,2091.4,1397.0,2006.0,1397.0,1
8,2,player,1,1718.2,740.2,1787.6,934.7,1752.9,934.7,0
8,3,player,0,1410.7,727.6,1494.9,898.8,1452.8,898.8,0
8,4,player,1,784.8,831.1,906.3,1050.5,845.6,1050.5,0
8,5,player,1,1717.7,958.0,1868.0,1189.6,1792.8,1189.6,0
8,6,player,1,2572.3,479.6,2660.9,637.9,2616.6,637.9,0
8,7,player,1,2745.6,996.6,2878.9,1221.1,2812.2,1221.1,0
8,8,player,1,7.0,557.2,100.3,713.1,53.6,713.1,0
8,10,player,0,1600.0,608.3,1699.5,790.8,1649.8,790.8,0
8,12,player,1,880.3,562.3,965.5,721.4,922.9,721.4,0
8,13,player,1,1074.7,474.1,1155.3,624.6,1115.0,624.6,0
8,14,player,0,207.6,458.7,253.8,603.3,230.7,603.3,0
8,15,player,1,1678.5,576.8,1760.1,743.9,1719.3,743.9,0
8,16,player,1,1816.3,642.1,1884.5,810.1,1850.4,810.1,0
8,17,player,1,104.5,706.6,216.5,893.3,160.5,893.3,0
8,18,player,0,167.6,775.4,277.0,983.5,222.3,983.5,0
8,19,player,0,385.9,342.7,445.2,474.0,415.6,474.0,0
9,-1,ball,-1,2025.6,1343.8,2037.6,1355.8,2031.6,1349.8,0
9,1,player,0,1920.6,1161.6,2091.3,1397.0,2006.0,1397.0,1
9,2,player,1,1718.2,740.1,1787.6,934.7,1752.9,934.7,0
9,3,player,0,1410.8,727.8,1494.7,898.7,1452.8,898.7,0
9,4,player,1,784.9,831.1,906.3,1050.5,845.6,1050.5,0
9,5,player,1,1717.7,958.0,1867.8,1189.6,1792.8,1189.6,0
9,6,player,1,2572.3,479.6,2660.9,637.9,2616.6,637.9,0
9,7,player,1,2745.6,996.6,2878.9,1221.1,2812.2,1221.1,0
9,8,player,1,7.0,557.1,100.1,713.1,53.6,713.1,0
9,10,player,0,1600.0,608.3,1699.5,790.8,1649.8,790.8,0
9,12,player,1,880.3,562.3,965.5,721.4,922.9,721.4,0
9,13,player,1,1074.5,474.0,1155.5,624.4,1115.0,624.4,0
9,14,player,0,207.5,458.7,253.7,603.3,230.6,603.3,0
9,15,player,1,1678.5,576.8,1760.0,743.8,1719.2,743.8,0
9,16,player,1,1816.3,642.2,1884.5,810.1,1850.4,810.1,0
9,17,player,1,104.5,706.6,216.4,893.3,160.4,893.3,0
9,18,player,0,167.7,775.4,277.0,983.5,222.4,983.5,0
9,19,player,0,385.9,342.8,445.0,474.0,415.4,474.0,0
10,-1,ball,-1,2017.3,1343.7,2029.3,1355.7,2023.3,1349.7,0
10,1,player,0,1919.1,1155.4,2081.1,1396.6,2000.1,1396.6,1
10,2,player,1,1705.9,738.1,1777.6,936.0,1741.8,936.0,0
10,3,player,0,1411.3,725.9,1486.4,900.1,1448.8,900.1,0
10,4,player,1,771.7,834.2,897.8,1053.5,834.8,1053.5,0
10,5,player,1,1712.9,961.3,1870.8,1195.1,1791.8,1195.1,0
10,6,player,1,2552.4,481.6,2638.6,637.9,2595.5,637.9,0
10,7,player,1,2742.3,996.7,2878.8,1220.8,2810.6,1220.8,0
10,8,player,1,0.0,557.5,83.0,714.5,41.5,714.5,0
10,10,player,0,1583.0,612.4,1681.7,790.4,1632.4,790.4,0
10,12,player,1,873.7,562.5,951.4,723.5,912.6,723.5,0
10,13,player,1,1056.4,475.7,1139.6,626.5,1098.0,626.5,0
10,14,player,0,186.0,460.5,241.7,605.8,213.8,605.8,0
10,15,player,1,1664.7,577.4,1740.3,746.3,1702.5,746.3,0
10,16,player,1,1797.7,645.5,1877.6,811.5,1837.6,811.5,0
10,17,player,1,87.5,708.4,204.4,893.7,146.0,893.7,0
10,18,player,0,150.3,773.7,268.2,986.0,209.2,986.0,0
10,19,player,0,364.9,341.4,428.8,476.3,396.8,476.3,0
11,-1,ball,-1,2017.4,1343.6,2029.4,1355.6,2023.4,1349.6,0
11,1,player,0,1919.1,1155.6,2080.8,1396.6,2000.0,1396.6,1
11,2,player,1,1705.8,738.1,1777.6,935.9,1741.7,935.9,0
11,3,player,0,1411.2,725.8,1486.4,900.3,1448.8,900.3,0
11,4,player,1,771.7,834.2,897.8,1053.5,834.8,1053.5,0
11,5,player,1,1712.8,961.3,1870.8,1195.0,1791.8,1195.0,0
11,6,player,1,2552.4,481.6,2638.6,637.9,2595.5,637.9,0
11,7,player,1,2742.3,996.7,2878.8,1220.8,2810.6,1220.8,0
11,8,player,1,0.0,557.5,83.1,714.5,41.6,714.5,0
11,10,player,0,1583.0,612.4,1681.8,790.4,1632.4,790.4,0
11,12,player,1,873.7,562.4,951.5,723.6,912.6,723.6,0
11,13,player,1,1056.4,475.5,1139.6,626.5,1098.0,626.5,0
11,14,player,0,186.0,460.5,241.8,605.8,213.9,605.8,0
11,15,player,1,1664.6,577.4,1740.4,746.3,1702.5,746.3,0
11,16,player,1,1797.7,645.4,1877.5,811.5,1837.6,811.5,0
11,17,player,1,87.4,708.4,204.2,893.7,145.8,893.7,0
11,18,player,0,150.4,773.7,268.3,986.0,209.4,986.0,0
11,19,player,0,364.9,341.4,428.8,476.3,396.8,476.3,0
12,-1,ball,-1,2005.6,1344.9,2017.6,1356.9,2011.6,1350.9,0
12,1,player,0,1918.7,1151.2,2072.6,1390.2,1995.6,1390.2,1
12,2,player,1,1694.2,746.9,1764.6,935.5,1729.4,935.5,0
12,3,player,0,1404.4,724.3,1478.1,900.7,1441.2,900.7,0
12,4,player,1,763.4,839.2,880.4,1056.9,821.9,1056.9,0
12,5,player,1,1714.7,968.0,1862.5,1197.8,1788.6,1197.8,0
12,6,player,1,2531.7,480.7,2616.6,637.5,2574.1,637.5,0
12,7,player,1,2751.8,993.7,2859.7,1220.9,2805.8,1220.9,0
12,8,player,1,2.1,557.8,66.9,714.7,34.5,714.7,0
12,10,player,0,1566.7,611.1,1660.7,792.7,1613.7,792.7,0
12,12,player,1,866.4,561.9,937.0,722.3,901.7,722.3,0
12,13,player,1,1037.7,478.1,1128.3,628.8,1083.0,628.8,0
12,14,player,0,162.1,462.9,235.7,607.7,198.9,607.7,0
12,15,player,1,1647.6,577.0,1723.6,751.8,1685.6,751.8,0
12,16,player,1,1776.8,648.9,1868.3,812.0,1822.6,812.0,0
12,17,player,1,73.2,708.7,187.1,894.1,130.2,894.1,0
12,18,player,0,135.4,775.7,253.1,987.5,194.2,987.5,0
12,19,player,0,345.5,342.0,409.6,479.3,377.6,479.3,0
13,-1,ball,-1,2004.7,1342.6,2016.7,1354.6,2010.7,1348.6,0
13,1,player,0,1918.7,1151.3,2072.6,1390.2,1995.6,1390.2,1
13,2,player,1,1694.2,746.9,1764.6,935.5,1729.4,935.5,0
13,3,player,0,1404.4,724.3,1478.1,900.7,1441.2,900.7,0
13,4,player,1,763.4,839.2,880.3,1056.9,821.8,1056.9,0
13,5,player,1,1714.7,968.0,1862.5,1197.8,1788.6,1197.8,0
13,6,player,1,2531.5,480.7,2616.6,637.5,2574.0,637.5,0
13,7,player,1,2751.8,993.6,2859.7,1220.9,2805.8,1220.9,0
13,8,player,1,2.1,557.5,66.9,714.7,34.5,714.7,0
13,10,player,0,1566.7,611.1,1660.6,792.8,1613.6,792.8,0
13,12,player,1,866.3,561.9,937.0,722.2,901.6,722.2,0
13,13,player,1,1037.7,478.1,1128.3,628.8,1083.0,628.8,0
13,14,player,0,162.4,462.9,235.7,607.8,199.0,607.8,0
13,15,player,1,1647.6,577.0,1723.6,751.7,1685.6,751.7,0
13,16,player,1,1776.7,648.9,1868.4,812.0,1822.6,812.0,0
13,17,player,1,73.2,708.7,187.0,894.1,130.1,894.1,0
13,18,player,0,135.4,775.6,252.8,987.5,194.1,987.5,0
13,19,player,0,345.4,341.9,409.9,479.4,377.6,479.4,0
14,-1,ball,-1,2005.6,1345.0,2017.6,1357.0,2011.6,1351.0,0
14,1,player,0,1918.7,1151.3,2072.6,1390.2,1995.6,1390.2,1
14,2,player,1,1694.2,746.9,1764.6,935.5,1729.4,935.5,0
14,3,player,0,1404.4,724.3,1478.1,900.7,1441.2,900.7,0
14,4,player,1,763.4,839.2,880.3,1056.9,821.8,1056.9,0
14,5,player,1,1714.7,968.1,1862.5,1197.8,1788.6,1197.8,0
14,6,player,1,2531.5,480.7,2616.6,637.5,2574.0,637.5,0
14,7,player,1,2751.8,993.5,2859.7,1220.9,2805.8,1220.9,0
14,8,player,1,2.1,557.7,66.9,714.7,34.5,714.7,0
14,10,player,0,1566.7,611.1,1660.6,792.8,1613.6,792.8,0
14,12,player,1,866.3,561.9,937.0,722.3,901.6,722.3,0
14,13,player,1,1037.7,478.1,1128.3,628.8,1083.0,628.8,0
14,14,player,0,162.1,462.9,235.5,607.8,198.8,607.8,0
14,15,player,1,1647.6,577.0,1723.7,751.7,1685.6,751.7,0
14,16,player,1,1776.8,648.9,1868.4,812.1,1822.6,812.1,0
14,17,player,1,73.2,708.7,187.2,894.1,130.2,894.1,0
14,18,player,0,135.4,775.6,252.9,987.5,194.2,987.5,0
14,19,player,0,345.4,342.0,409.8,479.4,377.6,479.4,0
15,-1,ball,-1,2000.8,1341.6,2012.8,1353.6,2006.8,1347.6,0
15,1,player,0,1916.0,1144.6,2065.6,1377.2,1990.8,1377.2,1
15,2,player,1,1682.0,751.5,1753.0,937.2,1717.5,937.2,0
15,3,player,0,1387.3,722.7,1464.9,902.9,1426.1,902.9,0
15,4,player,1,760.6,845.0,871.4,1059.6,816.0,1059.6,0
15,5,player,1,1723.7,973.0,1840.1,1199.2,1781.9,1199.2,0
15,6,player,1,2510.2,479.0,2597.1,639.0,2553.6,639.0,0
15,7,player,1,2765.3,992.0,2852.1,1217.8,2808.7,1217.8,0
15,8,player,1,0.2,558.4,47.0,717.4,23.6,717.4,0
15,10,player,0,1553.6,614.8,1641.3,794.3,1597.4,794.3,0
15,12,player,1,851.2,562.3,921.8,725.4,886.5,725.4,0
15,13,player,1,1020.2,482.1,1108.4,629.3,1064.3,629.3,0
15,14,player,0,138.7,464.9,225.3,609.2,182.0,609.2,0
15,15,player,1,1632.9,577.0,1707.5,752.7,1670.2,752.7,0
15,16,player,1,1755.6,651.3,1854.2,813.1,1804.9,813.1,0
15,17,player,1,62.2,709.5,172.0,897.2,117.1,897.2,0
15,18,player,0,121.1,778.9,245.4,991.0,183.2,991.0,0
15,19,player,0,324.9,345.1,377.1,478.7,351.0,478.7,0
16,-1,ball,-1,2000.8,1341.6,2012.8,1353.6,2006.8,1347.6,0
16,1,player,0,1916.0,1144.6,2065.6,1377.2,1990.8,1377.2,1
16,2,player,1,1682.0,751.8,1752.9,937.2,1717.4,937.2,0
16,3,player,0,1387.4,722.7,1465.2,902.9,1426.3,902.9,0
16,4,player,1,760.7,845.0,871.4,1059.5,816.0,1059.5,0
16,5,player,1,1723.7,973.0,1840.0,1199.1,1781.8,1199.1,0
16,6,player,1,2510.2,479.0,2597.1,639.0,2553.6,639.0,0
16,7,player,1,2765.3,992.0,2852.1,1217.8,2808.7,1217.8,0
16,8,player,1,0.2,558.4,47.0,717.4,23.6,717.4,0
16,10,player,0,1553.5,614.7,1641.3,794.3,1597.4,794.3,0
16,12,player,1,851.2,562.4,921.8,725.4,886.5,725.4,0
16,13,player,1,1020.2,482.0,1108.4,629.3,1064.3,629.3,0
16,14,player,0,138.7,464.8,225.4,609.3,182.0,609.3,0
16,15,player,1,1633.0,577.0,1707.5,752.6,1670.2,752.6,0
16,16,player,1,1755.4,651.3,1854.2,813.2,1804.8,813.2,0
16,17,player,1,62.2,709.5,172.0,897.2,117.1,897.2,0
16,18,player,0,121.2,778.9,245.4,991.0,183.3,991.0,0
16,19,player,0,324.9,345.1,377.1,478.7,351.0,478.7,0
17,-1,ball,-1,1993.4,1340.0,2005.4,1352.0,1999.4,1346.0,0
17,1,player,0,1911.5,1143.1,2055.4,1372.7,1983.4,1372.7,1
17,2,player,1,1667.9,755.7,1739.2,939.6,1703.6,939.6,0
17,3,player,0,1367.1,724.1,1452.8,905.9,1409.9,905.9,0
17,4,player,1,763.0,846.4,864.6,1060.6,813.8,1060.6,0
17,5,player,1,1737.8,975.4,1829.5,1200.5,1783.6,1200.5,0
17,6,player,1,2488.6,479.4,2576.0,639.6,2532.3,639.6,0
17,7,player,1,2763.9,989.6,2843.5,1211.6,2803.7,1211.6,0
17,10,player,0,1542.4,611.4,1620.2,793.3,1581.3,793.3,0
17,12,player,1,834.7,563.1,903.8,726.0,869.2,726.0,0
17,13,player,1,1006.7,486.5,1091.1,630.8,1048.9,630.8,0
17,14,player,0,114.2,467.0,209.4,609.8,161.8,609.8,0
17,15,player,1,1619.5,577.1,1688.4,754.0,1654.0,754.0,0
17,16,player,1,1739.8,651.3,1836.6,814.2,1788.2,814.2,0
17,17,player,1,53.8,708.9,150.6,896.9,102.2,896.9,0
17,18,player,0,106.6,782.0,226.9,994.5,166.8,994.5,0
17,19,player,0,304.0,346.0,355.1,479.0,329.6,479.0,0
18,-1,ball,-1,1993.4,1340.0,2005.4,1352.0,1999.4,1346.0,0
18,1,player,0,1911.5,1143.1,2055.4,1372.6,1983.4,1372.6,1
18,2,player,1,1667.9,755.6,1739.3,939.6,1703.6,939.6,0
18,3,player,0,1367.0,724.0,1452.6,905.9,1409.8,905.9,0
18,4,player,1,763.0,846.5,864.5,1060.6,813.8,1060.6,0
18,5,player,1,1737.9,975.4,1829.5,1200.4,1783.7,1200.4,0
18,6,player,1,2488.7,479.4,2576.0,639.6,2532.4,639.6,0
18,7,player,1,2763.9,989.6,2843.4,1211.6,2803.6,1211.6,0
18,10,player,0,1542.3,611.4,1620.2,793.2,1581.2,793.2,0
18,12,player,1,834.7,563.1,903.8,726.0,869.2,726.0,0
18,13,player,1,1006.7,486.3,1091.1,630.8,1048.9,630.8,0
18,14,player,0,114.2,467.0,209.4,609.8,161.8,609.8,0
18,15,player,1,1619.5,577.2,1688.4,754.0,1654.0,754.0,0
18,16,player,1,1739.5,651.4,1836.7,814.2,1788.1,814.2,0
18,17,player,1,53.8,708.8,150.4,896.8,102.1,896.8,0
18,18,player,0,106.6,782.1,227.1,994.5,166.8,994.5,0
18,19,player,0,304.0,346.0,355.1,479.0,329.6,479.0,0
18,20,player,1,0.0,555.0,30.9,683.6,15.4,683.6,0
19,-1,ball,-1,1989.2,1331.5,2001.2,1343.5,1995.2,1337.5,0
19,1,player,0,1908.6,1141.0,2039.9,1372.4,1974.2,1372.4,1
19,2,player,1,1655.2,758.1,1726.3,940.9,1690.8,940.9,0
19,3,player,0,1351.2,722.9,1439.0,904.8,1395.1,904.8,0
19,4,player,1,770.7,846.5,856.4,1060.4,813.6,1060.4,0
19,5,player,1,1753.1,974.6,1830.0,1202.8,1791.6,1202.8,0
19,6,player,1,2468.5,480.3,2553.2,639.2,2510.8,639.2,0
19,7,player,1,2753.2,987.2,2833.7,1210.7,2793.4,1210.7,0
19,10,player,0,1531.3,610.2,1595.9,794.3,1563.6,794.3,0
19,12,player,1,809.9,563.5,884.3,728.3,847.1,728.3,0
19,13,player,1,998.1,487.7,1074.5,632.7,1036.3,632.7,0
19,14,player,0,93.6,468.7,188.0,611.1,140.8,611.1,0
19,15,player,1,1610.2,577.1,1665.0,752.8,1637.6,752.8,0
19,16,player,1,1724.3,650.7,1817.7,811.2,1771.0,811.2,0
19,17,player,1,47.1,708.7,126.8,899.5,87.0,899.5,0
19,18,player,0,104.4,788.1,209.3,995.8,156.9,995.8,0
19,19,player,0,281.6,346.9,332.7,479.3,307.2,479.3,0
20,-1,ball,-1,1989.2,1331.5,2001.2,1343.5,1995.2,1337.5,0
20,1,player,0,1908.7,1140.8,2040.0,1372.4,1974.4,1372.4,1
20,2,player,1,1655.4,758.2,1726.2,940.9,1690.8,940.9,0
20,3,player,0,1351.2,722.9,1439.0,904.8,1395.1,904.8,0
20,4,player,1,770.7,846.5,856.4,1060.4,813.6,1060.4,0
20,5,player,1,1753.1,974.4,1830.7,1202.8,1791.9,1202.8,0
20,6,player,1,2468.5,480.3,2553.2,639.2,2510.8,639.2,0
20,7,player,1,2753.3,987.4,2833.7,1210.7,2793.5,1210.7,0
20,10,player,0,1531.3,610.2,1595.8,794.2,1563.6,794.2,0
20,12,player,1,809.9,563.5,884.3,728.3,847.1,728.3,0
20,13,player,1,998.0,487.7,1074.5,632.7,1036.2,632.7,0
20,14,player,0,93.8,468.7,188.0,611.1,140.9,611.1,0
20,15,player,1,1610.2,577.1,1665.0,752.8,1637.6,752.8,0
20,16,player,1,1724.3,650.7,1817.6,811.2,1771.0,811.2,0
20,17,player,1,47.1,708.7,126.8,899.5,87.0,899.5,0
20,18,player,0,104.5,787.9,209.3,995.8,156.9,995.8,0
20,19,player,0,281.6,346.7,332.7,479.2,307.2,479.2,0
20,21,player,1,0.2,569.1,16.1,628.5,8.2,628.5,0
21,-1,ball,-1,1989.2,1331.3,2001.2,1343.3,1995.2,1337.3,0
21,1,player,0,1908.6,1141.0,2039.5,1372.4,1974.0,1372.4,1
21,2,player,1,1655.4,758.1,1726.1,940.9,1690.8,940.9,0
21,3,player,0,1351.2,723.0,1438.9,904.8,1395.1,904.8,0
21,4,player,1,770.6,846.5,856.4,1060.4,813.5,1060.4,0
21,5,player,1,1753.1,974.3,1830.7,1202.8,1791.9,1202.8,0
21,6,player,1,2468.5,480.3,2553.2,639.1,2510.8,639.1,0
21,7,player,1,2753.3,987.3,2833.7,1210.7,2793.5,1210.7,0
21,10,player,0,1531.2,610.2,1595.5,794.2,1563.4,794.2,0
21,12,player,1,809.9,563.6,884.3,728.3,847.1,728.3,0
21,13,player,1,998.1,487.7,1074.5,632.7,1036.3,632.7,0
21,14,player,0,93.7,468.7,187.9,611.1,140.8,611.1,0
21,15,player,1,1610.2,577.1,1665.0,752.8,1637.6,752.8,0
21,16,player,1,1724.3,650.7,1817.6,811.2,1771.0,811.2,0
21,17,player,1,47.1,708.7,126.8,899.5,87.0,899.5,0
21,18,player,0,104.4,787.9,209.3,995.8,156.9,995.8,0
21,19,player,0,281.6,346.8,332.7,479.3,307.2,479.3,0
21,21,player,1,0.2,569.1,16.1,628.5,8.2,628.5,0
22,-1,ball,-1,1976.8,1329.0,1988.8,1341.0,1982.8,1335.0,0
22,1,player,0,1909.2,1141.7,2012.3,1372.4,1960.8,1372.4,1
22,2,player,1,1640.6,761.4,1713.5,941.7,1677.0,941.7,0
22,3,player,0,1334.7,725.9,1428.1,907.1,1381.4,907.1,0
22,4,player,1,748.9,843.6,844.7,1060.0,796.8,1060.0,0
22,5,player,1,1736.7,973.8,1830.6,1204.1,1783.6,1204.1,0
22,6,player,1,2451.3,479.4,2530.0,638.4,2490.6,638.4,0
22,7,player,1,2741.1,987.7,2822.3,1215.2,2781.7,1215.2,0
22,10,player,0,1519.9,610.1,1572.7,795.1,1546.3,795.1,0
22,12,player,1,788.1,566.2,866.4,730.8,827.2,730.8,0
22,13,player,1,989.0,486.3,1057.1,632.3,1023.0,632.3,0
22,14,player,0,71.9,469.3,163.5,612.8,117.7,612.8,0
22,15,player,1,1600.1,576.9,1646.1,754.3,1623.1,754.3,0
22,16,player,1,1706.8,649.6,1793.4,810.1,1750.1,810.1,0
22,17,player,1,38.2,707.9,98.2,900.1,68.2,900.1,0
22,18,player,0,103.2,790.0,193.2,997.6,148.2,997.6,0
22,19,player,0,258.8,349.6,309.8,479.3,284.3,479.3,0
23,-1,ball,-1,1976.8,1329.0,1988.8,1341.0,1982.8,1335.0,0
23,1,player,0,1909.1,1141.7,2012.6,1372.5,1960.8,1372.5,1
23,2,player,1,1640.6,761.4,1713.5,941.7,1677.0,941.7,0
23,3,player,0,1335.1,725.2,1427.8,907.3,1381.4,907.3,0
23,4,player,1,748.7,843.6,844.9,1060.0,796.8,1060.0,0
23,5,player,1,1736.7,973.9,1830.7,1204.1,1783.7,1204.1,0
23,6,player,1,2451.4,479.4,2530.0,638.4,2490.7,638.4,0
23,7,player,1,2741.0,987.4,2822.3,1215.3,2781.6,1215.3,0
23,10,player,0,1520.0,610.2,1572.6,795.1,1546.3,795.1,0
23,12,player,1,788.0,566.2,866.4,730.8,827.2,730.8,0
23,13,player,1,988.8,486.2,1057.2,632.4,1023.0,632.4,0
23,14,player,0,71.9,469.4,163.5,612.8,117.7,612.8,0
23,15,player,1,1600.1,576.9,1646.1,754.3,1623.1,754.3,0
23,16,player,1,1706.8,649.6,1793.3,810.0,1750.0,810.0,0
23,17,player,1,38.1,707.9,98.2,900.2,68.2,900.2,0
23,18,player,0,103.2,790.0,193.2,997.6,148.2,997.6,0
23,19,player,0,258.7,349.6,309.7,479.2,284.2,479.2,0
24,-1,ball,-1,1968.4,1326.6,1980.4,1338.6,1974.4,1332.6,0
24,1,player,0,1905.7,1141.3,2015.6,1372.1,1960.6,1372.1,1
24,2,player,1,1625.0,763.1,1709.1,940.9,1667.0,940.9,0
24,3,player,0,1322.3,729.5,1407.6,907.2,1364.9,907.2,0
24,4,player,1,730.7,839.9,831.8,1062.5,781.2,1062.5,0
24,5,player,1,1722.5,974.2,1830.3,1209.2,1776.4,1209.2,0
24,6,player,1,2432.7,480.6,2506.6,637.3,2469.6,637.3,0
24,7,player,1,2725.7,987.6,2824.9,1214.7,2775.3,1214.7,0
24,10,player,0,1510.3,610.9,1583.4,794.0,1546.8,794.0,0
24,12,player,1,769.1,569.7,847.8,732.9,808.4,732.9,0
24,13,player,1,982.1,482.9,1039.6,632.2,1010.8,632.2,0
24,14,player,0,55.9,469.5,139.1,614.8,97.5,614.8,0
24,15,player,1,1583.5,576.2,1627.3,753.3,1605.4,753.3,0
24,16,player,1,1692.2,647.7,1770.5,811.2,1731.4,811.2,0
24,17,player,1,19.6,708.6,72.5,901.3,46.0,901.3,0
24,18,player,0,105.0,791.6,186.0,999.0,145.5,999.0,0
24,19,player,0,236.6,350.7,286.7,479.5,261.6,479.5,0
25,-1,ball,-1,1968.4,1326.6,1980.4,1338.6,1974.4,1332.6,0
25,1,player,0,1905.7,1141.3,2015.3,1372.1,1960.5,1372.1,1
25,2,player,1,1625.0,763.0,1709.1,940.9,1667.0,940.9,0
25,3,player,0,1322.3,729.5,1407.7,907.1,1365.0,907.1,0
25,4,player,1,730.8,839.9,831.8,1062.5,781.3,1062.5,0
25,5,player,1,1722.5,974.2,1830.4,1209.2,1776.4,1209.2,0
25,6,player,1,2432.7,480.5,2506.6,637.3,2469.6,637.3,0
25,7,player,1,2725.7,987.6,2824.8,1214.7,2775.2,1214.7,0
25,10,player,0,1510.3,611.1,1561.0,794.6,1535.6,794.6,0
25,12,player,1,769.1,569.7,847.7,732.9,808.4,732.9,0
25,13,player,1,982.1,482.9,1039.7,632.3,1010.9,632.3,0
25,14,player,0,55.8,469.5,139.1,614.8,97.4,614.8,0
25,15,player,1,1583.6,576.2,1627.3,753.2,1605.4,753.2,0
25,16,player,1,1692.3,647.6,1770.5,811.1,1731.4,811.1,0
25,17,player,1,19.8,708.6,72.5,901.3,46.2,901.3,0
25,18,player,0,105.0,791.6,186.1,999.0,145.6,999.0,0
25,19,player,0,236.7,350.9,286.6,479.3,261.6,479.3,0
25,22,player,1,1510.3,610.8,1583.5,794.0,1546.9,794.0,0
26,-1,ball,-1,1729.0,797.6,1741.0,809.6,1735.0,803.6,0
26,1,player,0,1896.1,1137.3,2002.8,1372.6,1949.4,1372.6,0
26,2,player,1,1602.3,762.5,1706.0,941.8,1654.2,941.8,0
26,3,player,0,1315.8,733.3,1390.8,907.4,1353.3,907.4,0
26,4,player,1,713.3,838.4,822.0,1062.9,767.6,1062.9,0
26,5,player,1,1713.3,975.7,1847.6,1202.4,1780.4,1202.4,0
26,6,player,1,2414.5,481.1,2483.7,636.8,2449.1,636.8,0
26,7,player,1,2712.0,989.9,2830.6,1211.5,2771.3,1211.5,0
26,10,player,0,1490.1,611.6,1550.3,795.2,1520.2,795.2,0
26,12,player,1,751.5,573.0,824.2,732.9,787.8,732.9,0
26,13,player,1,968.8,482.6,1022.4,631.5,995.6,631.5,0
26,14,player,0,40.0,468.3,114.2,616.0,77.1,616.0,0
26,15,player,1,1560.2,576.1,1614.1,753.2,1587.2,753.2,0
26,16,player,1,1682.2,644.8,1746.9,809.6,1714.6,809.6,1
26,17,player,1,0.2,711.4,62.5,902.0,31.4,902.0,0
26,18,player,0,84.8,790.2,180.4,1000.7,132.6,1000.7,0
26,19,player,0,212.1,351.9,267.4,482.0,239.8,482.0,0
27,-1,ball,-1,1729.0,797.6,1741.0,809.6,1735.0,803.6,0
27,1,player,0,1896.1,1137.3,2002.8,1372.6,1949.4,1372.6,0
27,2,player,1,1602.3,762.5,1706.0,941.9,1654.2,941.9,0
27,3,player,0,1315.8,733.3,1390.8,907.4,1353.3,907.4,0
27,4,player,1,713.3,838.3,822.1,1062.9,767.7,1062.9,0
27,5,player,1,1713.3,975.7,1847.5,1202.4,1780.4,1202.4,0
27,6,player,1,2414.5,481.1,2483.7,636.8,2449.1,636.8,0
27,7,player,1,2711.9,989.9,2830.6,1211.5,2771.2,1211.5,0
27,10,player,0,1490.1,611.6,1550.6,795.3,1520.4,795.3,0
27,12,player,1,751.5,573.1,824.2,732.9,787.8,732.9,0
27,13,player,1,968.8,482.5,1022.4,631.5,995.6,631.5,0
27,14,player,0,40.0,468.2,114.2,616.0,77.1,616.0,0
27,15,player,1,1560.2,576.1,1614.1,753.2,1587.2,753.2,0
27,16,player,1,1682.3,644.9,1746.9,809.5,1714.6,809.5,1
27,17,player,1,0.2,711.3,62.6,902.0,31.4,902.0,0
27,18,player,0,84.9,790.2,180.4,1000.7,132.6,1000.7,0
27,19,player,0,212.1,352.0,267.4,482.0,239.8,482.0,0
28,-1,ball,-1,1729.0,797.6,1741.0,809.6,1735.0,803.6,0
28,1,player,0,1896.1,1137.4,2002.8,1372.6,1949.4,1372.6,0
28,2,player,1,1602.3,762.5,1705.9,941.9,1654.1,941.9,0
28,3,player,0,1315.9,733.3,1390.8,907.4,1353.4,907.4,0
28,4,player,1,713.3,838.3,822.1,1062.9,767.7,1062.9,0
28,5,player,1,1713.3,975.7,1847.4,1202.5,1780.4,1202.5,0
28,6,player,1,2414.5,481.1,2483.7,636.8,2449.1,636.8,0
28,7,player,1,2711.9,989.9,2830.7,1211.5,2771.3,1211.5,0
28,10,player,0,1490.1,611.6,1550.5,795.2,1520.3,795.2,0
28,12,player,1,751.5,573.1,824.2,732.9,787.8,732.9,0
28,13,player,1,968.8,482.5,1022.3,631.5,995.6,631.5,0
28,14,player,0,40.0,468.3,114.2,616.0,77.1,616.0,0
28,15,player,1,1560.2,576.1,1614.1,753.2,1587.2,753.2,0
28,16,player,1,1682.2,644.8,1746.9,809.6,1714.6,809.6,1
28,17,player,1,0.2,711.4,62.6,902.0,31.4,902.0,0
28,18,player,0,84.9,790.2,180.4,1000.7,132.6,1000.7,0
28,19,player,0,212.1,352.0,267.4,482.0,239.8,482.0,0
29,-1,ball,-1,751.3,720.4,763.3,732.4,757.3,726.4,0
29,1,player,0,1866.1,1133.2,1988.7,1370.9,1927.4,1370.9,0
29,2,player,1,1579.5,762.7,1699.3,940.9,1639.4,940.9,0
29,3,player,0,1312.8,733.5,1377.1,908.3,1344.9,908.3,0
29,4,player,1,697.2,839.5,824.1,1060.0,760.7,1060.0,0
29,5,player,1,1708.1,980.3,1847.1,1203.9,1777.6,1203.9,0
29,6,player,1,2393.3,481.5,2460.2,637.0,2426.8,637.0,0
29,7,player,1,2698.7,990.9,2833.5,1209.4,2766.1,1209.4,0
29,10,player,0,1467.9,613.0,1547.9,795.9,1507.9,795.9,0
29,12,player,1,732.4,575.1,806.1,733.3,769.2,733.3,1
29,13,player,1,948.5,480.4,1006.0,631.0,977.2,631.0,0
29,14,player,0,26.0,467.0,86.8,617.5,56.4,617.5,0
29,15,player,1,1536.2,578.3,1607.5,754.8,1571.8,754.8,0
29,16,player,1,1674.8,643.6,1724.1,807.7,1699.4,807.7,0
29,17,player,1,0.2,716.3,58.1,905.2,29.2,905.2,0
29,18,player,0,61.4,789.2,170.5,1002.3,116.0,1002.3,0
29,19,player,0,188.5,354.4,248.7,484.1,218.6,484.1,0
30,-1,ball,-1,751.3,720.4,763.3,732.4,757.3,726.4,0
30,1,player,0,1866.1,1132.9,1988.7,1370.9,1927.4,1370.9,0
30,2,player,1,1579.6,762.8,1699.3,940.8,1639.4,940.8,0
30,3,player,0,1312.8,733.5,1377.1,908.3,1344.9,908.3,0
30,4,player,1,697.2,839.5,824.1,1060.0,760.7,1060.0,0
30,5,player,1,1708.1,980.3,1847.1,1203.9,1777.6,1203.9,0
30,6,player,1,2393.3,481.5,2460.2,637.0,2426.8,637.0,0
30,7,player,1,2698.7,990.9,2833.4,1209.4,2766.0,1209.4,0
30,10,player,0,1468.0,613.0,1548.0,795.9,1508.0,795.9,0
30,12,player,1,732.4,575.1,806.1,733.3,769.2,733.3,1
30,13,player,1,948.5,480.2,1006.0,631.0,977.2,631.0,0
30,14,player,0,26.0,467.0,86.9,617.5,56.4,617.5,0
30,15,player,1,1536.2,578.3,1607.5,754.7,1571.8,754.7,0
30,16,player,1,1674.8,643.5,1724.1,807.8,1699.4,807.8,0
30,17,player,1,0.2,716.3,58.1,905.2,29.2,905.2,0
30,18,player,0,61.5,789.2,170.5,1002.3,116.0,1002.3,0
30,19,player,0,188.5,354.4,248.7,484.1,218.6,484.1,0
31,-1,ball,-1,726.6,721.2,738.6,733.2,732.6,727.2,0
31,1,player,0,1862.7,1130.9,1975.6,1364.5,1919.2,1364.5,0
31,2,player,1,1560.8,761.8,1682.5,941.1,1621.6,941.1,0
31,3,player,0,1307.4,732.9,1363.9,909.2,1335.6,909.2,0
31,4,player,1,686.0,841.8,815.1,1060.5,750.6,1060.5,0
31,5,player,1,1710.9,985.2,1837.2,1215.5,1774.0,1215.5,0
31,6,player,1,2372.8,482.1,2437.1,637.1,2405.0,637.1,0
31,7,player,1,2679.1,991.4,2823.1,1208.2,2751.1,1208.2,0
31,10,player,0,1444.5,611.4,1521.3,794.8,1482.9,794.8,0
31,12,player,1,715.8,575.4,791.4,735.1,753.6,735.1,1
31,13,player,1,928.9,479.8,988.1,632.3,958.5,632.3,0
31,14,player,0,14.7,466.5,57.9,615.7,36.3,615.7,0
31,15,player,1,1512.2,579.9,1598.7,755.9,1555.4,755.9,0
31,16,player,1,1645.9,643.9,1705.8,805.1,1675.8,805.1,0
31,17,player,1,0.2,770.4,53.2,903.2,26.7,903.2,0
31,18,player,0,39.2,787.8,155.8,1003.4,97.5,1003.4,0
31,19,player,0,162.3,354.6,223.6,486.5,193.0,486.5,0
32,-1,ball,-1,726.6,721.2,738.6,733.2,732.6,727.2,0
32,1,player,0,1862.6,1130.9,1975.7,1364.5,1919.2,1364.5,0
32,2,player,1,1560.8,761.8,1682.4,941.0,1621.6,941.0,0
32,3,player,0,1307.0,732.9,1363.9,909.6,1335.4,909.6,0
32,4,player,1,686.0,841.9,815.1,1060.5,750.6,1060.5,0
32,5,player,1,1710.9,985.2,1837.2,1215.4,1774.0,1215.4,0
32,6,player,1,2372.8,481.9,2437.1,637.1,2405.0,637.1,0
32,7,player,1,2679.1,991.4,2823.1,1208.2,2751.1,1208.2,0
32,10,player,0,1444.5,611.4,1521.4,794.8,1483.0,794.8,0
32,12,player,1,715.8,575.4,791.4,735.0,753.6,735.0,1
32,13,player,1,928.9,479.8,988.1,632.2,958.5,632.2,0
32,14,player,0,14.7,466.5,57.9,615.8,36.3,615.8,0
32,15,player,1,1512.2,579.9,1598.7,755.9,1555.4,755.9,0
32,16,player,1,1645.9,643.9,1705.8,805.0,1675.8,805.0,0
32,17,player,1,0.2,770.5,53.1,903.2,26.6,903.2,0
32,18,player,0,39.2,787.8,155.9,1003.4,97.6,1003.4,0
32,19,player,0,162.3,354.5,223.6,486.5,193.0,486.5,0
33,-1,ball,-1,726.6,721.2,738.6,733.2,732.6,727.2,0
33,1,player,0,1862.6,1130.9,1975.5,1364.5,1919.0,1364.5,0
33,2,player,1,1560.9,761.8,1682.4,940.9,1621.6,940.9,0
33,3,player,0,1307.0,732.9,1363.9,909.4,1335.4,909.4,0
33,4,player,1,686.0,841.9,815.1,1060.5,750.6,1060.5,0
33,5,player,1,1711.0,985.2,1837.2,1215.4,1774.1,1215.4,0
33,6,player,1,2372.8,482.1,2437.1,637.0,2405.0,637.0,0
33,7,player,1,2679.1,991.4,2823.1,1208.1,2751.1,1208.1,0
33,10,player,0,1444.5,611.4,1521.4,794.8,1483.0,794.8,0
33,12,player,1,715.9,575.4,791.5,735.1,753.7,735.1,1
33,13,player,1,929.0,479.8,988.1,632.3,958.6,632.3,0
33,14,player,0,14.7,466.5,57.9,615.8,36.3,615.8,0
33,15,player,1,1512.3,579.9,1598.7,755.9,1555.5,755.9,0
33,16,player,1,1645.7,643.9,1705.8,805.0,1675.8,805.0,0
33,17,player,1,0.2,770.4,53.1,903.2,26.6,903.2,0
33,18,player,0,39.2,787.8,155.8,1003.4,97.5,1003.4,0
33,19,player,0,162.3,354.6,223.6,486.5,193.0,486.5,0
34,-1,ball,-1,1661.0,796.5,1673.0,808.5,1667.0,802.5,0
34,1,player,0,1853.5,1130.0,1967.3,1363.9,1910.4,1363.9,0
34,2,player,1,1547.3,763.8,1660.2,940.3,1603.8,940.3,0
34,3,player,0,1282.9,729.8,1354.3,910.0,1318.6,910.0,0
34,4,player,1,675.5,849.0,797.0,1064.9,736.2,1064.9,0
34,5,player,1,1720.6,991.2,1822.1,1220.9,1771.4,1220.9,0
34,6,player,1,2350.3,482.3,2415.1,637.6,2382.7,637.6,0
34,7,player,1,2654.8,991.7,2810.0,1208.5,2732.4,1208.5,0
34,10,player,0,1422.6,614.3,1509.7,796.1,1466.2,796.1,0
34,12,player,1,697.3,574.8,777.7,736.7,737.5,736.7,0
34,13,player,1,911.5,480.6,970.2,635.0,940.8,635.0,0
34,14,player,0,0.2,468.8,37.8,618.8,19.0,618.8,0
34,15,player,1,1492.7,581.2,1582.3,756.1,1537.5,756.1,0
34,16,player,1,1617.5,643.6,1689.6,805.6,1653.6,805.6,1
34,17,player,1,0.1,784.7,39.6,903.2,19.8,903.2,0
34,18,player,0,23.6,788.3,145.6,1002.6,84.6,1002.6,0
34,19,player,0,138.0,356.2,197.8,490.5,167.9,490.5,0
35,-1,ball,-1,1661.0,796.5,1673.0,808.5,1667.0,802.5,0
35,1,player,0,1853.5,1130.0,1967.2,1364.0,1910.4,1364.0,0
35,2,player,1,1547.3,763.8,1660.2,940.2,1603.8,940.2,0
35,3,player,0,1283.2,729.9,1354.2,909.9,1318.7,909.9,0
35,4,player,1,675.6,848.9,797.0,1064.9,736.3,1064.9,0
35,5,player,1,1720.6,991.3,1822.1,1220.9,1771.4,1220.9,0
35,6,player,1,2350.3,482.4,2415.2,637.6,2382.8,637.6,0
35,7,player,1,2654.9,992.1,2810.0,1208.5,2732.4,1208.5,0
35,10,player,0,1422.6,614.4,1509.7,796.1,1466.2,796.1,0
35,12,player,1,697.3,574.8,777.7,736.7,737.5,736.7,0
35,13,player,1,911.5,480.6,970.2,634.9,940.8,634.9,0
35,14,player,0,0.2,468.5,37.7,618.9,19.0,618.9,0
35,15,player,1,1492.6,581.1,1582.3,756.2,1537.4,756.2,0
35,16,player,1,1617.4,643.6,1689.6,806.1,1653.5,806.1,1
35,17,player,1,0.1,784.2,39.6,903.2,19.8,903.2,0
35,18,player,0,23.7,788.4,145.6,1002.6,84.6,1002.6,0
35,19,player,0,138.0,356.3,197.8,490.5,167.9,490.5,0
36,-1,ball,-1,679.1,721.8,691.1,733.8,685.1,727.8,0
36,1,player,0,1849.6,1129.8,1960.8,1364.9,1905.2,1364.9,0
36,2,player,1,1538.4,763.3,1645.3,938.4,1591.8,938.4,0
36,3,player,0,1263.5,729.6,1342.5,909.9,1303.0,909.9,0
36,4,player,1,672.4,853.1,771.8,1066.1,722.1,1066.1,0
36,5,player,1,1731.1,994.6,1810.0,1220.8,1770.6,1220.8,0
36,6,player,1,2326.6,481.3,2392.6,637.6,2359.6,637.6,0
36,7,player,1,2636.1,992.6,2785.8,1205.1,2711.0,1205.1,0
36,10,player,0,1399.3,613.9,1496.7,796.9,1448.0,796.9,0
36,12,player,1,674.7,574.5,764.0,737.0,719.4,737.0,1
36,13,player,1,893.5,479.0,951.3,636.7,922.4,636.7,0
36,15,player,1,1471.4,581.9,1560.7,757.1,1516.1,757.1,0
36,16,player,1,1626.7,645.7,1674.3,796.9,1650.5,796.9,0
36,18,player,0,6.8,791.1,139.7,1004.0,73.2,1004.0,0
36,19,player,0,112.8,357.1,171.1,490.6,142.0,490.6,0
37,-1,ball,-1,679.1,721.8,691.1,733.8,685.1,727.8,0
37,1,player,0,1849.7,1129.8,1960.9,1365.0,1905.3,1365.0,0
37,2,player,1,1538.4,763.4,1645.1,938.4,1591.8,938.4,0
37,3,player,0,1263.5,729.5,1342.5,909.9,1303.0,909.9,0
37,4,player,1,672.5,853.3,771.8,1066.1,722.2,1066.1,0
37,5,player,1,1731.2,994.6,1810.0,1220.8,1770.6,1220.8,0
37,6,player,1,2326.6,481.3,2392.6,637.6,2359.6,637.6,0
37,7,player,1,2636.1,992.3,2785.9,1205.2,2711.0,1205.2,0
37,10,player,0,1399.3,613.9,1496.7,796.9,1448.0,796.9,0
37,12,player,1,674.7,574.5,764.1,737.0,719.4,737.0,1
37,13,player,1,893.5,479.0,951.3,636.8,922.4,636.8,0
37,15,player,1,1471.4,581.9,1560.7,757.1,1516.1,757.1,0
37,16,player,1,1626.8,645.8,1674.3,796.7,1650.6,796.7,0
37,18,player,0,6.8,791.1,139.7,1004.2,73.2,1004.2,0
37,19,player,0,112.8,357.0,171.0,490.6,141.9,490.6,0
38,-1,ball,-1,657.0,718.8,669.0,730.8,663.0,724.8,0
38,1,player,0,1848.9,1126.4,1945.5,1362.9,1897.2,1362.9,0
38,2,player,1,1536.3,761.8,1629.8,939.0,1583.0,939.0,0
38,3,player,0,1243.4,727.7,1337.2,909.9,1290.3,909.9,0
38,4,player,1,673.4,851.5,765.4,1067.2,719.4,1067.2,0
38,5,player,1,1731.7,993.4,1811.6,1220.9,1771.6,1220.9,0
38,6,player,1,2304.1,482.2,2369.4,636.9,2336.8,636.9,0
38,7,player,1,2628.3,990.7,2762.4,1201.9,2695.4,1201.9,0
38,10,player,0,1377.2,614.5,1477.4,796.7,1427.3,796.7,0
38,12,player,1,653.1,574.0,748.2,737.2,700.7,737.2,1
38,13,player,1,877.5,480.9,930.7,636.5,904.1,636.5,0
38,15,player,1,1451.9,583.0,1536.2,757.3,1494.1,757.3,0
38,16,player,1,1608.8,646.5,1658.7,808.1,1633.8,808.1,0
38,18,player,0,0.1,794.6,117.5,1003.5,58.8,1003.5,0
38,19,player,0,88.4,356.7,145.4,489.7,116.9,489.7,0
39,-1,ball,-1,656.9,718.8,668.9,730.8,662.9,724.8,0
39,1,player,0,1848.8,1126.4,1945.5,1362.9,1897.2,1362.9,0
39,2,player,1,1536.3,761.8,1629.8,939.0,1583.0,939.0,0
39,3,player,0,1243.4,727.7,1337.2,909.9,1290.3,909.9,0
39,4,player,1,673.4,851.5,765.4,1067.3,719.4,1067.3,0
39,5,player,1,1731.7,993.4,1811.7,1220.9,1771.7,1220.9,0
39,6,player,1,2304.1,482.3,2369.5,636.9,2336.8,636.9,0
39,7,player,1,2628.2,990.7,2762.4,1201.9,2695.3,1201.9,0
39,10,player,0,1377.9,614.2,1475.8,797.0,1426.8,797.0,0
39,12,player,1,653.1,574.1,748.1,737.1,700.6,737.1,1
39,13,player,1,877.5,480.9,930.6,636.5,904.0,636.5,0
39,15,player,1,1451.9,583.0,1536.3,757.4,1494.1,757.4,0
39,16,player,1,1608.8,646.5,1658.7,808.1,1633.8,808.1,0
39,18,player,0,0.1,794.4,117.5,1003.5,58.8,1003.5,0
39,19,player,0,88.4,356.8,145.4,489.7,116.9,489.7,0
40,-1,ball,-1,656.9,718.8,668.9,730.8,662.9,724.8,0
40,1,player,0,1848.8,1126.4,1945.5,1362.9,1897.2,1362.9,0
40,2,player,1,1536.3,761.8,1629.8,939.0,1583.0,939.0,0
40,3,player,0,1243.4,727.6,1337.2,909.9,1290.3,909.9,0
40,4,player,1,673.5,851.5,765.4,1067.3,719.4,1067.3,0
40,5,player,1,1731.7,993.4,1811.6,1220.9,1771.6,1220.9,0
40,6,player,1,2304.1,482.2,2369.4,636.9,2336.8,636.9,0
40,7,player,1,2628.2,990.7,2762.4,1201.9,2695.3,1201.9,0
40,10,player,0,1377.9,614.2,1475.8,797.0,1426.8,797.0,0
40,12,player,1,653.1,574.1,748.2,737.1,700.7,737.1,1
40,13,player,1,877.5,480.9,930.6,636.5,904.0,636.5,0
40,15,player,1,1451.9,583.0,1536.3,757.4,1494.1,757.4,0
40,16,player,1,1608.8,646.5,1658.7,808.0,1633.8,808.0,0
40,18,player,0,49.4,794.1,117.5,1003.6,83.4,1003.6,0
40,19,player,0,88.4,356.8,145.3,489.7,116.8,489.7,0
41,-1,ball,-1,1495.2,742.5,1507.2,754.5,1501.2,748.5,0
41,1,player,0,1841.0,1121.9,1939.1,1364.5,1890.0,1364.5,0
41,2,player,1,1537.0,758.6,1617.2,938.8,1577.1,938.8,0
41,3,player,0,1226.6,728.1,1331.3,908.7,1278.9,908.7,0
41,4,player,1,673.4,851.2,756.6,1068.1,715.0,1068.1,0
41,5,player,1,1714.8,992.9,1811.8,1221.7,1763.3,1221.7,0
41,6,player,1,2280.9,479.5,2346.6,637.6,2313.8,637.6,0
41,7,player,1,2630.1,987.6,2746.2,1202.5,2688.1,1202.5,0
41,10,player,0,1358.1,614.5,1454.2,794.5,1406.2,794.5,0
41,12,player,1,636.0,576.1,729.1,737.5,682.6,737.5,0
41,13,player,1,862.9,487.0,911.9,636.8,887.4,636.8,0
41,15,player,1,1435.6,582.0,1516.9,757.3,1476.2,757.3,1
41,16,player,1,1555.8,647.5,1644.7,806.0,1600.2,806.0,0
41,18,player,0,33.1,799.5,99.2,1005.1,66.2,1005.1,0
41,19,player,0,65.7,356.6,120.4,489.6,93.1,489.6,0
42,-1,ball,-1,1495.2,742.5,1507.2,754.5,1501.2,748.5,0
42,1,player,0,1841.0,1122.0,1939.1,1364.5,1890.0,1364.5,0
42,2,player,1,1537.0,758.6,1617.2,938.8,1577.1,938.8,0
42,3,player,0,1226.8,728.2,1331.3,908.4,1279.0,908.4,0
42,4,player,1,673.5,851.2,756.6,1068.0,715.0,1068.0,0
42,5,player,1,1714.7,993.0,1811.8,1221.7,1763.2,1221.7,0
42,6,player,1,2280.9,479.5,2346.6,637.5,2313.8,637.5,0
42,7,player,1,2630.1,987.6,2746.2,1202.5,2688.1,1202.5,0
42,10,player,0,1358.1,614.5,1454.2,794.5,1406.2,794.5,0
42,12,player,1,636.2,576.1,729.1,737.6,682.7,737.6,0
42,13,player,1,862.4,487.0,911.8,637.0,887.1,637.0,0
42,15,player,1,1435.6,582.0,1516.8,757.3,1476.2,757.3,1
42,16,player,1,1555.8,647.4,1644.7,806.1,1600.2,806.1,0
42,18,player,0,33.7,799.4,99.2,1005.1,66.4,1005.1,0
42,19,player,0,65.5,356.6,120.4,489.6,93.0,489.6,0
43,-1,ball,-1,1472.6,742.6,1484.6,754.6,1478.6,748.6,0
43,1,player,0,1829.4,1120.6,1929.7,1364.9,1879.6,1364.9,0
43,2,player,1,1537.4,757.1,1607.2,940.4,1572.3,940.4,0
43,3,player,0,1212.5,729.5,1319.5,910.4,1266.0,910.4,0
43,4,player,1,657.5,849.9,744.1,1069.7,700.8,1069.7,0
43,5,player,1,1703.1,990.9,1828.4,1221.8,1765.8,1221.8,0
43,6,player,1,2260.1,480.9,2323.5,636.9,2291.8,636.9,0
43,7,player,1,2628.0,983.8,2734.6,1202.5,2681.3,1202.5,0
43,10,player,0,1342.0,614.3,1431.0,794.7,1386.5,794.7,0
43,12,player,1,623.2,577.0,712.3,739.2,667.8,739.2,0
43,13,player,1,846.8,493.8,893.3,638.7,870.0,638.7,0
43,15,player,1,1420.0,582.1,1491.6,754.0,1455.8,754.0,1
43,16,player,1,1536.5,647.8,1633.0,805.4,1584.8,805.4,0
43,18,player,0,11.7,801.1,97.2,1009.7,54.4,1009.7,0
43,19,player,0,40.7,357.0,96.9,490.7,68.8,490.7,0
44,-1,ball,-1,1472.6,742.6,1484.6,754.6,1478.6,748.6,0
44,1,player,0,1829.4,1120.6,1929.7,1364.9,1879.6,1364.9,0
44,2,player,1,1537.4,757.1,1607.2,940.4,1572.3,940.4,0
44,3,player,0,1212.6,729.5,1319.5,910.5,1266.0,910.5,0
44,4,player,1,657.5,849.8,744.2,1069.7,700.8,1069.7,0
44,5,player,1,1703.1,990.9,1828.4,1221.8,1765.8,1221.8,0
44,6,player,1,2260.0,480.9,2323.5,636.9,2291.8,636.9,0
44,7,player,1,2628.0,983.8,2734.7,1202.5,2681.4,1202.5,0
44,10,player,0,1342.1,614.3,1431.1,794.7,1386.6,794.7,0
44,12,player,1,623.1,577.0,712.3,739.1,667.7,739.1,0
44,13,player,1,846.8,493.8,893.3,638.7,870.0,638.7,0
44,15,player,1,1420.0,582.1,1491.7,754.1,1455.8,754.1,1
44,16,player,1,1536.5,647.7,1633.0,805.5,1584.8,805.5,0
44,18,player,0,12.1,801.1,97.2,1009.7,54.6,1009.7,0
44,19,player,0,40.8,356.9,96.9,490.7,68.8,490.7,0
44,23,player,1,1571.7,648.0,1632.2,803.9,1602.0,803.9,0
44,24,player,0,2841.2,1186.2,2879.4,1384.1,2860.3,1384.1,0
45,-1,ball,-1,1472.6,742.6,1484.6,754.6,1478.6,748.6,0
45,1,player,0,1829.4,1120.6,1929.7,1364.9,1879.6,1364.9,0
45,2,player,1,1537.4,757.1,1607.2,940.4,1572.3,940.4,0
45,3,player,0,1212.6,729.5,1319.5,910.3,1266.0,910.3,0
45,4,player,1,657.5,849.8,744.2,1069.8,700.8,1069.8,0
45,5,player,1,1703.1,990.9,1828.4,1221.8,1765.8,1221.8,0
45,6,player,1,2260.1,480.9,2323.5,636.9,2291.8,636.9,0
45,7,player,1,2628.0,983.8,2734.7,1202.5,2681.4,1202.5,0
45,10,player,0,1342.0,614.3,1431.0,794.7,1386.5,794.7,0
45,12,player,1,623.1,577.0,712.3,739.1,667.7,739.1,0
45,13,player,1,846.8,493.7,893.3,638.7,870.0,638.7,0
45,15,player,1,1420.0,582.1,1491.7,754.1,1455.8,754.1,1
45,16,player,1,1536.5,647.8,1633.1,805.5,1584.8,805.5,0
45,18,player,0,11.7,801.1,97.2,1009.7,54.4,1009.7,0
45,19,player,0,40.7,356.9,96.9,490.6,68.8,490.6,0
45,23,player,1,1572.0,648.0,1632.2,803.9,1602.1,803.9,0
45,24,player,0,2841.2,1186.2,2879.4,1384.1,2860.3,1384.1,0
46,-1,ball,-1,1450.4,742.9,1462.4,754.9,1456.4,748.9,0
46,1,player,0,1820.9,1118.2,1920.0,1363.7,1870.4,1363.7,0
46,2,player,1,1519.1,754.6,1594.8,940.7,1556.9,940.7,0
46,3,player,0,1201.7,729.6,1296.7,911.2,1249.2,911.2,0
46,4,player,1,637.2,845.4,733.6,1070.9,685.4,1070.9,0
46,5,player,1,1697.0,992.1,1827.7,1220.8,1762.4,1220.8,0
46,6,player,1,2237.3,476.3,2301.6,637.6,2269.4,637.6,0
46,7,player,1,2616.1,979.7,2721.9,1201.4,2669.0,1201.4,0
46,10,player,0,1325.0,612.1,1406.9,795.2,1366.0,795.2,0
46,12,player,1,612.4,577.9,700.7,738.9,656.6,738.9,0
46,13,player,1,829.5,493.2,877.4,633.3,853.4,633.3,0
46,15,player,1,1406.0,581.1,1469.1,753.7,1437.6,753.7,1
46,16,player,1,1545.6,648.1,1617.1,803.1,1581.4,803.1,0
46,18,player,0,0.4,801.6,84.6,969.7,42.5,969.7,0
46,19,player,0,19.0,354.7,72.5,489.8,45.8,489.8,0
47,-1,ball,-1,1450.4,742.9,1462.4,754.9,1456.4,748.9,0
47,1,player,0,1821.0,1118.2,1920.0,1363.7,1870.5,1363.7,0
47,2,player,1,1519.1,754.6,1594.8,940.7,1556.9,940.7,0
47,3,player,0,1201.8,729.7,1296.7,911.3,1249.2,911.3,0
47,4,player,1,637.3,845.4,733.6,1070.9,685.4,1070.9,0
47,5,player,1,1697.0,992.1,1827.6,1220.8,1762.3,1220.8,0
47,6,player,1,2237.3,476.3,2301.7,637.7,2269.5,637.7,0
47,7,player,1,2616.1,979.7,2721.9,1201.5,2669.0,1201.5,0
47,10,player,0,1325.0,612.1,1407.1,795.2,1366.0,795.2,0
47,12,player,1,612.4,577.9,700.8,739.0,656.6,739.0,0
47,13,player,1,829.4,493.2,877.4,633.9,853.4,633.9,0
47,15,player,1,1406.0,581.2,1469.1,753.5,1437.6,753.5,1
47,16,player,1,1545.0,648.1,1617.1,803.1,1581.0,803.1,0
47,18,player,0,0.4,801.6,84.6,969.6,42.5,969.6,0
47,19,player,0,19.0,354.8,72.5,489.7,45.8,489.7,0
48,-1,ball,-1,1427.4,742.9,1439.4,754.9,1433.4,748.9,0
48,1,player,0,1811.5,1117.6,1910.3,1360.0,1860.9,1360.0,0
48,2,player,1,1507.0,753.6,1583.8,938.3,1545.4,938.3,0
48,3,player,0,1196.6,731.8,1283.7,912.7,1240.2,912.7,0
48,4,player,1,620.1,841.5,723.3,1071.3,671.7,1071.3,0
48,5,player,1,1696.0,994.1,1822.5,1221.1,1759.2,1221.1,0
48,6,player,1,2216.5,475.9,2278.5,637.8,2247.5,637.8,0
48,7,player,1,2606.3,978.8,2709.4,1198.1,2657.9,1198.1,0
48,10,player,0,1314.0,610.4,1409.3,792.7,1361.6,792.7,0
48,12,player,1,603.5,578.1,684.4,736.9,644.0,736.9,0
48,13,player,1,802.7,494.8,862.9,638.5,832.8,638.5,0
48,15,player,1,1394.4,579.3,1449.6,754.0,1422.0,754.0,1
48,18,player,0,0.3,800.0,73.3,992.1,36.8,992.1,0
48,19,player,0,0.2,354.2,49.4,489.7,24.8,489.7,0
48,22,player,1,1511.9,647.6,1596.9,797.0,1554.4,797.0,0
49,-1,ball,-1,1427.5,742.9,1439.5,754.9,1433.5,748.9,0
49,1,player,0,1811.5,1117.6,1910.3,1360.0,1860.9,1360.0,0
49,2,player,1,1506.9,753.7,1583.9,938.4,1545.4,938.4,0
49,3,player,0,1196.7,731.9,1283.8,912.6,1240.2,912.6,0
49,4,player,1,620.0,841.5,723.3,1071.3,671.6,1071.3,0
49,5,player,1,1696.0,994.0,1822.5,1221.1,1759.2,1221.1,0
49,6,player,1,2216.5,475.9,2278.5,637.8,2247.5,637.8,0
49,7,player,1,2606.4,978.8,2709.4,1198.1,2657.9,1198.1,0
49,10,player,0,1313.9,610.5,1409.2,792.7,1361.6,792.7,0
49,12,player,1,603.5,578.1,684.2,737.0,643.8,737.0,0
49,13,player,1,802.7,494.8,862.9,638.5,832.8,638.5,0
49,15,player,1,1394.3,579.3,1449.7,754.0,1422.0,754.0,1
49,18,player,0,0.3,800.0,73.3,992.5,36.8,992.5,0
49,19,player,0,0.2,354.1,49.3,489.8,24.8,489.8,0
49,22,player,1,1511.9,647.6,1597.0,797.1,1554.4,797.1,0
50,-1,ball,-1,1305.9,773.4,1317.9,785.4,1311.9,779.4,0
50,1,player,0,1805.7,1117.4,1903.2,1360.5,1854.4,1360.5,0
50,2,player,1,1497.6,752.3,1572.3,938.5,1534.9,938.5,0
50,3,player,0,1195.8,732.8,1276.7,911.7,1236.2,911.7,0
50,4,player,1,603.8,841.8,725.3,1069.0,664.6,1069.0,0
50,5,player,1,1702.0,998.5,1820.7,1228.4,1761.4,1228.4,0
50,6,player,1,2194.7,476.9,2255.7,637.7,2225.2,637.7,0
50,7,player,1,2596.5,977.1,2698.7,1198.2,2647.6,1198.2,0
50,10,player,0,1302.8,610.3,1386.8,792.3,1344.8,792.3,1
50,12,player,1,598.2,576.4,669.4,739.5,633.8,739.5,0
50,13,player,1,779.4,488.7,846.3,637.6,812.8,637.6,0
50,15,player,1,1383.2,577.6,1433.6,755.5,1408.4,755.5,0
50,18,player,0,0.0,796.9,44.6,1013.1,22.3,1013.1,0
50,22,player,1,1519.7,644.7,1580.0,776.7,1549.8,776.7,0
51,-1,ball,-1,1305.9,773.4,1317.9,785.4,1311.9,779.4,0
51,1,player,0,1805.7,1117.4,1903.4,1360.5,1854.6,1360.5,0
51,2,player,1,1497.6,752.3,1572.4,938.4,1535.0,938.4,0
51,3,player,0,1196.0,732.8,1276.7,911.7,1236.4,911.7,0
51,4,player,1,603.9,841.8,725.3,1069.0,664.6,1069.0,0
51,5,player,1,1702.0,998.5,1820.7,1228.5,1761.4,1228.5,0
51,6,player,1,2194.7,476.9,2255.7,637.7,2225.2,637.7,0
51,7,player,1,2596.5,977.1,2698.7,1198.1,2647.6,1198.1,0
51,10,player,0,1302.8,610.2,1387.0,792.3,1344.9,792.3,1
51,12,player,1,598.2,576.4,669.4,739.5,633.8,739.5,0
51,13,player,1,779.4,488.6,846.3,637.6,812.8,637.6,0
51,15,player,1,1383.3,577.6,1433.6,755.5,1408.4,755.5,0
51,16,player,1,1500.2,644.2,1579.4,760.9,1539.8,760.9,0
51,18,player,0,0.0,796.9,45.5,1013.1,22.8,1013.1,0
51,22,player,1,1519.1,644.7,1580.0,776.1,1549.6,776.1,0
52,-1,ball,-1,1305.9,773.4,1317.9,785.4,1311.9,779.4,0
52,1,player,0,1805.6,1117.4,1903.5,1360.6,1854.6,1360.6,0
52,2,player,1,1497.6,752.3,1572.3,938.4,1534.9,938.4,0
52,3,player,0,1196.0,732.8,1276.7,911.8,1236.4,911.8,0
52,4,player,1,603.8,841.8,725.3,1068.9,664.6,1068.9,0
52,5,player,1,1702.0,998.5,1820.7,1228.4,1761.4,1228.4,0
52,6,player,1,2194.7,476.9,2255.7,637.7,2225.2,637.7,0
52,7,player,1,2596.5,977.1,2698.7,1198.1,2647.6,1198.1,0
52,10,player,0,1303.0,610.6,1359.7,792.0,1331.4,792.0,1
52,12,player,1,598.2,576.4,669.4,739.5,633.8,739.5,0
52,13,player,1,779.4,488.7,846.3,637.7,812.8,637.7,0
52,15,player,1,1383.2,577.5,1433.6,755.5,1408.4,755.5,0
52,16,player,1,1500.7,644.2,1579.4,760.7,1540.1,760.7,0
52,18,player,0,0.0,796.8,46.6,1013.1,23.3,1013.1,0
52,19,player,0,0.1,350.8,25.6,493.1,12.8,493.1,0
52,22,player,1,1520.2,644.7,1579.9,775.2,1550.1,775.2,0
53,-1,ball,-1,1479.9,949.8,1491.9,961.8,1485.9,955.8,0
53,1,player,0,1796.2,1114.9,1895.6,1342.0,1845.9,1342.0,0
53,2,player,1,1489.3,754.4,1556.2,940.1,1522.8,940.1,1
53,3,player,0,1194.5,731.4,1268.6,912.3,1231.6,912.3,0
53,4,player,1,592.3,844.5,719.0,1066.2,655.6,1066.2,0
53,5,player,1,1698.3,1002.9,1807.8,1233.2,1753.0,1233.2,0
53,6,player,1,2173.0,477.5,2233.0,637.4,2203.0,637.4,0
53,7,player,1,2581.4,979.4,2687.2,1196.3,2634.3,1196.3,0
53,10,player,0,1292.2,609.7,1341.6,790.5,1316.9,790.5,0
53,12,player,1,577.2,575.1,654.7,741.7,616.0,741.7,0
53,13,player,1,757.8,484.9,836.3,638.3,797.0,638.3,0
53,15,player,1,1367.8,576.9,1418.1,756.4,1392.9,756.4,0
53,16,player,1,1488.7,641.2,1564.3,758.2,1526.5,758.2,0
54,-1,ball,-1,1653.9,1126.1,1665.9,1138.1,1659.9,1132.1,0
54,1,player,0,1796.2,1114.9,1895.5,1341.8,1845.8,1341.8,0
54,2,player,1,1489.3,754.4,1556.2,940.1,1522.8,940.1,0
54,3,player,0,1194.5,731.4,1268.5,912.3,1231.5,912.3,0
54,4,player,1,592.3,844.5,718.9,1066.2,655.6,1066.2,0
54,5,player,1,1698.5,1003.5,1808.3,1233.0,1753.4,1233.0,0
54,6,player,1,2173.0,477.5,2233.1,637.4,2203.0,637.4,0
54,7,player,1,2581.5,979.4,2687.2,1196.3,2634.4,1196.3,0
54,10,player,0,1292.2,609.7,1341.5,790.5,1316.8,790.5,0
54,12,player,1,577.2,575.0,654.7,741.6,616.0,741.6,0
54,13,player,1,757.8,484.9,836.3,638.3,797.0,638.3,0
54,15,player,1,1367.9,576.9,1418.1,756.3,1393.0,756.3,0
54,16,player,1,1488.8,641.3,1564.3,758.2,1526.6,758.2,0
54,18,player,0,0.1,797.6,39.2,1015.2,19.7,1015.2,0
54,24,player,0,2726.5,1173.3,2878.9,1385.0,2802.7,1385.0,0
55,-1,ball,-1,1828.0,1302.4,1840.0,1314.4,1834.0,1308.4,0
55,1,player,0,1778.0,1110.2,1883.9,1349.6,1831.0,1349.6,1
55,2,player,1,1476.0,754.0,1544.5,940.6,1510.2,940.6,0
55,3,player,0,1175.7,730.8,1253.7,913.0,1214.7,913.0,0
55,4,player,1,583.7,849.5,700.8,1066.2,642.2,1066.2,0
55,5,player,1,1692.6,1005.7,1786.3,1232.1,1739.4,1232.1,0
55,6,player,1,2151.2,476.7,2210.9,636.8,2181.0,636.8,0
55,7,player,1,2566.7,981.0,2688.8,1194.5,2627.8,1194.5,0
55,10,player,0,1279.8,609.1,1356.9,791.3,1318.4,791.3,0
55,12,player,1,555.6,574.3,638.0,741.8,596.8,741.8,0
55,13,player,1,736.2,485.4,825.8,637.9,781.0,637.9,0
55,15,player,1,1349.0,575.9,1404.4,754.7,1376.7,754.7,0
55,16,player,1,1496.6,637.9,1548.3,753.7,1522.4,753.7,0
55,18,player,0,0.1,813.4,36.8,1013.2,18.4,1013.2,0
55,24,player,0,2696.5,1166.0,2855.3,1379.2,2775.9,1379.2,0
56,-1,ball,-1,1828.0,1302.4,1840.0,1314.4,1834.0,1308.4,0
56,1,player,0,1778.0,1110.2,1884.3,1350.3,1831.2,1350.3,1
56,2,player,1,1476.0,754.0,1544.5,940.6,1510.2,940.6,0
56,3,player,0,1175.7,730.9,1253.3,913.0,1214.5,913.0,0
56,4,player,1,583.7,849.5,700.8,1066.1,642.2,1066.1,0
56,5,player,1,1692.6,1005.6,1786.2,1232.0,1739.4,1232.0,0
56,6,player,1,2151.2,476.7,2210.9,636.8,2181.0,636.8,0
56,7,player,1,2566.8,981.0,2688.8,1194.5,2627.8,1194.5,0
56,10,player,0,1279.8,609.1,1357.2,791.3,1318.5,791.3,0
56,12,player,1,555.6,574.3,638.1,741.8,596.8,741.8,0
56,13,player,1,736.3,485.4,825.8,637.9,781.0,637.9,0
56,15,player,1,1349.0,575.9,1404.4,754.7,1376.7,754.7,0
56,16,player,1,1497.0,637.9,1548.1,753.7,1522.6,753.7,0
56,18,player,0,0.1,813.3,36.8,1013.3,18.4,1013.3,0
56,24,player,0,2696.5,1166.0,2855.1,1379.2,2775.8,1379.2,0
56,25,player,0,1278.5,608.7,1331.8,791.6,1305.2,791.6,0
57,-1,ball,-1,1827.9,1302.4,1839.9,1314.4,1833.9,1308.4,0
57,1,player,0,1778.0,1110.2,1884.3,1350.2,1831.2,1350.2,1
57,2,player,1,1476.0,754.0,1544.5,940.3,1510.2,940.3,0
57,3,player,0,1175.7,730.9,1253.3,913.0,1214.5,913.0,0
57,4,player,1,583.7,849.6,700.8,1066.1,642.2,1066.1,0
57,5,player,1,1692.6,1005.6,1786.3,1232.1,1739.4,1232.1,0
57,6,player,1,2151.2,476.7,2210.9,637.0,2181.0,637.0,0
57,7,player,1,2566.6,981.0,2688.8,1194.5,2627.7,1194.5,0
57,10,player,0,1279.8,609.1,1356.9,791.3,1318.4,791.3,0
57,12,player,1,555.6,574.3,638.0,741.8,596.8,741.8,0
57,13,player,1,736.2,485.4,825.8,637.9,781.0,637.9,0
57,15,player,1,1349.0,575.9,1404.4,754.7,1376.7,754.7,0
57,16,player,1,1497.2,637.9,1548.2,753.6,1522.7,753.6,0
57,18,player,0,0.1,813.3,36.8,1013.3,18.4,1013.3,0
57,24,player,0,2696.5,1166.0,2855.3,1379.2,2775.9,1379.2,0
57,25,player,0,1278.5,608.7,1331.3,791.6,1304.9,791.6,0
58,-1,ball,-1,1818.8,1302.6,1830.8,1314.6,1824.8,1308.6,0
58,1,player,0,1765.8,1107.9,1878.7,1339.6,1822.2,1339.6,1
58,2,player,1,1466.4,753.3,1532.8,940.8,1499.6,940.8,0
58,3,player,0,1159.0,729.7,1243.9,913.2,1201.4,913.2,0
58,4,player,1,581.5,851.3,678.9,1066.9,630.2,1066.9,0
58,5,player,1,1686.7,1003.0,1771.2,1234.2,1729.0,1234.2,0
58,6,player,1,2131.4,476.2,2190.2,635.2,2160.8,635.2,0
58,7,player,1,2554.8,985.5,2676.3,1191.5,2615.6,1191.5,0
58,12,player,1,538.1,572.7,626.5,742.3,582.3,742.3,0
58,13,player,1,719.5,483.4,811.1,638.3,765.3,638.3,0
58,15,player,1,1329.8,576.4,1392.7,756.7,1361.2,756.7,0
58,16,player,1,1482.8,635.5,1530.5,746.3,1506.6,746.3,0
58,24,player,0,2664.4,1160.7,2822.0,1377.0,2743.2,1377.0,0
58,25,player,0,1260.7,607.8,1310.1,791.7,1285.4,791.7,0
59,-1,ball,-1,1818.8,1302.5,1830.8,1314.5,1824.8,1308.5,0
59,1,player,0,1765.8,1107.8,1878.7,1339.6,1822.2,1339.6,1
59,2,player,1,1466.4,753.3,1532.6,940.8,1499.5,940.8,0
59,3,player,0,1159.0,729.7,1243.8,913.2,1201.4,913.2,0
59,4,player,1,581.5,851.2,678.7,1067.2,630.1,1067.2,0
59,5,player,1,1686.7,1003.0,1771.2,1234.1,1729.0,1234.1,0
59,6,player,1,2131.3,476.2,2190.2,635.3,2160.8,635.3,0
59,7,player,1,2554.8,985.5,2676.3,1191.4,2615.6,1191.4,0
59,12,player,1,538.1,572.7,626.5,742.3,582.3,742.3,0
59,13,player,1,719.5,483.4,811.1,638.4,765.3,638.4,0
59,15,player,1,1329.8,576.5,1392.7,756.8,1361.2,756.8,0
59,16,player,1,1482.8,635.5,1530.5,746.3,1506.6,746.3,0
59,24,player,0,2664.4,1160.8,2821.9,1377.0,2743.2,1377.0,0
59,25,player,0,1260.5,608.4,1311.2,791.5,1285.8,791.5,0
59,26,player,1,0.1,864.0,28.4,1017.5,14.2,1017.5,0
60,-1,ball,-1,1810.4,1299.4,1822.4,1311.4,1816.4,1305.4,0
60,1,player,0,1757.2,1106.1,1882.5,1356.2,1819.8,1356.2,1
60,2,player,1,1458.7,754.0,1527.0,937.9,1492.8,937.9,0
60,3,player,0,1144.0,732.0,1236.6,912.2,1190.3,912.2,0
60,4,player,1,586.7,850.8,677.8,1068.7,632.2,1068.7,0
60,5,player,1,1681.5,1001.3,1766.3,1235.5,1723.9,1235.5,0
60,6,player,1,2113.0,476.7,2170.3,634.4,2141.6,634.4,0
60,7,player,1,2543.4,992.2,2687.9,1191.2,2615.6,1191.2,0
60,12,player,1,525.4,575.5,616.2,741.4,570.8,741.4,0
60,13,player,1,705.1,486.2,792.1,640.0,748.6,640.0,0
60,15,player,1,1312.7,577.2,1387.6,755.9,1350.2,755.9,0
60,16,player,1,1470.2,636.2,1517.3,745.1,1493.8,745.1,0
60,24,player,0,2630.3,1161.3,2796.8,1379.1,2713.6,1379.1,0
60,25,player,0,1244.6,608.8,1303.9,792.3,1274.2,792.3,0
61,-1,ball,-1,1810.4,1299.4,1822.4,1311.4,1816.4,1305.4,0
61,1,player,0,1757.2,1106.2,1882.8,1357.5,1820.0,1357.5,1
61,2,player,1,1458.7,754.0,1527.0,938.1,1492.8,938.1,0
61,3,player,0,1144.1,731.9,1236.6,912.2,1190.4,912.2,0
61,4,player,1,586.6,850.6,677.8,1068.7,632.2,1068.7,0
61,5,player,1,1681.6,1001.4,1766.3,1235.5,1724.0,1235.5,0
61,6,player,1,2113.0,476.7,2170.3,634.4,2141.6,634.4,0
61,7,player,1,2543.4,992.2,2687.9,1191.3,2615.6,1191.3,0
61,12,player,1,525.5,575.5,616.2,741.4,570.8,741.4,0
61,13,player,1,705.1,486.1,792.2,639.9,748.7,639.9,0
61,15,player,1,1312.6,577.2,1387.6,755.9,1350.1,755.9,0
61,16,player,1,1470.2,636.2,1517.3,745.1,1493.8,745.1,0
61,24,player,0,2631.2,1161.3,2796.8,1379.1,2714.0,1379.1,0
61,25,player,0,1244.6,608.8,1303.9,792.3,1274.2,792.3,0
62,-1,ball,-1,1802.6,1298.2,1814.6,1310.2,1808.6,1304.2,0
62,1,player,0,1756.3,1105.3,1874.4,1330.1,1815.4,1330.1,1
62,2,player,1,1446.1,753.9,1529.8,940.2,1487.9,940.2,0
62,3,player,0,1130.8,732.2,1235.8,911.1,1183.3,911.1,0
62,4,player,1,594.0,849.9,672.8,1068.2,633.4,1068.2,0
62,5,player,1,1673.5,1001.6,1773.8,1232.8,1723.6,1232.8,0
62,6,player,1,2096.6,475.3,2150.6,634.6,2123.6,634.6,0
62,7,player,1,2533.4,996.1,2691.2,1192.6,2612.3,1192.6,0
62,12,player,1,514.4,576.6,601.1,741.5,557.8,741.5,0
62,13,player,1,694.4,488.1,777.5,639.7,736.0,639.7,0
62,15,player,1,1296.8,578.2,1381.0,753.5,1338.9,753.5,0
62,16,player,1,1458.9,636.4,1504.2,782.7,1481.6,782.7,0
62,24,player,0,2586.6,1159.9,2777.5,1378.0,2682.0,1378.0,0
62,25,player,0,1224.6,609.1,1298.5,794.0,1261.6,794.0,0
63,-1,ball,-1,1802.6,1298.3,1814.6,1310.3,1808.6,1304.3,0
63,1,player,0,1756.3,1105.3,1874.0,1330.1,1815.2,1330.1,1
63,2,player,1,1446.1,753.9,1529.8,940.3,1487.9,940.3,0
63,3,player,0,1130.8,732.2,1235.8,911.1,1183.3,911.1,0
63,4,player,1,593.9,849.8,672.8,1068.3,633.3,1068.3,0
63,5,player,1,1673.5,1001.7,1773.8,1232.8,1723.6,1232.8,0
63,6,player,1,2096.6,475.3,2150.6,634.6,2123.6,634.6,0
63,7,player,1,2533.3,996.1,2691.2,1192.6,2612.2,1192.6,0
63,12,player,1,514.4,576.6,601.1,741.5,557.8,741.5,0
63,13,player,1,694.3,488.1,777.5,639.7,735.9,639.7,0
63,15,player,1,1296.8,578.2,1381.0,753.5,1338.9,753.5,0
63,16,player,1,1459.0,636.4,1504.1,782.5,1481.6,782.5,0
63,24,player,0,2586.6,1159.9,2777.5,1378.0,2682.0,1378.0,0
63,25,player,0,1224.6,609.1,1298.5,794.0,1261.6,794.0,0
64,-1,ball,-1,1802.6,1298.3,1814.6,1310.3,1808.6,1304.3,0
64,1,player,0,1756.3,1105.3,1874.2,1330.1,1815.2,1330.1,1
64,2,player,1,1446.1,753.9,1529.9,940.2,1488.0,940.2,0
64,3,player,0,1130.8,732.2,1235.8,911.2,1183.3,911.2,0
64,4,player,1,593.9,849.9,672.7,1068.2,633.3,1068.2,0
64,5,player,1,1673.5,1001.6,1773.8,1232.7,1723.6,1232.7,0
64,6,player,1,2096.6,475.3,2150.6,634.6,2123.6,634.6,0
64,7,player,1,2533.3,996.1,2691.2,1192.5,2612.2,1192.5,0
64,12,player,1,514.4,576.6,601.1,741.4,557.8,741.4,0
64,13,player,1,694.3,488.1,777.5,639.7,735.9,639.7,0
64,15,player,1,1296.8,578.2,1380.9,753.5,1338.8,753.5,0
64,16,player,1,1458.9,636.4,1504.2,782.6,1481.6,782.6,0
64,24,player,0,2586.6,1159.9,2777.3,1378.0,2682.0,1378.0,0
64,25,player,0,1224.6,609.1,1298.6,794.0,1261.6,794.0,0
65,-1,ball,-1,1802.6,1298.3,1814.6,1310.3,1808.6,1304.3,0
65,1,player,0,1756.3,1105.3,1873.9,1330.2,1815.1,1330.2,1
65,2,player,1,1446.1,753.9,1530.0,940.2,1488.0,940.2,0
65,3,player,0,1131.1,732.2,1235.8,911.1,1183.4,911.1,0
65,4,player,1,593.9,850.0,672.7,1068.3,633.3,1068.3,0
65,5,player,1,1673.5,1001.7,1773.8,1232.7,1723.6,1232.7,0
65,6,player,1,2096.6,475.3,2150.7,634.7,2123.6,634.7,0
65,7,player,1,2533.3,996.1,2691.3,1192.5,2612.3,1192.5,0
65,12,player,1,514.3,576.6,601.0,741.2,557.6,741.2,0
65,13,player,1,694.3,488.1,777.4,639.7,735.8,639.7,0
65,15,player,1,1296.9,578.2,1380.8,753.1,1338.8,753.1,0
65,16,player,1,1458.9,636.4,1504.3,782.8,1481.6,782.8,0
65,24,player,0,2586.6,1159.9,2777.0,1378.0,2681.8,1378.0,0
65,25,player,0,1224.6,609.1,1298.5,794.0,1261.6,794.0,0
66,-1,ball,-1,1795.2,1296.9,1807.2,1308.9,1801.2,1302.9,0
66,1,player,0,1759.3,1099.7,1873.8,1329.7,1816.6,1329.7,1
66,2,player,1,1430.4,754.1,1541.6,939.3,1486.0,939.3,0
66,3,player,0,1122.3,733.3,1225.6,914.1,1173.9,914.1,0
66,4,player,1,589.2,845.9,666.9,1066.7,628.0,1066.7,0
66,5,player,1,1669.2,999.8,1766.9,1229.3,1718.0,1229.3,0
66,6,player,1,2079.9,474.7,2135.5,632.2,2107.7,632.2,0
66,7,player,1,2524.5,1002.1,2678.9,1193.7,2601.7,1193.7,0
66,12,player,1,509.8,578.0,585.7,740.2,547.8,740.2,0
66,13,player,1,688.5,490.2,769.1,638.7,728.8,638.7,0
66,15,player,1,1280.7,578.3,1371.9,751.4,1326.3,751.4,0
66,16,player,1,1448.2,636.7,1493.6,789.5,1470.9,789.5,0
66,24,player,0,2568.0,1156.7,2740.7,1375.9,2654.4,1375.9,0
66,25,player,0,1209.1,609.6,1297.4,792.1,1253.2,792.1,0
67,-1,ball,-1,512.0,714.5,524.0,726.5,518.0,720.5,0
67,1,player,0,1766.4,1095.3,1873.6,1327.3,1820.0,1327.3,0
67,2,player,1,1418.8,753.4,1536.3,937.6,1477.6,937.6,0
67,3,player,0,1120.7,733.9,1220.4,911.8,1170.6,911.8,0
67,4,player,1,576.6,840.0,664.1,1065.5,620.4,1065.5,0
67,5,player,1,1668.1,1000.1,1758.1,1229.7,1713.1,1229.7,0
67,6,player,1,2065.5,473.7,2121.1,632.2,2093.3,632.2,0
67,7,player,1,2519.4,1002.6,2665.7,1190.7,2592.6,1190.7,0
67,12,player,1,510.4,578.2,573.0,740.9,541.7,740.9,1
67,13,player,1,688.6,489.7,761.6,638.8,725.1,638.8,0
67,15,player,1,1269.0,577.7,1358.0,749.3,1313.5,749.3,0
67,16,player,1,1438.2,637.3,1484.9,795.7,1461.6,795.7,0
67,24,player,0,2535.4,1150.2,2696.8,1374.8,2616.1,1374.8,0
67,25,player,0,1197.3,608.3,1291.0,790.3,1244.2,790.3,0
68,-1,ball,-1,512.0,714.5,524.0,726.5,518.0,720.5,0
68,1,player,0,1766.4,1095.3,1873.6,1327.3,1820.0,1327.3,0
68,2,player,1,1418.8,753.4,1536.3,937.6,1477.6,937.6,0
68,3,player,0,1120.7,733.9,1220.2,911.9,1170.4,911.9,0
68,4,player,1,576.5,840.1,664.1,1065.5,620.3,1065.5,0
68,5,player,1,1668.1,1000.1,1758.1,1229.7,1713.1,1229.7,0
68,6,player,1,2065.5,473.6,2121.1,632.2,2093.3,632.2,0
68,7,player,1,2519.3,1002.6,2665.7,1190.7,2592.5,1190.7,0
68,10,player,0,1197.3,608.3,1291.0,790.3,1244.2,790.3,0
68,12,player,1,510.5,578.2,572.6,740.8,541.6,740.8,1
68,13,player,1,688.5,489.8,761.7,638.8,725.1,638.8,0
68,15,player,1,1269.0,577.7,1358.0,749.3,1313.5,749.3,0
68,16,player,1,1438.2,637.3,1484.9,795.7,1461.6,795.7,0
68,24,player,0,2535.3,1150.2,2696.8,1374.8,2616.0,1374.8,0
69,-1,ball,-1,512.0,714.5,524.0,726.5,518.0,720.5,0
69,1,player,0,1766.4,1095.3,1873.6,1327.3,1820.0,1327.3,0
69,2,player,1,1418.8,753.4,1536.3,937.6,1477.6,937.6,0
69,3,player,0,1120.7,733.9,1220.1,911.8,1170.4,911.8,0
69,4,player,1,576.6,840.0,664.1,1065.5,620.4,1065.5,0
69,5,player,1,1668.1,1000.1,1758.1,1229.7,1713.1,1229.7,0
69,6,player,1,2065.6,473.7,2121.1,632.2,2093.4,632.2,0
69,7,player,1,2519.3,1002.6,2665.7,1190.7,2592.5,1190.7,0
69,10,player,0,1197.3,608.3,1291.0,790.3,1244.2,790.3,0
69,12,player,1,510.4,578.2,573.0,740.9,541.7,740.9,1
69,13,player,1,688.5,489.7,761.6,638.8,725.0,638.8,0
69,15,player,1,1269.0,577.7,1358.0,749.3,1313.5,749.3,0
69,16,player,1,1438.2,637.3,1484.9,795.8,1461.6,795.8,0
69,24,player,0,2535.3,1150.2,2696.9,1374.8,2616.1,1374.8,0
70,-1,ball,-1,1423.6,788.8,1435.6,800.8,1429.6,794.8,0
70,1,player,0,1769.4,1090.7,1871.8,1324.8,1820.6,1324.8,0
70,2,player,1,1409.2,753.4,1521.5,935.5,1465.4,935.5,0
70,3,player,0,1125.9,733.7,1208.0,911.4,1167.0,911.4,0
70,4,player,1,565.9,837.7,672.1,1065.3,619.0,1065.3,0
70,5,player,1,1669.1,1003.2,1758.8,1233.8,1714.0,1233.8,0
70,6,player,1,2053.4,471.1,2107.1,629.2,2080.2,629.2,0
70,7,player,1,2517.6,1004.2,2652.4,1189.3,2585.0,1189.3,0
70,10,player,0,1191.5,606.6,1268.5,785.9,1230.0,785.9,0
70,12,player,1,516.4,577.1,564.7,738.4,540.6,738.4,0
70,13,player,1,689.8,484.3,750.3,635.4,720.0,635.4,0
70,15,player,1,1258.4,578.0,1343.3,750.3,1300.8,750.3,0
70,16,player,1,1421.9,637.2,1478.5,797.1,1450.2,797.1,1
70,24,player,0,2500.0,1154.5,2675.2,1372.2,2587.6,1372.2,0
71,-1,ball,-1,1423.8,788.8,1435.8,800.8,1429.8,794.8,0
71,1,player,0,1769.4,1090.6,1871.8,1324.8,1820.6,1324.8,0
71,2,player,1,1409.2,753.4,1521.5,935.6,1465.4,935.6,0
71,3,player,0,1125.9,733.7,1208.0,911.4,1167.0,911.4,0
71,4,player,1,565.9,837.7,672.1,1065.3,619.0,1065.3,0
71,5,player,1,1669.1,1003.2,1758.8,1233.9,1714.0,1233.9,0
71,6,player,1,2053.4,471.0,2107.1,629.2,2080.2,629.2,0
71,7,player,1,2517.7,1004.1,2652.4,1189.4,2585.0,1189.4,0
71,10,player,0,1191.6,606.5,1268.4,785.9,1230.0,785.9,0
71,12,player,1,516.3,577.1,564.8,738.5,540.6,738.5,0
71,13,player,1,689.8,484.2,750.3,635.4,720.0,635.4,0
71,15,player,1,1258.4,578.0,1343.2,750.3,1300.8,750.3,0
71,16,player,1,1421.7,637.2,1478.5,797.8,1450.1,797.8,1
71,24,player,0,2499.7,1154.4,2675.2,1372.2,2587.4,1372.2,0
72,-1,ball,-1,2618.7,1169.4,2630.7,1181.4,2624.7,1175.4,0
72,1,player,0,1770.2,1085.6,1869.3,1316.8,1819.8,1316.8,0
72,2,player,1,1405.6,750.0,1511.9,934.1,1458.8,934.1,0
72,3,player,0,1132.7,732.5,1200.3,910.0,1166.5,910.0,0
72,4,player,1,557.5,837.2,682.7,1057.7,620.1,1057.7,0
72,5,player,1,1669.7,1007.6,1768.7,1233.7,1719.2,1233.7,0
72,6,player,1,2041.0,471.2,2094.7,628.9,2067.8,628.9,0
72,7,player,1,2515.8,1002.2,2637.7,1187.0,2576.8,1187.0,1
72,10,player,0,1188.1,605.8,1261.2,784.7,1224.6,784.7,0
72,12,player,1,511.4,572.4,564.3,738.6,537.8,738.6,0
72,13,player,1,686.7,482.5,745.2,635.4,716.0,635.4,0
72,15,player,1,1247.1,577.1,1329.8,750.5,1288.4,750.5,0
72,16,player,1,1410.4,635.4,1473.1,792.4,1441.8,792.4,0
72,24,player,0,2469.0,1149.3,2660.6,1371.6,2564.8,1371.6,0
73,-1,ball,-1,2618.6,1169.4,2630.6,1181.4,2624.6,1175.4,0
73,1,player,0,1770.2,1085.6,1869.4,1316.8,1819.8,1316.8,0
73,2,player,1,1405.6,750.0,1511.8,934.1,1458.7,934.1,0
73,3,player,0,1132.6,732.5,1200.3,910.0,1166.4,910.0,0
73,4,player,1,557.5,837.3,682.7,1057.7,620.1,1057.7,0
73,5,player,1,1669.7,1007.6,1768.8,1233.7,1719.2,1233.7,0
73,6,player,1,2041.0,471.2,2094.7,628.9,2067.8,628.9,0
73,7,player,1,2515.8,1002.2,2637.7,1187.0,2576.8,1187.0,1
73,10,player,0,1188.1,605.9,1261.3,784.7,1224.7,784.7,0
73,12,player,1,511.5,572.4,564.2,738.5,537.8,738.5,0
73,13,player,1,686.7,482.5,745.2,635.4,716.0,635.4,0
73,15,player,1,1247.1,577.1,1329.8,750.5,1288.4,750.5,0
73,16,player,1,1410.5,635.5,1473.1,792.3,1441.8,792.3,0
73,24,player,0,2469.1,1149.3,2660.3,1371.5,2564.7,1371.5,0
74,-1,ball,-1,2764.2,601.1,2776.2,613.1,2770.2,607.1,0
74,1,player,0,1772.8,1083.2,1868.2,1310.8,1820.5,1310.8,0
74,2,player,1,1411.5,745.6,1504.8,932.5,1458.2,932.5,0
74,3,player,0,1140.7,729.3,1198.4,909.2,1169.6,909.2,0
74,4,player,1,554.0,837.8,684.4,1054.9,619.2,1054.9,0
74,5,player,1,1672.0,1012.8,1789.4,1232.7,1730.7,1232.7,0
74,6,player,1,2029.3,468.0,2082.8,624.9,2056.0,624.9,0
74,7,player,1,2509.1,998.3,2623.4,1185.7,2566.2,1185.7,0
74,10,player,0,1185.6,602.8,1248.3,785.7,1216.9,785.7,0
74,12,player,1,499.0,568.3,561.0,739.0,530.0,739.0,0
74,13,player,1,678.8,479.1,738.4,635.1,708.6,635.1,0
74,15,player,1,1240.0,573.6,1319.0,749.0,1279.5,749.0,0
74,16,player,1,1397.3,633.9,1470.4,792.3,1433.8,792.3,0
74,24,player,0,2445.4,1143.5,2639.8,1367.3,2542.6,1367.3,0
75,-1,ball,-1,2764.2,601.1,2776.2,613.1,2770.2,607.1,0
75,1,player,0,1772.8,1083.2,1868.2,1310.8,1820.5,1310.8,0
75,2,player,1,1411.5,745.6,1504.8,932.5,1458.2,932.5,0
75,3,player,0,1140.7,729.3,1198.4,909.2,1169.6,909.2,0
75,4,player,1,554.0,837.7,684.4,1055.0,619.2,1055.0,0
75,5,player,1,1672.0,1012.8,1789.4,1232.7,1730.7,1232.7,0
75,6,player,1,2029.3,468.0,2082.8,624.9,2056.0,624.9,0
75,7,player,1,2509.1,998.3,2623.4,1185.7,2566.2,1185.7,0
75,10,player,0,1185.6,602.8,1248.3,785.7,1216.9,785.7,0
75,12,player,1,499.0,568.3,561.0,739.0,530.0,739.0,0
75,13,player,1,678.8,479.1,738.4,635.1,708.6,635.1,0
75,15,player,1,1240.0,573.6,1319.0,749.0,1279.5,749.0,0
75,16,player,1,1397.3,633.9,1470.4,792.3,1433.8,792.3,0
75,24,player,0,2445.4,1143.5,2639.7,1367.4,2542.6,1367.4,0
76,-1,ball,-1,2764.2,601.1,2776.2,613.1,2770.2,607.1,0
76,1,player,0,1772.8,1083.2,1868.2,1310.8,1820.5,1310.8,0
76,2,player,1,1411.4,745.5,1504.8,932.5,1458.1,932.5,0
76,3,player,0,1140.7,729.3,1198.4,909.3,1169.6,909.3,0
76,4,player,1,553.9,837.8,684.4,1054.9,619.2,1054.9,0
76,5,player,1,1672.0,1012.8,1789.5,1232.7,1730.8,1232.7,0
76,6,player,1,2029.3,468.0,2082.8,624.9,2056.0,624.9,0
76,7,player,1,2509.1,998.3,2623.4,1185.7,2566.2,1185.7,0
76,10,player,0,1185.5,602.8,1248.3,785.7,1216.9,785.7,0
76,12,player,1,499.0,568.3,561.0,739.1,530.0,739.1,0
76,13,player,1,678.8,479.1,738.4,635.1,708.6,635.1,0
76,15,player,1,1240.0,573.5,1319.0,749.0,1279.5,749.0,0
76,16,player,1,1397.3,633.9,1470.4,792.3,1433.8,792.3,0
76,24,player,0,2445.4,1143.5,2639.9,1367.4,2542.6,1367.4,0
77,-1,ball,-1,2764.2,601.1,2776.2,613.1,2770.2,607.1,0
77,1,player,0,1772.9,1083.3,1868.2,1310.8,1820.6,1310.8,0
77,2,player,1,1411.5,745.5,1504.8,932.5,1458.2,932.5,0
77,3,player,0,1140.9,729.3,1198.4,909.3,1169.6,909.3,0
77,4,player,1,553.9,837.7,684.4,1055.0,619.2,1055.0,0
77,5,player,1,1672.0,1012.8,1789.5,1232.7,1730.8,1232.7,0
77,6,player,1,2029.4,468.0,2082.8,624.9,2056.1,624.9,0
77,7,player,1,2509.1,998.3,2623.4,1185.7,2566.2,1185.7,0
77,10,player,0,1185.6,602.9,1248.3,785.7,1216.9,785.7,0
77,12,player,1,499.0,568.3,561.0,739.0,530.0,739.0,0
77,13,player,1,678.6,479.1,738.5,635.1,708.6,635.1,0
77,15,player,1,1240.1,573.5,1319.1,749.0,1279.6,749.0,0
77,16,player,1,1397.3,633.9,1470.4,792.3,1433.8,792.3,0
77,24,player,0,2445.3,1143.5,2639.8,1367.4,2542.6,1367.4,0
78,-1,ball,-1,1830.2,1281.3,1842.2,1293.3,1836.2,1287.3,0
78,1,player,0,1777.6,1083.4,1864.4,1306.1,1821.0,1306.1,1
78,2,player,1,1423.8,744.0,1503.5,932.0,1463.6,932.0,0
78,3,player,0,1132.0,722.9,1199.7,907.8,1165.8,907.8,0
78,4,player,1,555.7,840.2,676.2,1054.5,616.0,1054.5,0
78,5,player,1,1680.9,1016.8,1791.8,1232.0,1736.4,1232.0,0
78,6,player,1,2019.7,467.3,2072.3,623.3,2046.0,623.3,0
78,7,player,1,2496.7,994.3,2612.3,1183.1,2554.5,1183.1,0
78,10,player,0,1182.0,600.8,1237.3,782.5,1209.6,782.5,0
78,12,player,1,488.3,565.5,565.5,737.0,526.9,737.0,0
78,13,player,1,671.5,474.7,734.9,633.6,703.2,633.6,0
78,15,player,1,1237.7,570.8,1310.1,747.4,1273.9,747.4,0
78,16,player,1,1386.8,631.2,1464.8,790.6,1425.8,790.6,0
78,24,player,0,2427.7,1139.5,2615.1,1357.9,2521.4,1357.9,0
79,-1,ball,-1,1845.2,1279.7,1857.2,1291.7,1851.2,1285.7,0
79,1,player,0,1782.3,1083.5,1860.7,1303.3,1821.5,1303.3,1
79,2,player,1,1436.7,742.2,1502.4,930.6,1469.6,930.6,0
79,3,player,0,1124.7,718.2,1219.2,906.4,1172.0,906.4,0
79,4,player,1,562.0,839.6,666.9,1054.6,614.4,1054.6,0
79,5,player,1,1678.9,1018.2,1797.6,1230.6,1738.2,1230.6,0
79,6,player,1,2011.7,463.7,2063.8,623.2,2037.8,623.2,0
79,7,player,1,2487.6,991.4,2600.8,1180.3,2544.2,1180.3,0
79,10,player,0,1177.2,600.4,1223.7,781.7,1200.4,781.7,0
79,12,player,1,480.9,563.4,572.2,736.0,526.6,736.0,0
79,13,player,1,665.2,474.7,734.4,630.6,699.8,630.6,0
79,15,player,1,1237.3,564.6,1303.0,745.9,1270.2,745.9,0
79,16,player,1,1387.0,627.0,1461.9,788.9,1424.4,788.9,0
79,24,player,0,2409.3,1137.6,2588.2,1357.9,2498.8,1357.9,0
80,-1,ball,-1,1845.2,1279.7,1857.2,1291.7,1851.2,1285.7,0
80,1,player,0,1782.3,1083.5,1860.6,1303.3,1821.4,1303.3,1
80,2,player,1,1436.8,742.2,1502.3,930.5,1469.6,930.5,0
80,3,player,0,1124.7,718.2,1219.1,906.3,1171.9,906.3,0
80,4,player,1,562.0,839.6,666.8,1054.6,614.4,1054.6,0
80,5,player,1,1678.9,1018.2,1797.6,1230.6,1738.2,1230.6,0
80,6,player,1,2011.7,463.7,2063.8,623.2,2037.8,623.2,0
80,7,player,1,2487.6,991.4,2600.8,1180.3,2544.2,1180.3,0
80,10,player,0,1177.2,600.4,1223.7,781.7,1200.4,781.7,0
80,12,player,1,480.9,563.3,572.2,736.0,526.6,736.0,0
80,13,player,1,665.2,474.7,734.4,630.6,699.8,630.6,0
80,15,player,1,1237.3,564.6,1303.0,745.9,1270.2,745.9,0
80,16,player,1,1387.0,627.0,1461.9,789.0,1424.4,789.0,0
80,24,player,0,2409.2,1137.6,2588.2,1357.9,2498.7,1357.9,0
81,-1,ball,-1,1845.2,1279.7,1857.2,1291.7,1851.2,1285.7,0
81,1,player,0,1782.4,1083.5,1860.9,1303.2,1821.6,1303.2,1
81,2,player,1,1436.7,742.2,1502.3,930.5,1469.5,930.5,0
81,3,player,0,1124.7,718.2,1218.9,906.3,1171.8,906.3,0
81,4,player,1,562.0,839.5,666.8,1054.6,614.4,1054.6,0
81,5,player,1,1678.9,1018.2,1797.6,1230.6,1738.2,1230.6,0
81,6,player,1,2011.7,463.7,2063.9,623.2,2037.8,623.2,0
81,7,player,1,2487.6,991.4,2600.9,1180.3,2544.2,1180.3,0
81,10,player,0,1177.2,600.4,1223.7,781.7,1200.4,781.7,0
81,12,player,1,480.9,563.3,572.2,736.0,526.6,736.0,0
81,13,player,1,665.2,474.7,734.5,630.7,699.8,630.7,0
81,15,player,1,1237.3,564.6,1303.0,745.9,1270.2,745.9,0
81,16,player,1,1386.9,626.9,1462.0,788.9,1424.4,788.9,0
81,24,player,0,2409.1,1137.6,2588.2,1357.9,2498.6,1357.9,0
82,-1,ball,-1,1859.1,1276.6,1871.1,1288.6,1865.1,1282.6,0
82,1,player,0,1774.5,1082.9,1866.1,1301.2,1820.3,1301.2,1
82,2,player,1,1434.7,738.4,1501.6,924.6,1468.2,924.6,0
82,3,player,0,1118.5,717.3,1216.5,904.9,1167.5,904.9,0
82,4,player,1,574.2,838.1,663.2,1053.2,618.7,1053.2,0
82,5,player,1,1669.7,1016.8,1802.2,1229.0,1736.0,1229.0,0
82,6,player,1,2002.1,463.2,2054.5,621.3,2028.3,621.3,0
82,7,player,1,2476.7,988.7,2591.2,1179.4,2534.0,1179.4,0
82,10,player,0,1171.4,599.2,1214.4,761.0,1192.9,761.0,0
82,12,player,1,476.4,562.6,574.4,733.4,525.4,733.4,0
82,13,player,1,659.8,479.4,731.2,632.5,695.5,632.5,0
82,15,player,1,1234.9,559.9,1295.8,743.1,1265.4,743.1,0
82,16,player,1,1395.2,622.4,1456.5,786.8,1425.8,786.8,0
82,24,player,0,2385.3,1136.7,2545.4,1358.0,2465.4,1358.0,0
83,-1,ball,-1,1859.2,1276.5,1871.2,1288.5,1865.2,1282.5,0
83,1,player,0,1774.5,1082.8,1866.1,1300.7,1820.3,1300.7,1
83,2,player,1,1434.6,738.3,1501.7,924.7,1468.2,924.7,0
83,3,player,0,1118.5,717.3,1216.4,904.9,1167.4,904.9,0
83,4,player,1,574.1,838.2,663.1,1053.3,618.6,1053.3,0
83,5,player,1,1669.7,1016.7,1802.1,1229.0,1735.9,1229.0,0
83,6,player,1,2002.1,463.2,2054.5,621.4,2028.3,621.4,0
83,7,player,1,2476.7,988.9,2591.2,1179.4,2534.0,1179.4,0
83,10,player,0,1171.4,599.1,1214.4,761.3,1192.9,761.3,0
83,12,player,1,476.4,562.6,574.3,733.5,525.3,733.5,0
83,13,player,1,659.8,479.3,731.2,632.6,695.5,632.6,0
83,15,player,1,1234.8,559.8,1295.9,743.1,1265.4,743.1,0
83,16,player,1,1395.3,622.3,1456.5,786.7,1425.9,786.7,0
83,24,player,0,2385.3,1136.7,2545.4,1358.0,2465.4,1358.0,0
84,-1,ball,-1,1872.4,1274.0,1884.4,1286.0,1878.4,1280.0,0
84,1,player,0,1770.8,1081.0,1872.6,1297.9,1821.7,1297.9,1
84,2,player,1,1434.9,734.1,1500.6,923.3,1467.8,923.3,0
84,3,player,0,1115.2,717.7,1219.1,902.0,1167.2,902.0,0
84,4,player,1,587.4,834.7,662.5,1052.3,625.0,1052.3,0
84,5,player,1,1662.7,1012.7,1808.7,1229.8,1735.7,1229.8,0
84,6,player,1,1994.7,460.6,2047.8,621.3,2021.2,621.3,0
84,7,player,1,2463.5,987.0,2580.3,1177.7,2521.9,1177.7,0
84,10,player,0,1167.5,597.4,1207.1,734.5,1187.3,734.5,0
84,12,player,1,476.2,563.4,570.2,733.3,523.2,733.3,0
84,13,player,1,658.7,481.0,722.7,630.7,690.7,630.7,0
84,15,player,1,1229.4,556.7,1289.6,739.3,1259.5,739.3,0
84,16,player,1,1399.8,620.7,1450.0,787.7,1424.9,787.7,0
84,24,player,0,2362.8,1136.6,2508.2,1356.5,2435.5,1356.5,0
85,-1,ball,-1,1872.4,1274.0,1884.4,1286.0,1878.4,1280.0,0
85,1,player,0,1770.8,1081.1,1872.4,1297.8,1821.6,1297.8,1
85,2,player,1,1434.9,734.1,1500.6,923.0,1467.8,923.0,0
85,3,player,0,1115.2,717.7,1219.1,902.0,1167.2,902.0,0
85,4,player,1,587.4,834.7,662.4,1052.3,624.9,1052.3,0
85,5,player,1,1662.7,1012.7,1808.8,1229.8,1735.8,1229.8,0
85,6,player,1,1994.7,460.6,2047.8,621.4,2021.2,621.4,0
85,7,player,1,2463.5,986.9,2580.3,1177.7,2521.9,1177.7,0
85,10,player,0,1167.4,597.4,1207.1,734.6,1187.2,734.6,0
85,12,player,1,476.2,563.4,570.2,733.3,523.2,733.3,0
85,13,player,1,658.7,481.0,722.7,630.7,690.7,630.7,0
85,15,player,1,1229.4,556.7,1289.6,739.3,1259.5,739.3,0
85,16,player,1,1399.8,620.7,1450.0,787.7,1424.9,787.7,0
85,24,player,0,2362.8,1136.6,2508.2,1356.5,2435.5,1356.5,0
86,-1,ball,-1,1884.0,1272.3,1896.0,1284.3,1890.0,1278.3,0
86,1,player,0,1767.2,1081.8,1879.9,1295.7,1823.6,1295.7,1
86,2,player,1,1435.3,733.4,1500.3,922.1,1467.8,922.1,0
86,3,player,0,1115.6,718.0,1217.2,901.6,1166.4,901.6,0
86,4,player,1,601.8,832.2,666.1,1051.3,634.0,1051.3,0
86,5,player,1,1661.9,1010.1,1816.8,1226.8,1739.4,1226.8,0
86,6,player,1,1987.3,459.0,2040.2,620.1,2013.8,620.1,0
86,7,player,1,2450.5,985.9,2570.7,1176.2,2510.6,1176.2,0
86,10,player,0,1163.0,596.3,1202.7,730.9,1182.8,730.9,0
86,12,player,1,479.8,565.1,561.6,732.0,520.7,732.0,0
86,13,player,1,661.3,481.7,719.9,628.7,690.6,628.7,0
86,15,player,1,1224.4,553.7,1283.6,738.5,1254.0,738.5,0
86,16,player,1,1394.2,618.2,1448.4,788.1,1421.3,788.1,0
86,24,player,0,2338.3,1131.3,2463.6,1356.5,2401.0,1356.5,0
87,-1,ball,-1,1884.0,1272.2,1896.0,1284.2,1890.0,1278.2,0
87,1,player,0,1767.2,1081.8,1879.9,1295.7,1823.6,1295.7,1
87,2,player,1,1435.3,733.4,1500.3,922.1,1467.8,922.1,0
87,3,player,0,1115.6,718.0,1217.2,901.6,1166.4,901.6,0
87,4,player,1,601.8,832.2,666.0,1051.2,633.9,1051.2,0
87,5,player,1,1661.8,1010.1,1816.8,1226.8,1739.3,1226.8,0
87,6,player,1,1987.3,458.9,2040.2,620.2,2013.8,620.2,0
87,7,player,1,2450.5,985.9,2570.6,1176.2,2510.6,1176.2,0
87,10,player,0,1163.0,596.1,1202.8,731.1,1182.9,731.1,0
87,12,player,1,479.8,565.1,561.6,732.0,520.7,732.0,0
87,13,player,1,661.3,481.7,719.9,628.7,690.6,628.7,0
87,15,player,1,1224.4,553.7,1283.8,738.5,1254.1,738.5,0
87,16,player,1,1394.1,618.2,1448.4,788.2,1421.2,788.2,0
87,24,player,0,2338.3,1131.2,2463.6,1356.5,2401.0,1356.5,0
88,-1,ball,-1,1884.0,1272.3,1896.0,1284.3,1890.0,1278.3,0
88,1,player,0,1767.2,1081.7,1879.9,1295.7,1823.6,1295.7,1
88,2,player,1,1435.3,733.4,1500.3,922.0,1467.8,922.0,0
88,3,player,0,1115.7,718.0,1217.1,901.6,1166.4,901.6,0
88,4,player,1,601.8,832.2,666.1,1051.1,634.0,1051.1,0
88,5,player,1,1661.8,1010.1,1816.8,1226.8,1739.3,1226.8,0
88,6,player,1,1987.3,458.9,2040.3,620.2,2013.8,620.2,0
88,7,player,1,2450.5,985.8,2570.6,1176.2,2510.6,1176.2,0
88,10,player,0,1163.0,596.1,1202.8,731.0,1182.9,731.0,0
88,12,player,1,479.7,565.1,561.6,732.0,520.6,732.0,0
88,13,player,1,661.3,481.7,719.9,628.7,690.6,628.7,0
88,15,player,1,1224.4,553.7,1283.8,738.5,1254.1,738.5,0
88,16,player,1,1394.1,618.2,1448.4,788.2,1421.2,788.2,0
88,24,player,0,2338.2,1131.4,2463.7,1356.5,2401.0,1356.5,0
89,-1,ball,-1,1896.0,1271.0,1908.0,1283.0,1902.0,1277.0,0
89,1,player,0,1778.0,1082.5,1885.5,1287.7,1831.8,1287.7,1
89,2,player,1,1434.7,734.2,1499.4,923.4,1467.1,923.4,0
89,3,player,0,1117.0,720.5,1209.7,902.7,1163.4,902.7,0
89,4,player,1,595.0,827.7,671.2,1051.6,633.1,1051.6,0
89,5,player,1,1672.3,1003.8,1815.8,1223.3,1744.0,1223.3,0
89,6,player,1,1980.6,459.3,2035.2,618.6,2007.9,618.6,0
89,7,player,1,2437.4,985.2,2562.2,1175.8,2499.8,1175.8,0
89,10,player,0,1159.5,595.9,1199.1,741.8,1179.3,741.8,0
89,12,player,1,483.8,565.4,554.5,732.9,519.2,732.9,0
89,13,player,1,666.7,482.0,718.0,629.1,692.4,629.1,0
89,15,player,1,1219.1,554.7,1279.7,736.8,1249.4,736.8,0
89,16,player,1,1388.7,618.0,1446.4,786.6,1417.6,786.6,0
89,24,player,0,2315.3,1126.7,2428.2,1354.2,2371.8,1354.2,0
90,-1,ball,-1,1896.0,1271.0,1908.0,1283.0,1902.0,1277.0,0
90,1,player,0,1778.0,1082.5,1885.5,1287.7,1831.8,1287.7,1
90,2,player,1,1434.7,734.2,1499.4,923.3,1467.1,923.3,0
90,3,player,0,1117.0,720.5,1209.7,902.7,1163.4,902.7,0
90,4,player,1,595.0,827.7,671.2,1051.6,633.1,1051.6,0
90,5,player,1,1672.3,1003.9,1815.8,1223.3,1744.0,1223.3,0
90,6,player,1,1980.5,459.7,2035.0,618.1,2007.8,618.1,0
90,7,player,1,2437.4,985.2,2562.2,1175.8,2499.8,1175.8,0
90,10,player,0,1159.5,596.0,1199.1,741.8,1179.3,741.8,0
90,12,player,1,483.8,565.4,554.6,732.9,519.2,732.9,0
90,13,player,1,666.5,482.0,717.9,629.0,692.2,629.0,0
90,15,player,1,1219.1,554.7,1279.7,736.8,1249.4,736.8,0
90,16,player,1,1388.7,618.1,1446.4,786.6,1417.6,786.6,0
90,24,player,0,2315.3,1126.7,2428.3,1354.1,2371.8,1354.1,0
91,-1,ball,-1,1906.6,1267.0,1918.6,1279.0,1912.6,1273.0,0
91,1,player,0,1795.1,1083.6,1886.8,1277.6,1841.0,1277.6,1
91,2,player,1,1433.8,737.4,1498.0,923.9,1465.9,923.9,0
91,3,player,0,1122.8,723.1,1203.5,900.7,1163.2,900.7,0
91,4,player,1,590.4,822.6,686.1,1052.0,638.2,1052.0,0
91,5,player,1,1689.0,998.4,1807.1,1220.0,1748.0,1220.0,0
91,6,player,1,1971.9,459.7,2032.9,618.5,2002.4,618.5,0
91,7,player,1,2427.3,986.0,2553.8,1177.1,2490.6,1177.1,0
91,10,player,0,1155.4,593.3,1198.1,751.1,1176.8,751.1,0
91,12,player,1,493.6,566.0,554.6,731.3,524.1,731.3,0
91,13,player,1,671.7,481.9,717.4,629.1,694.6,629.1,0
91,15,player,1,1212.1,553.2,1274.3,736.0,1243.2,736.0,0
91,16,player,1,1381.9,619.5,1447.2,788.0,1414.6,788.0,0
91,24,player,0,2288.9,1122.6,2420.9,1357.0,2354.9,1357.0,0
92,-1,ball,-1,1906.6,1267.1,1918.6,1279.1,1912.6,1273.1,0
92,1,player,0,1795.1,1083.6,1886.8,1277.6,1841.0,1277.6,1
92,2,player,1,1433.8,737.4,1498.0,923.9,1465.9,923.9,0
92,3,player,0,1122.7,723.1,1203.6,900.7,1163.2,900.7,0
92,4,player,1,590.4,822.6,686.3,1051.9,638.3,1051.9,0
92,5,player,1,1689.0,998.4,1807.1,1220.0,1748.0,1220.0,0
92,6,player,1,1971.9,459.7,2032.9,618.5,2002.4,618.5,0
92,7,player,1,2427.3,986.0,2553.8,1177.1,2490.6,1177.1,0
92,10,player,0,1155.4,593.3,1198.1,751.2,1176.8,751.2,0
92,12,player,1,493.6,566.0,554.6,731.3,524.1,731.3,0
92,13,player,1,671.7,481.9,717.4,629.1,694.6,629.1,0
92,15,player,1,1212.1,553.2,1274.4,736.0,1243.2,736.0,0
92,16,player,1,1381.9,619.5,1447.3,787.9,1414.6,787.9,0
92,24,player,0,2288.9,1122.7,2421.0,1357.0,2355.0,1357.0,0
93,-1,ball,-1,1906.6,1267.1,1918.6,1279.1,1912.6,1273.1,0
93,1,player,0,1795.2,1083.6,1886.7,1277.6,1841.0,1277.6,1
93,2,player,1,1433.7,737.4,1498.0,923.9,1465.8,923.9,0
93,3,player,0,1122.8,723.1,1203.5,900.7,1163.2,900.7,0
93,4,player,1,590.4,822.5,686.0,1052.0,638.2,1052.0,0
93,5,player,1,1689.0,998.4,1807.2,1220.0,1748.1,1220.0,0
93,6,player,1,1971.9,459.7,2032.9,618.5,2002.4,618.5,0
93,7,player,1,2427.3,986.0,2553.8,1177.2,2490.6,1177.2,0
93,10,player,0,1155.4,593.2,1198.1,750.9,1176.8,750.9,0
93,12,player,1,493.6,566.0,554.6,731.3,524.1,731.3,0
93,13,player,1,671.7,481.9,717.4,629.0,694.6,629.0,0
93,15,player,1,1212.1,553.2,1274.5,736.0,1243.3,736.0,0
93,16,player,1,1381.8,619.5,1447.2,788.0,1414.5,788.0,0
93,24,player,0,2288.9,1122.7,2421.0,1357.0,2355.0,1357.0,0
94,-1,ball,-1,1906.6,1267.1,1918.6,1279.1,1912.6,1273.1,0
94,1,player,0,1794.9,1083.6,1886.8,1277.7,1840.8,1277.7,1
94,2,player,1,1433.8,737.4,1498.0,923.8,1465.9,923.8,0
94,3,player,0,1122.7,723.1,1203.4,900.7,1163.1,900.7,0
94,4,player,1,590.4,822.5,685.9,1052.1,638.2,1052.1,0
94,5,player,1,1689.1,998.4,1807.1,1219.9,1748.1,1219.9,0
94,6,player,1,1971.9,459.7,2032.9,618.5,2002.4,618.5,0
94,7,player,1,2427.3,986.0,2553.8,1177.1,2490.6,1177.1,0
94,10,player,0,1155.4,593.2,1198.1,750.4,1176.8,750.4,0
94,12,player,1,493.6,566.0,554.6,731.3,524.1,731.3,0
94,13,player,1,671.7,481.9,717.4,629.0,694.6,629.0,0
94,15,player,1,1212.1,553.2,1274.5,736.0,1243.3,736.0,0
94,16,player,1,1381.8,619.5,1447.2,788.0,1414.5,788.0,0
94,24,player,0,2288.9,1122.6,2421.0,1357.0,2355.0,1357.0,0
95,-1,ball,-1,1913.6,1265.2,1925.6,1277.2,1919.6,1271.2,0
95,1,player,0,1824.8,1083.4,1888.7,1277.9,1856.8,1277.9,1
95,2,player,1,1431.9,738.5,1502.5,924.4,1467.2,924.4,0
95,3,player,0,1134.3,721.8,1208.2,900.7,1171.2,900.7,0
95,4,player,1,582.7,820.5,699.8,1050.8,641.2,1050.8,0
95,5,player,1,1711.8,994.2,1808.9,1216.8,1760.4,1216.8,0
95,6,player,1,1963.5,458.3,2030.4,618.2,1997.0,618.2,0
95,7,player,1,2415.1,987.0,2542.9,1177.4,2479.0,1177.4,0
95,10,player,0,1147.5,595.7,1219.0,772.2,1183.2,772.2,0
95,12,player,1,501.4,565.4,555.3,731.4,528.3,731.4,0
95,13,player,1,665.9,478.2,714.7,628.6,690.3,628.6,0
95,15,player,1,1204.8,556.9,1266.0,734.8,1235.4,734.8,0
95,16,player,1,1375.1,620.4,1446.0,786.8,1410.6,786.8,0
95,24,player,0,2262.9,1118.1,2400.1,1359.4,2331.5,1359.4,0
96,-1,ball,-1,1920.2,1263.6,1932.2,1275.6,1926.2,1269.6,0
96,1,player,0,1833.3,1081.4,1897.9,1278.3,1865.6,1278.3,1
96,2,player,1,1430.6,740.7,1508.8,922.7,1469.7,922.7,0
96,3,player,0,1141.5,721.8,1208.3,901.2,1174.9,901.2,0
96,4,player,1,580.0,823.7,707.0,1049.1,643.5,1049.1,0
96,5,player,1,1718.6,992.4,1809.3,1215.8,1764.0,1215.8,0
96,6,player,1,1954.6,457.7,2024.8,618.7,1989.7,618.7,0
96,7,player,1,2404.4,988.4,2531.9,1176.4,2468.2,1176.4,0
96,10,player,0,1132.5,593.6,1218.9,775.5,1175.7,775.5,0
96,12,player,1,493.1,564.5,556.1,732.1,524.6,732.1,0
96,13,player,1,655.3,477.5,712.5,628.3,683.9,628.3,0
96,15,player,1,1197.7,558.7,1260.2,731.9,1229.0,731.9,0
96,16,player,1,1372.9,619.3,1444.8,787.5,1408.8,787.5,0
96,24,player,0,2239.2,1117.1,2375.4,1358.9,2307.3,1358.9,0
97,-1,ball,-1,1920.2,1263.6,1932.2,1275.6,1926.2,1269.6,0
97,1,player,0,1833.3,1081.4,1897.8,1278.1,1865.6,1278.1,1
97,2,player,1,1430.6,740.7,1508.9,922.7,1469.8,922.7,0
97,3,player,0,1141.6,721.8,1208.2,901.2,1174.9,901.2,0
97,4,player,1,580.0,823.5,707.0,1049.1,643.5,1049.1,0
97,5,player,1,1718.6,992.4,1809.2,1215.9,1763.9,1215.9,0
97,6,player,1,1954.6,457.7,2024.7,618.7,1989.6,618.7,0
97,7,player,1,2404.4,988.4,2531.9,1176.4,2468.2,1176.4,0
97,10,player,0,1132.5,593.6,1218.9,775.5,1175.7,775.5,0
97,12,player,1,493.7,563.8,555.9,732.0,524.8,732.0,0
97,13,player,1,655.3,477.7,712.5,628.3,683.9,628.3,0
97,15,player,1,1197.7,558.7,1260.2,731.9,1229.0,731.9,0
97,16,player,1,1372.7,619.3,1445.1,787.5,1408.9,787.5,0
97,24,player,0,2239.2,1117.1,2375.4,1358.9,2307.3,1358.9,0
98,-1,ball,-1,1924.6,1262.1,1936.6,1274.1,1930.6,1268.1,0
98,1,player,0,1826.8,1077.6,1947.0,1282.3,1886.9,1282.3,1
98,2,player,1,1429.9,740.8,1520.4,923.6,1475.2,923.6,0
98,3,player,0,1139.9,720.5,1208.3,903.0,1174.1,903.0,0
98,4,player,1,579.7,826.5,701.9,1048.5,640.8,1048.5,0
98,5,player,1,1720.2,992.4,1810.6,1212.8,1765.4,1212.8,0
98,6,player,1,1945.0,458.2,2015.9,618.7,1980.4,618.7,0
98,7,player,1,2391.8,990.1,2519.7,1177.1,2455.8,1177.1,0
98,10,player,0,1121.9,594.2,1206.7,778.6,1164.3,778.6,0
98,12,player,1,482.3,562.6,550.6,733.2,516.4,733.2,0
98,13,player,1,645.2,478.5,717.6,628.9,681.4,628.9,0
98,15,player,1,1190.3,560.2,1255.2,732.4,1222.8,732.4,0
98,16,player,1,1361.0,620.2,1435.8,784.1,1398.4,784.1,0
98,24,player,0,2213.8,1116.7,2340.6,1361.6,2277.2,1361.6,0
99,-1,ball,-1,1924.6,1262.0,1936.6,1274.0,1930.6,1268.0,0
99,1,player,0,1826.8,1077.6,1946.9,1282.4,1886.8,1282.4,1
99,2,player,1,1429.9,740.7,1520.3,923.6,1475.1,923.6,0
99,3,player,0,1139.8,720.5,1208.2,903.0,1174.0,903.0,0
99,4,player,1,579.1,826.7,701.6,1048.3,640.4,1048.3,0
99,5,player,1,1720.2,992.4,1810.6,1212.8,1765.4,1212.8,0
99,6,player,1,1945.0,458.2,2015.9,618.7,1980.4,618.7,0
99,7,player,1,2391.7,990.1,2519.7,1177.2,2455.7,1177.2,0
99,10,player,0,1122.0,594.3,1206.8,778.5,1164.4,778.5,0
99,12,player,1,482.3,562.6,550.6,733.2,516.4,733.2,0
99,13,player,1,645.2,478.5,717.8,629.0,681.5,629.0,0
99,15,player,1,1190.3,560.3,1255.2,732.4,1222.8,732.4,0
99,16,player,1,1361.0,620.2,1435.8,784.1,1398.4,784.1,0
99,24,player,0,2214.1,1116.9,2340.4,1361.3,2277.2,1361.3,0
100,-1,ball,-1,1924.6,1262.0,1936.6,1274.0,1930.6,1268.0,0
100,1,player,0,1826.8,1077.6,1946.9,1282.4,1886.8,1282.4,1
100,2,player,1,1429.9,740.8,1520.3,923.6,1475.1,923.6,0
100,3,player,0,1139.9,720.5,1208.3,903.0,1174.1,903.0,0
100,4,player,1,579.7,826.4,701.9,1048.5,640.8,1048.5,0
100,5,player,1,1720.2,992.4,1810.6,1212.7,1765.4,1212.7,0
100,6,player,1,1944.9,458.2,2015.9,618.7,1980.4,618.7,0
100,7,player,1,2391.7,990.3,2519.7,1177.1,2455.7,1177.1,0
100,10,player,0,1121.9,594.4,1206.7,778.6,1164.3,778.6,0
100,12,player,1,482.3,562.6,550.9,733.3,516.6,733.3,0
100,13,player,1,645.2,478.5,717.8,629.0,681.5,629.0,0
100,15,player,1,1190.3,560.3,1255.2,732.4,1222.8,732.4,0
100,16,player,1,1361.0,620.2,1435.8,784.1,1398.4,784.1,0
100,24,player,0,2213.8,1116.8,2340.6,1361.5,2277.2,1361.5,0
101,-1,ball,-1,1930.3,1260.2,1942.3,1272.2,1936.3,1266.2,0
101,1,player,0,1827.0,1072.9,1955.4,1278.8,1891.2,1278.8,1
101,2,player,1,1420.1,740.6,1524.0,923.4,1472.0,923.4,0
101,3,player,0,1130.0,719.3,1207.7,902.2,1168.8,902.2,0
101,4,player,1,583.0,829.1,689.1,1052.3,636.0,1052.3,0
101,5,player,1,1716.7,993.0,1812.7,1215.5,1764.7,1215.5,0
101,6,player,1,1932.6,458.7,2006.9,618.6,1969.8,618.6,0
101,7,player,1,2378.0,990.4,2506.7,1176.0,2442.4,1176.0,0
101,10,player,0,1111.3,594.1,1185.3,774.8,1148.3,774.8,0
101,12,player,1,473.6,562.1,559.5,732.7,516.6,732.7,0
101,13,player,1,634.6,480.4,720.4,629.8,677.5,629.8,0
101,15,player,1,1181.8,560.2,1248.4,730.8,1215.1,730.8,0
101,16,player,1,1357.2,620.9,1428.6,782.7,1392.9,782.7,0
101,24,player,0,2186.3,1118.5,2301.0,1362.1,2243.6,1362.1,0
102,-1,ball,-1,1930.3,1260.2,1942.3,1272.2,1936.3,1266.2,0
102,1,player,0,1827.1,1072.9,1955.3,1278.8,1891.2,1278.8,1
102,2,player,1,1420.1,740.6,1524.0,923.4,1472.0,923.4,0
102,3,player,0,1130.0,719.3,1207.8,902.1,1168.9,902.1,0
102,4,player,1,583.0,829.0,689.2,1052.3,636.1,1052.3,0
102,5,player,1,1716.7,993.0,1812.7,1215.5,1764.7,1215.5,0
102,6,player,1,1932.6,458.7,2006.9,618.6,1969.8,618.6,0
102,7,player,1,2377.9,990.5,2506.7,1175.9,2442.3,1175.9,0
102,10,player,0,1111.3,594.1,1187.1,774.9,1149.2,774.9,0
102,12,player,1,473.7,562.1,559.5,732.7,516.6,732.7,0
102,13,player,1,634.6,480.4,720.4,629.8,677.5,629.8,0
102,15,player,1,1181.8,560.2,1248.4,730.7,1215.1,730.7,0
102,16,player,1,1356.9,620.9,1428.6,782.6,1392.8,782.6,0
102,24,player,0,2186.3,1118.4,2301.0,1362.1,2243.6,1362.1,0
103,-1,ball,-1,1931.6,1259.0,1943.6,1271.0,1937.6,1265.0,0
103,1,player,0,1835.8,1071.0,1953.4,1279.5,1894.6,1279.5,1
103,2,player,1,1410.8,739.4,1522.5,923.8,1466.6,923.8,0
103,3,player,0,1122.5,719.3,1210.4,902.3,1166.4,902.3,0
103,4,player,1,590.8,826.1,677.8,1050.0,634.3,1050.0,0
103,5,player,1,1714.4,995.3,1821.0,1219.0,1767.7,1219.0,0
103,6,player,1,1921.0,458.4,1995.4,618.3,1958.2,618.3,0
103,7,player,1,2364.1,990.9,2493.5,1175.7,2428.8,1175.7,0
103,10,player,0,1099.7,594.5,1186.0,776.8,1142.8,776.8,0
103,12,player,1,465.5,561.9,561.9,731.6,513.7,731.6,0
103,13,player,1,627.7,482.2,713.7,628.8,670.7,628.8,0
103,15,player,1,1175.0,559.2,1237.6,728.6,1206.3,728.6,0
103,16,player,1,1349.0,619.4,1422.4,782.4,1385.7,782.4,0
103,24,player,0,2156.5,1120.3,2251.1,1361.5,2203.8,1361.5,0
104,-1,ball,-1,1931.6,1259.0,1943.6,1271.0,1937.6,1265.0,0
104,1,player,0,1835.7,1071.0,1953.4,1279.4,1894.6,1279.4,1
104,2,player,1,1410.8,739.4,1522.6,923.8,1466.7,923.8,0
104,3,player,0,1122.5,719.3,1210.5,902.3,1166.5,902.3,0
104,4,player,1,590.6,826.9,678.3,1049.8,634.4,1049.8,0
104,5,player,1,1714.4,995.3,1821.0,1219.0,1767.7,1219.0,0
104,6,player,1,1921.0,458.4,1995.4,618.3,1958.2,618.3,0
104,7,player,1,2364.0,990.9,2493.5,1175.7,2428.8,1175.7,0
104,10,player,0,1099.7,594.5,1186.0,776.8,1142.8,776.8,0
104,12,player,1,465.4,561.9,561.9,731.7,513.6,731.7,0
104,13,player,1,627.7,482.2,713.7,628.8,670.7,628.8,0
104,15,player,1,1175.0,559.2,1237.7,728.6,1206.4,728.6,0
104,16,player,1,1349.0,619.4,1422.4,782.4,1385.7,782.4,0
104,24,player,0,2156.4,1120.3,2251.1,1361.5,2203.8,1361.5,0
105,-1,ball,-1,1931.6,1259.0,1943.6,1271.0,1937.6,1265.0,0
105,1,player,0,1835.7,1071.1,1953.3,1279.5,1894.5,1279.5,1
105,2,player,1,1410.8,739.3,1522.6,923.8,1466.7,923.8,0
105,3,player,0,1122.5,719.3,1210.4,902.2,1166.4,902.2,0
105,4,player,1,590.5,826.7,678.4,1049.9,634.4,1049.9,0
105,5,player,1,1714.3,995.2,1821.0,1219.0,1767.6,1219.0,0
105,6,player,1,1921.0,458.4,1995.4,618.3,1958.2,618.3,0
105,7,player,1,2364.0,990.9,2493.5,1175.7,2428.8,1175.7,0
105,10,player,0,1099.8,594.5,1186.0,776.8,1142.9,776.8,0
105,12,player,1,465.4,561.9,561.8,731.7,513.6,731.7,0
105,13,player,1,627.7,482.2,713.7,628.8,670.7,628.8,0
105,15,player,1,1175.0,559.2,1237.7,728.6,1206.4,728.6,0
105,16,player,1,1348.9,619.4,1422.4,782.4,1385.6,782.4,0
105,24,player,0,2156.2,1120.3,2251.2,1361.5,2203.7,1361.5,0
106,-1,ball,-1,1923.4,1258.8,1935.4,1270.8,1929.4,1264.8,0
106,1,player,0,1846.1,1072.3,1944.7,1273.7,1895.4,1273.7,1
106,2,player,1,1400.6,738.4,1510.7,921.3,1455.6,921.3,0
106,3,player,0,1117.2,717.8,1215.8,899.6,1166.5,899.6,0
106,4,player,1,587.8,822.1,666.1,1046.7,627.0,1046.7,0
106,5,player,1,1714.6,999.9,1838.6,1218.5,1776.6,1218.5,0
106,6,player,1,1909.7,457.1,1984.7,616.8,1947.2,616.8,0
106,7,player,1,2352.3,989.5,2477.6,1172.6,2415.0,1172.6,0
106,10,player,0,1090.1,593.6,1178.6,775.4,1134.4,775.4,0
106,12,player,1,459.2,562.9,557.4,730.3,508.3,730.3,0
106,13,player,1,620.9,481.9,702.9,628.3,661.9,628.3,0
106,15,player,1,1163.0,559.1,1226.5,729.3,1194.8,729.3,0
106,16,player,1,1345.4,615.0,1412.2,779.2,1378.8,779.2,0
106,24,player,0,2124.9,1120.3,2230.3,1360.1,2177.6,1360.1,0
107,-1,ball,-1,1923.4,1258.8,1935.4,1270.8,1929.4,1264.8,0
107,1,player,0,1846.1,1072.4,1944.7,1273.2,1895.4,1273.2,1
107,2,player,1,1400.6,738.4,1510.8,921.3,1455.7,921.3,0
107,3,player,0,1117.2,717.8,1215.7,899.6,1166.4,899.6,0
107,4,player,1,587.8,822.1,666.1,1046.7,627.0,1046.7,0
107,5,player,1,1714.6,999.9,1838.6,1218.6,1776.6,1218.6,0
107,6,player,1,1909.8,457.2,1984.6,616.8,1947.2,616.8,0
107,7,player,1,2352.2,989.4,2477.5,1172.6,2414.8,1172.6,0
107,10,player,0,1090.1,593.6,1178.7,775.4,1134.4,775.4,0
107,12,player,1,459.2,562.9,557.4,730.3,508.3,730.3,0
107,13,player,1,620.8,481.9,702.9,628.3,661.8,628.3,0
107,15,player,1,1163.1,559.1,1226.6,729.2,1194.8,729.2,0
107,16,player,1,1345.3,614.9,1412.3,779.2,1378.8,779.2,0
107,24,player,0,2124.9,1120.2,2230.3,1360.1,2177.6,1360.1,0
108,-1,ball,-1,1919.5,1260.4,1931.5,1272.4,1925.5,1266.4,0
108,1,player,0,1844.0,1073.1,1947.8,1278.9,1895.9,1278.9,1
108,2,player,1,1398.1,737.4,1502.1,920.2,1450.1,920.2,0
108,3,player,0,1108.1,717.5,1215.8,901.4,1161.9,901.4,0
108,4,player,1,582.4,817.7,664.0,1043.6,623.2,1043.6,0
108,5,player,1,1716.1,1003.5,1853.9,1217.7,1785.0,1217.7,0
108,6,player,1,1899.0,459.9,1972.2,615.5,1935.6,615.5,0
108,7,player,1,2340.9,989.0,2462.0,1172.0,2401.4,1172.0,0
108,10,player,0,1086.3,589.7,1170.7,772.1,1128.5,772.1,0
108,12,player,1,455.3,564.8,548.2,731.0,501.8,731.0,0
108,13,player,1,618.1,481.8,690.7,627.8,654.4,627.8,0
108,15,player,1,1157.3,557.1,1214.7,727.4,1186.0,727.4,0
108,16,player,1,1341.8,613.1,1405.5,779.0,1373.6,779.0,0
108,24,player,0,2081.1,1117.9,2213.8,1360.0,2147.4,1360.0,0
109,-1,ball,-1,1919.4,1260.4,1931.4,1272.4,1925.4,1266.4,0
109,1,player,0,1844.0,1073.2,1947.7,1279.0,1895.8,1279.0,1
109,2,player,1,1398.1,737.4,1502.1,920.2,1450.1,920.2,0
109,3,player,0,1108.1,717.5,1215.9,901.5,1162.0,901.5,0
109,4,player,1,582.2,817.6,664.0,1043.6,623.1,1043.6,0
109,5,player,1,1716.1,1003.5,1853.8,1217.8,1785.0,1217.8,0
109,6,player,1,1899.0,459.9,1972.2,615.5,1935.6,615.5,0
109,7,player,1,2340.9,989.0,2462.0,1172.0,2401.4,1172.0,0
109,10,player,0,1086.2,589.7,1170.7,772.1,1128.4,772.1,0
109,12,player,1,455.3,564.8,548.2,731.0,501.8,731.0,0
109,13,player,1,618.2,481.7,690.7,627.8,654.4,627.8,0
109,15,player,1,1157.3,557.0,1214.7,727.4,1186.0,727.4,0
109,16,player,1,1341.8,613.2,1405.5,778.9,1373.6,778.9,0
109,24,player,0,2081.4,1117.9,2213.8,1360.0,2147.6,1360.0,0
110,-1,ball,-1,1919.4,1260.4,1931.4,1272.4,1925.4,1266.4,0
110,1,player,0,1844.0,1073.2,1947.7,1279.0,1895.8,1279.0,1
110,2,player,1,1397.3,737.6,1502.1,920.8,1449.7,920.8,0
110,3,player,0,1108.2,717.5,1215.8,901.4,1162.0,901.4,0
110,4,player,1,582.3,817.6,664.0,1043.6,623.2,1043.6,0
110,5,player,1,1716.1,1003.5,1853.9,1217.5,1785.0,1217.5,0
110,6,player,1,1899.0,459.9,1972.2,615.5,1935.6,615.5,0
110,7,player,1,2340.9,989.1,2462.2,1172.0,2401.6,1172.0,0
110,10,player,0,1086.2,589.7,1170.7,772.1,1128.4,772.1,0
110,12,player,1,455.3,564.9,548.2,731.1,501.8,731.1,0
110,13,player,1,618.1,481.7,690.7,627.8,654.4,627.8,0
110,15,player,1,1157.3,557.1,1214.6,727.4,1185.9,727.4,0
110,16,player,1,1341.8,613.2,1405.5,778.9,1373.6,778.9,0
110,24,player,0,2081.3,1117.8,2213.8,1360.0,2147.6,1360.0,0
111,-1,ball,-1,1368.9,765.0,1380.9,777.0,1374.9,771.0,0
111,1,player,0,1846.2,1077.5,1968.5,1283.2,1907.4,1283.2,0
111,2,player,1,1400.7,733.8,1493.0,917.6,1446.8,917.6,0
111,3,player,0,1106.1,719.3,1208.8,900.8,1157.4,900.8,0
111,4,player,1,577.9,811.5,663.4,1040.5,620.6,1040.5,0
111,5,player,1,1715.0,1008.4,1861.6,1215.3,1788.3,1215.3,0
111,6,player,1,1887.9,458.0,1963.4,614.5,1925.6,614.5,0
111,7,player,1,2333.2,987.9,2447.6,1172.2,2390.4,1172.2,0
111,10,player,0,1084.7,588.7,1158.1,771.5,1121.4,771.5,0
111,12,player,1,456.8,565.1,537.8,729.4,497.3,729.4,0
111,13,player,1,618.2,472.5,681.2,625.8,649.7,625.8,0
111,15,player,1,1150.7,554.6,1206.4,725.7,1178.6,725.7,0
111,16,player,1,1339.1,611.0,1400.1,780.0,1369.6,780.0,1
111,24,player,0,2051.1,1115.0,2195.7,1358.9,2123.4,1358.9,0
112,-1,ball,-1,1368.9,765.0,1380.9,777.0,1374.9,771.0,0
112,1,player,0,1846.2,1077.5,1968.5,1283.2,1907.4,1283.2,0
112,2,player,1,1400.7,733.8,1493.0,917.6,1446.8,917.6,0
112,3,player,0,1106.1,719.3,1208.8,900.8,1157.4,900.8,0
112,4,player,1,577.8,811.4,663.4,1040.5,620.6,1040.5,0
112,5,player,1,1714.9,1008.3,1861.6,1215.3,1788.2,1215.3,0
112,6,player,1,1887.9,458.0,1963.4,614.5,1925.6,614.5,0
112,7,player,1,2333.2,987.9,2447.6,1172.2,2390.4,1172.2,0
112,10,player,0,1084.7,588.7,1158.1,771.5,1121.4,771.5,0
112,12,player,1,456.8,565.1,537.8,729.4,497.3,729.4,0
112,13,player,1,618.2,472.5,681.2,625.8,649.7,625.8,0
112,15,player,1,1150.7,554.6,1206.4,725.7,1178.6,725.7,0
112,16,player,1,1339.1,611.0,1400.1,780.0,1369.6,780.0,1
112,24,player,0,2051.1,1115.1,2195.7,1358.9,2123.4,1358.9,0
113,-1,ball,-1,1368.9,765.0,1380.9,777.0,1374.9,771.0,0
113,1,player,0,1846.3,1077.5,1968.6,1283.2,1907.4,1283.2,0
113,2,player,1,1400.7,733.8,1493.2,917.7,1447.0,917.7,0
113,3,player,0,1106.1,719.3,1208.8,900.9,1157.4,900.9,0
113,4,player,1,577.9,811.5,663.3,1040.4,620.6,1040.4,0
113,5,player,1,1714.9,1008.4,1861.6,1215.3,1788.2,1215.3,0
113,6,player,1,1887.9,458.0,1963.4,614.5,1925.6,614.5,0
113,7,player,1,2333.2,987.8,2447.6,1172.2,2390.4,1172.2,0
113,10,player,0,1084.6,588.7,1158.2,771.5,1121.4,771.5,0
113,12,player,1,456.8,565.2,537.8,729.4,497.3,729.4,0
113,13,player,1,618.2,472.5,681.2,625.7,649.7,625.7,0
113,15,player,1,1150.9,554.6,1206.4,725.7,1178.6,725.7,0
113,16,player,1,1339.1,611.0,1400.1,780.0,1369.6,780.0,1
113,24,player,0,2051.1,1115.1,2195.7,1358.8,2123.4,1358.8,0
114,-1,ball,-1,1909.7,1261.0,1921.7,1273.0,1915.7,1267.0,0
114,1,player,0,1847.7,1079.7,1981.5,1283.6,1914.6,1283.6,1
114,2,player,1,1409.8,731.4,1492.6,913.4,1451.2,913.4,0
114,3,player,0,1111.6,719.4,1202.6,899.0,1157.1,899.0,0
114,4,player,1,572.3,810.7,661.6,1036.1,617.0,1036.1,0
114,5,player,1,1721.6,1013.3,1858.6,1215.0,1790.1,1215.0,0
114,6,player,1,1879.9,457.8,1954.9,613.6,1917.4,613.6,0
114,7,player,1,2325.4,986.8,2439.0,1173.5,2382.2,1173.5,0
114,10,player,0,1085.7,585.4,1141.8,768.1,1113.8,768.1,0
114,12,player,1,460.7,562.7,529.1,727.7,494.9,727.7,0
114,13,player,1,623.5,468.7,674.1,624.4,648.8,624.4,0
114,15,player,1,1142.0,550.1,1197.6,725.7,1169.8,725.7,0
114,16,player,1,1337.1,609.1,1394.5,779.0,1365.8,779.0,0
114,24,player,0,2023.9,1114.6,2174.6,1356.1,2099.2,1356.1,0
115,-1,ball,-1,1908.2,1261.6,1920.2,1273.6,1914.2,1267.6,0
115,1,player,0,1851.0,1081.0,1992.0,1285.3,1921.5,1285.3,1
115,2,player,1,1423.3,727.8,1493.0,912.2,1458.2,912.2,0
115,3,player,0,1120.3,716.6,1203.2,897.8,1161.8,897.8,0
115,4,player,1,568.8,809.4,661.6,1035.9,615.2,1035.9,0
115,5,player,1,1726.6,1014.2,1852.3,1214.4,1789.4,1214.4,0
115,6,player,1,1873.7,456.5,1946.8,611.9,1910.2,611.9,0
115,7,player,1,2320.0,986.8,2431.8,1174.6,2375.9,1174.6,0
115,10,player,0,1087.0,583.7,1138.7,766.5,1112.8,766.5,0
115,12,player,1,466.5,560.7,523.0,726.1,494.8,726.1,0
115,13,player,1,626.4,464.3,670.4,620.5,648.4,620.5,0
115,15,player,1,1135.8,548.8,1191.6,733.3,1163.7,733.3,0
115,16,player,1,1336.0,607.9,1399.3,777.1,1367.6,777.1,0
115,24,player,0,2012.5,1116.7,2146.2,1360.1,2079.4,1360.1,0
116,-1,ball,-1,1908.2,1261.6,1920.2,1273.6,1914.2,1267.6,0
116,1,player,0,1851.0,1081.0,1992.0,1285.2,1921.5,1285.2,1
116,2,player,1,1423.3,727.8,1493.0,912.2,1458.2,912.2,0
116,3,player,0,1120.2,716.5,1203.1,897.8,1161.6,897.8,0
116,4,player,1,568.8,809.5,661.6,1035.8,615.2,1035.8,0
116,5,player,1,1726.6,1014.2,1852.3,1214.4,1789.4,1214.4,0
116,6,player,1,1873.7,456.5,1946.9,611.9,1910.3,611.9,0
116,7,player,1,2320.0,986.8,2431.8,1174.7,2375.9,1174.7,0
116,10,player,0,1087.0,583.6,1138.7,766.5,1112.8,766.5,0
116,12,player,1,466.5,560.7,523.0,726.1,494.8,726.1,0
116,13,player,1,626.3,464.3,670.4,620.6,648.3,620.6,0
116,15,player,1,1135.8,548.8,1191.6,733.4,1163.7,733.4,0
116,16,player,1,1335.9,607.9,1399.3,777.0,1367.6,777.0,0
116,24,player,0,2012.5,1116.7,2146.2,1360.2,2079.4,1360.2,0
117,-1,ball,-1,468.1,703.2,480.1,715.2,474.1,709.2,0
117,1,player,0,1851.0,1081.0,1992.0,1285.2,1921.5,1285.2,0
117,2,player,1,1423.3,727.9,1493.0,912.2,1458.2,912.2,0
117,3,player,0,1120.1,716.5,1203.2,897.8,1161.6,897.8,0
117,4,player,1,568.7,809.3,661.6,1035.9,615.2,1035.9,0
117,5,player,1,1726.6,1014.2,1852.3,1214.4,1789.4,1214.4,0
117,6,player,1,1873.7,456.4,1946.9,611.9,1910.3,611.9,0
117,7,player,1,2320.0,986.8,2431.8,1174.8,2375.9,1174.8,0
117,10,player,0,1087.0,583.6,1138.7,766.6,1112.8,766.6,0
117,12,player,1,466.5,560.6,523.0,726.1,494.8,726.1,1
117,13,player,1,626.3,464.3,670.4,620.6,648.3,620.6,0
117,15,player,1,1135.8,548.8,1191.6,733.6,1163.7,733.6,0
117,16,player,1,1336.0,607.9,1399.3,777.0,1367.6,777.0,0
117,24,player,0,2012.4,1116.7,2146.2,1360.2,2079.3,1360.2,0
118,-1,ball,-1,1907.2,1262.8,1919.2,1274.8,1913.2,1268.8,0
118,1,player,0,1855.9,1082.1,1988.5,1285.6,1922.2,1285.6,1
118,2,player,1,1427.2,723.8,1495.9,910.3,1461.6,910.3,0
118,3,player,0,1130.3,714.0,1198.3,899.2,1164.3,899.2,0
118,4,player,1,567.7,810.8,662.5,1036.0,615.1,1036.0,0
118,5,player,1,1729.4,1012.8,1847.2,1215.5,1788.3,1215.5,0
118,6,player,1,1867.7,457.8,1941.3,610.5,1904.5,610.5,0
118,7,player,1,2315.3,986.1,2427.8,1174.2,2371.6,1174.2,0
118,10,player,0,1091.0,583.9,1137.3,765.3,1114.2,765.3,0
118,12,player,1,465.1,557.5,520.9,726.2,493.0,726.2,0
118,13,player,1,621.8,463.4,667.1,620.8,644.4,620.8,0
118,15,player,1,1129.7,546.2,1185.3,728.0,1157.5,728.0,0
118,16,player,1,1332.6,608.3,1403.1,775.0,1367.8,775.0,0
118,24,player,0,1998.1,1118.7,2111.4,1359.9,2054.8,1359.9,0
119,-1,ball,-1,1907.2,1262.8,1919.2,1274.8,1913.2,1268.8,0
119,1,player,0,1855.9,1082.1,1988.6,1285.4,1922.2,1285.4,1
119,2,player,1,1427.7,723.8,1495.8,910.4,1461.8,910.4,0
119,3,player,0,1130.2,714.0,1198.5,899.2,1164.4,899.2,0
119,4,player,1,567.6,810.8,662.5,1036.0,615.0,1036.0,0
119,5,player,1,1729.4,1012.9,1847.2,1215.6,1788.3,1215.6,0
119,6,player,1,1867.7,457.8,1941.3,610.5,1904.5,610.5,0
119,7,player,1,2315.4,986.1,2427.8,1174.2,2371.6,1174.2,0
119,10,player,0,1090.9,583.9,1137.3,765.3,1114.1,765.3,0
119,12,player,1,465.1,557.5,521.0,726.2,493.0,726.2,0
119,13,player,1,621.8,463.3,667.1,620.8,644.4,620.8,0
119,15,player,1,1129.7,546.2,1185.3,727.8,1157.5,727.8,0
119,16,player,1,1332.6,608.3,1403.1,774.9,1367.8,774.9,0
119,24,player,0,1998.0,1118.7,2111.4,1359.9,2054.7,1359.9,0
120,-1,ball,-1,1907.4,1265.2,1919.4,1277.2,1913.4,1271.2,0
120,1,player,0,1869.1,1081.7,1980.6,1283.8,1924.8,1283.8,1
120,2,player,1,1428.8,721.9,1498.3,911.2,1463.6,911.2,0
120,3,player,0,1143.6,710.7,1191.4,898.2,1167.5,898.2,0
120,4,player,1,568.0,813.7,664.4,1035.7,616.2,1035.7,0
120,5,player,1,1735.1,1006.0,1843.2,1214.4,1789.2,1214.4,0
120,6,player,1,1866.6,458.9,1936.0,609.1,1901.3,609.1,0
120,7,player,1,2311.2,986.4,2424.0,1173.3,2367.6,1173.3,0
120,10,player,0,1093.1,583.2,1139.1,763.2,1116.1,763.2,0
120,12,player,1,464.2,554.1,521.5,725.3,492.8,725.3,0
120,13,player,1,623.2,464.4,666.0,618.5,644.6,618.5,0
120,15,player,1,1124.9,545.1,1181.4,722.1,1153.2,722.1,0
120,16,player,1,1332.5,608.6,1406.8,770.5,1369.6,770.5,0
120,24,player,0,1974.6,1118.7,2075.0,1361.6,2024.8,1361.6,0
121,-1,ball,-1,1907.4,1265.2,1919.4,1277.2,1913.4,1271.2,0
121,1,player,0,1869.1,1081.8,1980.7,1284.0,1924.9,1284.0,1
121,2,player,1,1428.8,721.9,1498.3,911.3,1463.6,911.3,0
121,3,player,0,1143.6,710.7,1191.3,898.2,1167.4,898.2,0
121,4,player,1,568.0,813.6,664.4,1035.8,616.2,1035.8,0
121,5,player,1,1735.1,1006.1,1843.2,1214.3,1789.2,1214.3,0
121,6,player,1,1866.6,458.9,1936.0,609.0,1901.3,609.0,0
121,7,player,1,2311.3,986.4,2424.1,1173.2,2367.7,1173.2,0
121,10,player,0,1093.1,583.3,1139.1,763.3,1116.1,763.3,0
121,12,player,1,464.1,554.0,521.6,725.3,492.8,725.3,0
121,13,player,1,623.1,463.7,666.0,618.5,644.6,618.5,0
121,15,player,1,1124.5,545.1,1181.4,722.3,1153.0,722.3,0
121,16,player,1,1332.4,608.6,1406.7,770.5,1369.6,770.5,0
121,24,player,0,1974.5,1118.7,2075.1,1361.6,2024.8,1361.6,0
122,-1,ball,-1,1910.2,1264.5,1922.2,1276.5,1916.2,1270.5,0
122,1,player,0,1875.8,1079.5,1970.5,1279.4,1923.2,1279.4,1
122,2,player,1,1432.1,721.4,1502.7,909.9,1467.4,909.9,0
122,3,player,0,1147.0,712.6,1196.7,896.5,1171.8,896.5,0
122,4,player,1,571.6,816.0,670.2,1036.1,620.9,1036.1,0
122,5,player,1,1737.5,1001.7,1840.5,1211.9,1789.0,1211.9,0
122,6,player,1,1866.0,458.3,1934.4,608.5,1900.2,608.5,0
122,7,player,1,2310.7,985.6,2424.2,1172.8,2367.4,1172.8,0
122,10,player,0,1091.9,581.3,1141.6,762.7,1116.8,762.7,0
122,12,player,1,464.9,550.3,529.5,725.3,497.2,725.3,0
122,13,player,1,623.5,462.5,670.9,619.6,647.2,619.6,0
122,15,player,1,1117.1,543.8,1179.7,723.4,1148.4,723.4,0
122,16,player,1,1327.5,608.5,1410.6,771.7,1369.0,771.7,0
122,24,player,0,1951.2,1118.1,2040.9,1364.4,1996.0,1364.4,0
123,-1,ball,-1,1910.2,1264.5,1922.2,1276.5,1916.2,1270.5,0
123,1,player,0,1875.8,1079.5,1970.6,1279.3,1923.2,1279.3,1
123,2,player,1,1432.1,721.4,1502.8,909.9,1467.4,909.9,0
123,3,player,0,1147.0,712.6,1196.7,896.5,1171.8,896.5,0
123,4,player,1,571.7,815.8,670.3,1037.4,621.0,1037.4,0
123,5,player,1,1737.5,1001.7,1840.5,1211.9,1789.0,1211.9,0
123,6,player,1,1866.1,458.3,1934.2,608.5,1900.2,608.5,0
123,7,player,1,2310.7,985.6,2424.2,1172.8,2367.4,1172.8,0
123,10,player,0,1091.8,581.3,1141.7,762.7,1116.8,762.7,0
123,12,player,1,464.9,550.3,529.6,725.4,497.2,725.4,0
123,13,player,1,623.5,462.5,670.9,619.6,647.2,619.6,0
123,15,player,1,1116.9,543.8,1179.6,723.2,1148.2,723.2,0
123,16,player,1,1327.5,608.7,1410.6,771.7,1369.0,771.7,0
123,24,player,0,1951.2,1118.1,2041.0,1364.4,1996.1,1364.4,0
124,-1,ball,-1,1910.2,1264.4,1922.2,1276.4,1916.2,1270.4,0
124,1,player,0,1875.8,1079.5,1970.6,1279.1,1923.2,1279.1,1
124,2,player,1,1432.1,721.5,1502.7,909.9,1467.4,909.9,0
124,3,player,0,1147.0,712.6,1196.7,896.5,1171.8,896.5,0
124,4,player,1,571.6,816.0,670.2,1036.1,620.9,1036.1,0
124,5,player,1,1737.4,1001.6,1840.6,1212.0,1789.0,1212.0,0
124,6,player,1,1865.9,458.4,1934.2,608.5,1900.0,608.5,0
124,7,player,1,2310.7,985.6,2424.3,1172.9,2367.5,1172.9,0
124,10,player,0,1091.7,581.3,1141.7,762.7,1116.7,762.7,0
124,12,player,1,464.9,550.3,529.7,725.5,497.3,725.5,0
124,13,player,1,623.5,462.5,670.9,619.6,647.2,619.6,0
124,15,player,1,1116.9,543.8,1179.6,723.6,1148.2,723.6,0
124,16,player,1,1327.4,608.8,1410.7,771.2,1369.1,771.2,0
124,24,player,0,1951.3,1118.0,2040.9,1364.5,1996.1,1364.5,0
125,-1,ball,-1,1912.6,1264.8,1924.6,1276.8,1918.6,1270.8,0
125,1,player,0,1882.8,1076.4,1959.1,1256.1,1921.0,1256.1,1
125,2,player,1,1436.2,721.9,1509.3,910.6,1472.8,910.6,0
125,3,player,0,1145.8,714.4,1208.3,897.5,1177.0,897.5,0
125,4,player,1,576.9,816.9,681.4,1037.8,629.2,1037.8,0
125,5,player,1,1740.1,994.3,1838.4,1209.4,1789.2,1209.4,0
125,6,player,1,1865.4,458.0,1933.0,608.3,1899.2,608.3,0
125,7,player,1,2311.3,983.7,2423.9,1172.1,2367.6,1172.1,0
125,10,player,0,1088.4,584.6,1150.4,765.3,1119.4,765.3,0
125,12,player,1,468.2,550.9,544.3,725.2,506.2,725.2,0
125,13,player,1,625.0,462.2,683.2,621.2,654.1,621.2,0
125,15,player,1,1118.4,543.0,1178.6,721.5,1148.5,721.5,0
125,16,player,1,1328.2,609.1,1412.3,768.5,1370.2,768.5,0
125,24,player,0,1909.6,1113.6,2033.9,1367.9,1971.8,1367.9,0
126,-1,ball,-1,1912.5,1264.8,1924.5,1276.8,1918.5,1270.8,0
126,1,player,0,1882.8,1076.4,1959.0,1255.7,1920.9,1255.7,1
126,2,player,1,1436.2,722.0,1509.4,910.6,1472.8,910.6,0
126,3,player,0,1145.9,714.4,1208.3,897.5,1177.1,897.5,0
126,4,player,1,576.9,816.9,681.4,1037.8,629.2,1037.8,0
126,5,player,1,1740.2,994.3,1838.4,1209.4,1789.3,1209.4,0
126,6,player,1,1865.4,458.0,1932.9,608.3,1899.2,608.3,0
126,7,player,1,2311.3,983.7,2424.1,1172.1,2367.7,1172.1,0
126,10,player,0,1088.5,584.6,1150.4,765.4,1119.4,765.4,0
126,12,player,1,468.2,550.8,544.2,725.3,506.2,725.3,0
126,13,player,1,625.0,462.5,683.2,621.3,654.1,621.3,0
126,15,player,1,1118.2,543.1,1178.4,721.3,1148.3,721.3,0
126,16,player,1,1328.2,609.2,1412.2,768.5,1370.2,768.5,0
126,24,player,0,1909.4,1113.6,2033.8,1367.9,1971.6,1367.9,0
127,-1,ball,-1,2543.0,1455.4,2555.0,1467.4,2549.0,1461.4,0
127,2,player,1,1441.0,726.2,1516.0,910.6,1478.5,910.6,0
127,3,player,0,1145.1,714.7,1227.7,896.8,1186.4,896.8,0
127,4,player,1,583.9,816.9,692.2,1036.4,638.0,1036.4,0
127,5,player,1,1743.8,989.9,1837.0,1208.9,1790.4,1208.9,0
127,6,player,1,1865.4,458.7,1930.9,608.0,1898.2,608.0,0
127,7,player,1,2312.9,983.2,2423.1,1172.2,2368.0,1172.2,0
127,10,player,0,1087.6,584.4,1162.8,764.7,1125.2,764.7,0
127,12,player,1,472.5,550.5,557.1,726.0,514.8,726.0,0
127,13,player,1,626.7,465.2,683.6,617.5,655.2,617.5,0
127,15,player,1,1118.6,542.5,1178.0,716.3,1148.3,716.3,0
127,16,player,1,1327.1,609.6,1412.0,769.2,1369.6,769.2,0
127,24,player,0,1894.0,1090.7,2027.6,1371.5,1960.8,1371.5,0
128,-1,ball,-1,2543.0,1455.4,2555.0,1467.4,2549.0,1461.4,0
128,2,player,1,1441.0,726.2,1516.0,910.5,1478.5,910.5,0
128,3,player,0,1145.1,714.7,1227.7,896.8,1186.4,896.8,0
128,4,player,1,583.9,816.9,692.2,1036.4,638.0,1036.4,0
128,5,player,1,1743.8,989.9,1837.0,1209.0,1790.4,1209.0,0
128,6,player,1,1865.3,458.7,1930.9,608.0,1898.1,608.0,0
128,7,player,1,2312.9,983.2,2423.1,1172.2,2368.0,1172.2,0
128,10,player,0,1087.6,584.5,1162.8,764.7,1125.2,764.7,0
128,12,player,1,472.5,550.5,557.1,726.0,514.8,726.0,0
128,13,player,1,626.7,465.3,683.5,617.4,655.1,617.4,0
128,15,player,1,1118.6,542.5,1178.0,716.5,1148.3,716.5,0
128,16,player,1,1327.1,609.5,1412.0,769.1,1369.6,769.1,0
128,24,player,0,1894.1,1090.7,2027.5,1371.5,1960.8,1371.5,0
129,-1,ball,-1,2542.9,1455.4,2554.9,1467.4,2548.9,1461.4,0
129,2,player,1,1440.9,726.2,1516.0,910.5,1478.4,910.5,0
129,3,player,0,1145.1,714.7,1227.7,896.9,1186.4,896.9,0
129,4,player,1,583.9,816.9,692.1,1036.3,638.0,1036.3,0
129,5,player,1,1743.8,989.9,1837.0,1209.0,1790.4,1209.0,0
129,6,player,1,1865.4,458.7,1930.9,608.0,1898.2,608.0,0
129,7,player,1,2312.9,983.2,2422.9,1172.2,2367.9,1172.2,0
129,10,player,0,1087.6,584.6,1162.8,764.7,1125.2,764.7,0
129,12,player,1,472.6,550.5,557.1,726.0,514.8,726.0,0
129,13,player,1,626.7,465.3,683.6,617.4,655.2,617.4,0
129,15,player,1,1118.6,542.5,1178.3,716.7,1148.4,716.7,0
129,16,player,1,1327.1,609.5,1412.0,769.1,1369.6,769.1,0
129,24,player,0,1894.3,1092.1,2027.7,1371.5,1961.0,1371.5,0
130,-1,ball,-1,681.1,1005.2,693.1,1017.2,687.1,1011.2,0
130,2,player,1,1447.0,731.4,1526.4,911.5,1486.7,911.5,0
130,3,player,0,1145.6,715.4,1242.1,897.4,1193.8,897.4,0
130,4,player,1,591.7,819.5,698.0,1035.8,644.8,1035.8,1
130,5,player,1,1746.5,988.8,1839.6,1209.8,1793.0,1209.8,0
130,6,player,1,1866.0,460.6,1931.1,607.9,1898.6,607.9,0
130,7,player,1,2313.6,983.6,2423.8,1174.0,2368.7,1174.0,0
130,10,player,0,1087.6,583.1,1166.5,764.4,1127.0,764.4,0
130,12,player,1,476.9,553.6,568.4,727.4,522.6,727.4,0
130,13,player,1,627.5,467.6,696.5,620.6,662.0,620.6,0
130,15,player,1,1119.5,542.7,1178.3,715.3,1148.9,715.3,0
130,16,player,1,1326.1,609.2,1412.3,769.0,1369.2,769.0,0
130,24,player,0,1891.7,1073.0,2014.6,1372.5,1953.2,1372.5,0
131,-1,ball,-1,681.1,1005.0,693.1,1017.0,687.1,1011.0,0
131,2,player,1,1447.0,731.5,1526.2,911.5,1486.6,911.5,0
131,3,player,0,1145.7,715.5,1242.0,897.3,1193.8,897.3,0
131,4,player,1,591.7,819.5,698.1,1035.9,644.9,1035.9,1
131,5,player,1,1746.5,988.8,1839.7,1209.7,1793.1,1209.7,0
131,6,player,1,1866.0,460.5,1931.1,607.9,1898.6,607.9,0
131,7,player,1,2313.6,983.6,2423.7,1174.0,2368.6,1174.0,0
131,10,player,0,1087.6,583.0,1166.4,764.4,1127.0,764.4,0
131,12,player,1,476.9,553.5,568.3,727.4,522.6,727.4,0
131,13,player,1,627.5,467.6,696.4,620.6,662.0,620.6,0
131,15,player,1,1119.5,542.7,1178.3,715.2,1148.9,715.2,0
131,16,player,1,1326.0,609.2,1412.4,769.0,1369.2,769.0,0
131,24,player,0,1891.7,1073.0,2014.7,1372.5,1953.2,1372.5,0
131,27,player,0,0.1,869.1,19.2,1031.1,9.6,1031.1,0
132,-1,ball,-1,683.6,1004.7,695.6,1016.7,689.6,1010.7,0
132,1,player,0,1905.4,1068.4,2012.3,1286.7,1958.8,1286.7,0
132,2,player,1,1452.4,735.6,1543.8,912.4,1498.1,912.4,0
132,3,player,0,1146.8,718.9,1249.6,897.1,1198.2,897.1,0
132,4,player,1,596.9,820.5,701.7,1035.7,649.3,1035.7,1
132,5,player,1,1750.5,989.4,1846.4,1213.1,1798.4,1213.1,0
132,6,player,1,1867.9,460.2,1933.0,608.1,1900.4,608.1,0
132,7,player,1,2312.6,984.5,2422.2,1174.9,2367.4,1174.9,0
132,10,player,0,1089.7,582.5,1172.8,763.5,1131.2,763.5,0
132,12,player,1,482.9,556.0,577.3,728.1,530.1,728.1,0
132,13,player,1,631.9,471.9,699.6,624.2,665.8,624.2,0
132,15,player,1,1117.6,542.6,1179.6,710.4,1148.6,710.4,0
132,16,player,1,1328.3,607.6,1414.2,768.8,1371.2,768.8,0
132,24,player,0,1875.6,1117.7,1994.2,1375.0,1934.9,1375.0,0
132,27,player,0,0.1,861.9,28.4,1032.0,14.2,1032.0,0
133,-1,ball,-1,683.6,1004.7,695.6,1016.7,689.6,1010.7,0
133,1,player,0,1905.4,1068.4,2012.3,1286.7,1958.8,1286.7,0
133,2,player,1,1452.4,735.6,1543.7,912.5,1498.1,912.5,0
133,3,player,0,1146.9,718.9,1249.6,897.0,1198.2,897.0,0
133,4,player,1,596.9,820.5,701.8,1035.6,649.3,1035.6,1
133,5,player,1,1750.5,989.4,1846.4,1213.1,1798.4,1213.1,0
133,6,player,1,1867.9,460.2,1933.0,608.1,1900.4,608.1,0
133,7,player,1,2312.6,984.4,2422.3,1175.0,2367.4,1175.0,0
133,10,player,0,1089.7,582.9,1172.8,763.5,1131.2,763.5,0
133,12,player,1,482.9,556.0,577.3,728.2,530.1,728.2,0
133,13,player,1,631.9,472.0,699.5,624.2,665.7,624.2,0
133,15,player,1,1117.6,542.6,1179.8,710.2,1148.7,710.2,0
133,16,player,1,1328.4,607.5,1414.2,768.7,1371.3,768.7,0
133,24,player,0,1875.6,1117.7,1994.2,1375.0,1934.9,1375.0,0
133,27,player,0,0.1,862.1,28.0,1032.1,14.0,1032.1,0
134,-1,ball,-1,1932.8,1263.7,1944.8,1275.7,1938.8,1269.7,0
134,1,player,0,1915.1,1070.2,2020.1,1288.8,1967.6,1288.8,1
134,2,player,1,1460.1,737.7,1570.9,910.7,1515.5,910.7,0
134,3,player,0,1150.7,719.6,1252.4,897.0,1201.6,897.0,0
134,4,player,1,604.6,820.8,704.5,1033.0,654.6,1033.0,0
134,5,player,1,1751.8,991.3,1854.4,1217.0,1803.1,1217.0,0
134,6,player,1,1870.5,460.3,1933.9,607.7,1902.2,607.7,0
134,7,player,1,2311.8,984.7,2421.4,1175.4,2366.6,1175.4,0
134,10,player,0,1091.5,580.9,1176.8,762.8,1134.2,762.8,0
134,12,player,1,487.0,559.9,580.0,726.9,533.5,726.9,0
134,13,player,1,642.2,474.7,701.6,625.0,671.9,625.0,0
134,15,player,1,1117.9,542.4,1179.0,654.6,1148.4,654.6,0
134,16,player,1,1338.8,605.3,1415.7,767.2,1377.2,767.2,0
134,24,player,0,1855.1,1122.6,1968.2,1377.5,1911.6,1377.5,0
134,27,player,0,0.1,827.8,43.5,1030.4,21.8,1030.4,0
135,-1,ball,-1,1932.8,1263.6,1944.8,1275.6,1938.8,1269.6,0
135,1,player,0,1915.1,1070.3,2020.5,1288.8,1967.8,1288.8,1
135,2,player,1,1460.1,737.7,1570.9,910.7,1515.5,910.7,0
135,3,player,0,1150.7,719.6,1252.4,897.0,1201.6,897.0,0
135,4,player,1,604.2,820.0,704.1,1032.3,654.2,1032.3,0
135,5,player,1,1751.8,991.3,1854.4,1216.9,1803.1,1216.9,0
135,6,player,1,1870.5,460.3,1933.9,607.8,1902.2,607.8,0
135,7,player,1,2311.8,984.6,2421.5,1175.4,2366.6,1175.4,0
135,10,player,0,1091.5,580.7,1176.7,762.8,1134.1,762.8,0
135,12,player,1,487.0,559.9,580.0,726.9,533.5,726.9,0
135,13,player,1,642.2,474.7,701.6,625.0,671.9,625.0,0
135,15,player,1,1118.0,542.4,1179.1,654.5,1148.6,654.5,0
135,16,player,1,1338.7,605.2,1415.7,767.2,1377.2,767.2,0
135,24,player,0,1855.2,1122.6,1968.2,1377.5,1911.7,1377.5,0
135,27,player,0,0.1,827.7,43.5,1030.6,21.8,1030.6,0
136,-1,ball,-1,1932.8,1263.7,1944.8,1275.7,1938.8,1269.7,0
136,1,player,0,1915.0,1070.2,2020.5,1288.9,1967.8,1288.9,1
136,2,player,1,1460.1,737.7,1570.8,910.8,1515.4,910.8,0
136,3,player,0,1150.8,719.6,1252.4,896.9,1201.6,896.9,0
136,4,player,1,604.6,820.8,704.7,1033.0,654.7,1033.0,0
136,5,player,1,1751.8,991.3,1854.4,1216.9,1803.1,1216.9,0
136,6,player,1,1870.5,460.3,1933.9,607.8,1902.2,607.8,0
136,7,player,1,2311.8,984.7,2421.4,1175.4,2366.6,1175.4,0
136,10,player,0,1091.5,580.7,1176.8,762.8,1134.2,762.8,0
136,12,player,1,487.0,559.9,580.1,726.9,533.6,726.9,0
136,13,player,1,642.2,474.7,701.6,625.0,671.9,625.0,0
136,15,player,1,1117.9,542.5,1179.1,654.7,1148.5,654.7,0
136,16,player,1,1338.8,605.3,1415.7,767.2,1377.2,767.2,0
136,24,player,0,1855.2,1122.6,1968.0,1377.5,1911.6,1377.5,0
136,27,player,0,0.1,827.6,44.1,1030.7,22.1,1030.7,0
137,-1,ball,-1,1935.8,1271.4,1947.8,1283.4,1941.8,1277.4,0
137,1,player,0,1921.6,1070.7,2035.4,1290.9,1978.5,1290.9,1
137,2,player,1,1468.8,738.9,1582.4,909.7,1525.6,909.7,0
137,3,player,0,1157.2,719.3,1254.2,895.7,1205.7,895.7,0
137,4,player,1,610.2,820.9,705.3,1030.0,657.8,1030.0,0
137,5,player,1,1753.8,995.0,1849.1,1220.7,1801.4,1220.7,0
137,6,player,1,1871.9,462.9,1933.7,607.1,1902.8,607.1,0
137,7,player,1,2309.3,985.6,2420.6,1179.0,2365.0,1179.0,0
137,10,player,0,1096.0,580.9,1183.3,762.7,1139.6,762.7,0
137,12,player,1,487.9,560.4,580.8,726.2,534.3,726.2,0
137,13,player,1,648.3,480.1,702.5,623.2,675.4,623.2,0
137,15,player,1,1112.5,542.7,1180.2,653.6,1146.4,653.6,0
137,16,player,1,1346.7,603.2,1417.0,765.7,1381.8,765.7,0
137,24,player,0,1802.4,1126.0,1934.9,1379.8,1868.6,1379.8,0
137,27,player,0,0.1,804.2,51.3,1030.5,25.7,1030.5,0
138,-1,ball,-1,1935.8,1271.4,1947.8,1283.4,1941.8,1277.4,0
138,1,player,0,1921.6,1070.8,2035.3,1290.9,1978.4,1290.9,1
138,2,player,1,1468.8,738.9,1582.4,909.8,1525.6,909.8,0
138,3,player,0,1157.1,719.3,1254.4,895.7,1205.8,895.7,0
138,4,player,1,610.2,820.9,705.3,1030.1,657.8,1030.1,0
138,5,player,1,1753.8,995.1,1849.0,1220.6,1801.4,1220.6,0
138,6,player,1,1871.9,463.0,1933.7,607.1,1902.8,607.1,0
138,7,player,1,2309.4,985.7,2420.9,1178.9,2365.2,1178.9,0
138,10,player,0,1096.0,581.0,1183.3,762.7,1139.6,762.7,0
138,12,player,1,487.9,560.5,580.8,726.2,534.3,726.2,0
138,13,player,1,648.2,480.2,702.4,623.3,675.3,623.3,0
138,15,player,1,1112.4,542.8,1180.1,653.6,1146.2,653.6,0
138,16,player,1,1346.7,603.2,1417.0,765.8,1381.8,765.8,0
138,24,player,0,1802.4,1125.9,1934.8,1379.7,1868.6,1379.7,0
138,27,player,0,0.1,804.1,51.2,1030.5,25.6,1030.5,0
139,-1,ball,-1,1940.8,1273.3,1952.8,1285.3,1946.8,1279.3,0
139,1,player,0,1928.4,1069.5,2046.4,1293.4,1987.4,1293.4,1
139,2,player,1,1478.3,739.7,1584.8,910.2,1531.6,910.2,0
139,3,player,0,1165.2,717.1,1254.7,894.4,1210.0,894.4,0
139,4,player,1,614.9,822.7,707.2,1029.0,661.0,1029.0,0
139,5,player,1,1754.9,1002.3,1852.4,1222.0,1803.6,1222.0,0
139,6,player,1,1872.3,469.2,1934.4,606.7,1903.4,606.7,0
139,7,player,1,2305.9,984.9,2421.1,1177.9,2363.5,1177.9,0
139,10,player,0,1101.2,561.9,1185.5,762.9,1143.4,762.9,0
139,12,player,1,490.4,560.5,581.4,726.1,535.9,726.1,0
139,13,player,1,653.9,474.4,705.5,625.2,679.7,625.2,0
139,15,player,1,1111.3,542.5,1179.9,636.2,1145.6,636.2,0
139,16,player,1,1353.2,602.5,1417.1,765.9,1385.2,765.9,0
139,24,player,0,1780.4,1125.6,1927.2,1379.1,1853.8,1379.1,0
139,27,player,0,0.1,804.0,55.9,1033.5,28.0,1033.5,0
140,-1,ball,-1,1940.8,1273.4,1952.8,1285.4,1946.8,1279.4,0
140,1,player,0,1928.5,1069.7,2046.4,1293.4,1987.4,1293.4,1
140,2,player,1,1478.3,739.7,1584.9,910.2,1531.6,910.2,0
140,3,player,0,1165.2,717.1,1254.6,894.4,1209.9,894.4,0
140,4,player,1,615.0,822.9,707.1,1029.0,661.0,1029.0,0
140,5,player,1,1754.9,1002.3,1852.4,1222.0,1803.6,1222.0,0
140,6,player,1,1872.3,469.2,1934.4,606.7,1903.4,606.7,0
140,7,player,1,2305.8,984.9,2421.1,1177.9,2363.4,1177.9,0
140,10,player,0,1101.3,560.0,1185.7,763.0,1143.5,763.0,0
140,12,player,1,490.4,560.4,581.5,726.1,536.0,726.1,0
140,13,player,1,653.8,474.5,705.5,625.2,679.6,625.2,0
140,16,player,1,1353.2,602.5,1417.1,765.9,1385.2,765.9,0
140,24,player,0,1780.7,1125.5,1927.3,1379.1,1854.0,1379.1,0
140,27,player,0,0.1,804.0,56.0,1033.6,28.0,1033.6,0
141,-1,ball,-1,1940.9,1273.3,1952.9,1285.3,1946.9,1279.3,0
141,1,player,0,1928.5,1069.7,2046.8,1293.4,1987.6,1293.4,1
141,2,player,1,1478.3,739.7,1584.9,910.2,1531.6,910.2,0
141,3,player,0,1165.3,717.1,1254.6,894.4,1209.9,894.4,0
141,4,player,1,614.4,821.7,707.0,1029.1,660.7,1029.1,0
141,5,player,1,1754.9,1002.3,1852.4,1222.0,1803.6,1222.0,0
141,6,player,1,1872.3,469.2,1934.4,606.7,1903.4,606.7,0
141,7,player,1,2306.3,985.0,2420.7,1179.0,2363.5,1179.0,0
141,10,player,0,1101.5,561.0,1185.9,763.0,1143.7,763.0,0
141,12,player,1,490.5,560.4,581.5,726.1,536.0,726.1,0
141,13,player,1,653.8,475.1,705.5,625.3,679.6,625.3,0
141,16,player,1,1353.2,602.6,1417.1,765.9,1385.2,765.9,0
141,24,player,0,1780.6,1125.5,1927.3,1379.0,1854.0,1379.0,0
141,27,player,0,0.1,804.1,56.0,1033.4,28.0,1033.4,0
142,-1,ball,-1,1945.2,1271.2,1957.2,1283.2,1951.2,1277.2,0
142,1,player,0,1935.0,1071.8,2056.6,1295.0,1995.8,1295.0,1
142,2,player,1,1488.7,740.2,1586.1,910.8,1537.4,910.8,0
142,3,player,0,1177.0,718.7,1255.5,894.2,1216.2,894.2,0
142,4,player,1,619.8,821.3,708.7,1028.5,664.2,1028.5,0
142,5,player,1,1755.9,1007.6,1855.1,1222.3,1805.5,1222.3,0
142,6,player,1,1872.5,474.8,1935.8,607.2,1904.2,607.2,0
142,7,player,1,2303.1,984.9,2421.3,1178.4,2362.2,1178.4,0
142,10,player,0,1111.1,579.2,1190.7,762.5,1150.9,762.5,0
142,12,player,1,494.3,560.5,583.7,725.5,539.0,725.5,0
142,13,player,1,658.1,471.0,709.6,623.6,683.8,623.6,0
142,15,player,1,1112.5,542.3,1177.7,630.5,1145.1,630.5,0
142,16,player,1,1358.9,602.7,1417.3,766.1,1388.1,766.1,0
142,24,player,0,1759.6,1126.1,1921.8,1379.9,1840.7,1379.9,0
142,27,player,0,0.1,806.8,61.8,1035.1,31.0,1035.1,0
143,-1,ball,-1,1945.2,1271.2,1957.2,1283.2,1951.2,1277.2,0
143,1,player,0,1935.1,1071.8,2056.7,1295.0,1995.9,1295.0,1
143,2,player,1,1488.6,740.2,1586.2,910.9,1537.4,910.9,0
143,3,player,0,1177.0,718.7,1255.5,894.2,1216.2,894.2,0
143,4,player,1,619.7,821.3,708.7,1028.5,664.2,1028.5,0
143,5,player,1,1755.9,1007.6,1855.2,1222.3,1805.6,1222.3,0
143,6,player,1,1872.5,474.8,1935.8,607.2,1904.2,607.2,0
143,7,player,1,2303.2,984.9,2421.2,1178.4,2362.2,1178.4,0
143,10,player,0,1111.1,579.4,1190.7,762.5,1150.9,762.5,0
143,12,player,1,494.2,560.6,583.7,725.6,539.0,725.6,0
143,13,player,1,658.2,471.0,709.6,623.6,683.9,623.6,0
143,15,player,1,1112.5,542.2,1177.5,630.3,1145.0,630.3,0
143,16,player,1,1358.9,602.7,1417.3,766.1,1388.1,766.1,0
143,24,player,0,1759.7,1126.2,1921.8,1379.9,1840.8,1379.9,0
143,27,player,0,0.1,806.8,61.8,1035.1,31.0,1035.1,0
144,-1,ball,-1,1953.2,1271.6,1965.2,1283.6,1959.2,1277.6,0
144,1,player,0,1946.1,1071.2,2064.4,1297.8,2005.2,1297.8,1
144,2,player,1,1497.5,738.0,1589.1,910.7,1543.3,910.7,0
144,3,player,0,1194.1,714.6,1257.0,894.4,1225.6,894.4,0
144,4,player,1,623.0,819.2,709.8,1026.5,666.4,1026.5,0
144,5,player,1,1753.7,1012.8,1858.7,1212.8,1806.2,1212.8,0
144,6,player,1,1873.0,476.8,1937.0,607.2,1905.0,607.2,0
144,7,player,1,2297.1,983.9,2421.3,1178.0,2359.2,1178.0,0
144,10,player,0,1123.1,576.6,1192.3,762.3,1157.7,762.3,0
144,12,player,1,500.2,558.4,585.8,723.2,543.0,723.2,0
144,13,player,1,662.1,466.3,712.6,620.8,687.4,620.8,0
144,15,player,1,1113.1,540.3,1174.8,653.3,1143.9,653.3,0
144,16,player,1,1361.3,601.2,1419.1,765.5,1390.2,765.5,0
144,24,player,0,1749.8,1118.6,1915.8,1377.1,1832.8,1377.1,0
144,27,player,0,0.0,806.0,66.5,1036.7,33.2,1036.7,0
145,-1,ball,-1,1953.2,1271.6,1965.2,1283.6,1959.2,1277.6,0
145,1,player,0,1946.2,1071.2,2064.5,1297.8,2005.4,1297.8,1
145,2,player,1,1497.5,738.0,1589.1,910.8,1543.3,910.8,0
145,3,player,0,1194.1,714.5,1257.0,894.4,1225.6,894.4,0
145,4,player,1,623.1,819.3,709.7,1026.5,666.4,1026.5,0
145,5,player,1,1753.7,1012.8,1858.9,1213.0,1806.3,1213.0,0
145,6,player,1,1872.9,476.8,1937.2,607.2,1905.0,607.2,0
145,7,player,1,2297.1,983.9,2421.3,1178.0,2359.2,1178.0,0
145,10,player,0,1123.1,576.6,1192.2,762.2,1157.6,762.2,0
145,12,player,1,500.2,558.4,585.8,723.2,543.0,723.2,0
145,13,player,1,662.1,466.4,712.6,620.8,687.4,620.8,0
145,15,player,1,1113.0,540.4,1174.9,653.3,1144.0,653.3,0
145,16,player,1,1361.3,601.1,1419.0,765.4,1390.2,765.4,0
145,24,player,0,1749.8,1118.7,1915.8,1377.1,1832.8,1377.1,0
145,27,player,0,0.0,805.9,67.1,1036.7,33.6,1036.7,0
146,-1,ball,-1,1959.0,1273.2,1971.0,1285.2,1965.0,1279.2,0
146,1,player,0,1952.5,1071.7,2071.7,1299.9,2012.1,1299.9,1
146,2,player,1,1505.8,734.9,1590.7,910.5,1548.2,910.5,0
146,3,player,0,1209.4,711.0,1260.2,894.8,1234.8,894.8,0
146,4,player,1,624.3,816.0,711.1,1025.0,667.7,1025.0,0
146,5,player,1,1757.1,1014.1,1861.4,1191.8,1809.2,1191.8,0
146,6,player,1,1874.8,478.5,1938.9,606.6,1906.8,606.6,0
146,7,player,1,2292.8,981.3,2414.7,1178.1,2353.8,1178.1,0
146,10,player,0,1137.1,579.3,1192.6,762.2,1164.8,762.2,0
146,12,player,1,509.7,555.7,590.9,722.4,550.3,722.4,0
146,13,player,1,663.5,464.6,723.5,618.5,693.5,618.5,0
146,15,player,1,1113.0,538.9,1177.3,703.0,1145.2,703.0,0
146,16,player,1,1363.3,600.6,1422.0,765.1,1392.6,765.1,0
146,24,player,0,1744.8,1121.3,1897.9,1376.7,1821.4,1376.7,0
146,27,player,0,0.1,811.7,78.0,1040.7,39.0,1040.7,0
147,-1,ball,-1,1959.0,1273.2,1971.0,1285.2,1965.0,1279.2,0
147,1,player,0,1952.6,1071.7,2071.7,1299.8,2012.2,1299.8,1
147,2,player,1,1505.7,734.9,1590.7,910.5,1548.2,910.5,0
147,3,player,0,1209.4,711.1,1260.1,894.8,1234.8,894.8,0
147,4,player,1,624.4,816.0,711.1,1025.0,667.8,1025.0,0
147,5,player,1,1757.2,1014.1,1861.5,1191.8,1809.4,1191.8,0
147,6,player,1,1874.8,478.5,1938.9,606.6,1906.8,606.6,0
147,7,player,1,2292.9,981.2,2414.7,1178.0,2353.8,1178.0,0
147,10,player,0,1137.1,579.4,1192.6,762.2,1164.8,762.2,0
147,12,player,1,509.7,555.7,591.3,722.5,550.5,722.5,0
147,13,player,1,663.5,464.6,723.5,618.4,693.5,618.4,0
147,15,player,1,1113.0,538.9,1177.4,703.1,1145.2,703.1,0
147,16,player,1,1363.3,600.6,1421.9,765.1,1392.6,765.1,0
147,24,player,0,1744.7,1121.3,1897.8,1376.7,1821.2,1376.7,0
147,27,player,0,0.1,811.7,78.0,1040.7,39.0,1040.7,0
148,-1,ball,-1,1959.0,1273.2,1971.0,1285.2,1965.0,1279.2,0
148,1,player,0,1952.6,1071.7,2071.7,1299.7,2012.2,1299.7,1
148,2,player,1,1505.7,734.9,1590.7,910.6,1548.2,910.6,0
148,3,player,0,1209.4,711.0,1260.2,894.8,1234.8,894.8,0
148,4,player,1,624.5,815.9,711.1,1025.0,667.8,1025.0,0
148,5,player,1,1757.2,1014.1,1861.5,1191.8,1809.4,1191.8,0
148,6,player,1,1874.7,478.5,1938.9,606.6,1906.8,606.6,0
148,7,player,1,2292.9,981.2,2414.7,1178.0,2353.8,1178.0,0
148,10,player,0,1137.1,579.4,1192.6,762.2,1164.8,762.2,0
148,12,player,1,509.8,555.7,591.0,722.4,550.4,722.4,0
148,13,player,1,663.5,464.5,723.5,618.4,693.5,618.4,0
148,15,player,1,1113.2,538.9,1177.4,703.1,1145.3,703.1,0
148,16,player,1,1363.3,600.6,1421.9,765.1,1392.6,765.1,0
148,24,player,0,1744.7,1121.3,1897.9,1376.7,1821.3,1376.7,0
148,27,player,0,0.1,811.8,78.3,1041.0,39.2,1041.0,0
149,-1,ball,-1,1963.2,1273.4,1975.2,1285.4,1969.2,1279.4,0
149,1,player,0,1961.9,1073.5,2076.6,1299.6,2019.2,1299.6,1
149,2,player,1,1510.6,731.7,1591.7,909.5,1551.2,909.5,0
149,3,player,0,1215.3,709.2,1264.7,895.5,1240.0,895.5,0
149,4,player,1,624.8,814.5,711.5,1022.8,668.2,1022.8,0
149,5,player,1,1753.7,1012.8,1870.5,1211.6,1812.1,1211.6,0
149,6,player,1,1876.6,478.1,1938.6,606.8,1907.6,606.8,0
149,7,player,1,2288.9,980.4,2400.3,1178.4,2344.6,1178.4,0
149,10,player,0,1148.9,579.5,1195.0,760.1,1172.0,760.1,0
149,12,player,1,521.5,553.9,594.6,721.5,558.0,721.5,0
149,13,player,1,667.2,464.7,730.5,617.4,698.8,617.4,0
149,15,player,1,1114.2,536.9,1178.1,709.9,1146.2,709.9,0
149,16,player,1,1364.3,600.5,1422.3,764.7,1393.3,764.7,0
149,24,player,0,1729.9,1123.8,1876.3,1383.4,1803.1,1383.4,0
149,27,player,0,0.1,815.2,83.7,1042.7,41.9,1042.7,0
150,-1,ball,-1,1963.2,1273.4,1975.2,1285.4,1969.2,1279.4,0
150,1,player,0,1962.0,1073.5,2076.9,1299.7,2019.4,1299.7,1
150,2,player,1,1510.6,731.6,1591.7,909.6,1551.2,909.6,0
150,3,player,0,1215.4,709.1,1264.7,895.5,1240.1,895.5,0
150,4,player,1,624.8,814.5,711.5,1022.8,668.2,1022.8,0
150,5,player,1,1753.8,1012.8,1870.4,1211.2,1812.1,1211.2,0
150,6,player,1,1876.6,478.1,1938.6,606.8,1907.6,606.8,0
150,7,player,1,2288.9,980.4,2400.2,1178.3,2344.6,1178.3,0
150,10,player,0,1148.9,579.5,1195.0,760.1,1172.0,760.1,0
150,12,player,1,521.6,553.8,594.9,721.6,558.2,721.6,0
150,13,player,1,667.2,464.7,730.4,617.4,698.8,617.4,0
150,15,player,1,1114.3,536.9,1178.1,709.9,1146.2,709.9,0
150,16,player,1,1364.3,600.4,1422.4,764.5,1393.4,764.5,0
150,24,player,0,1729.9,1123.7,1876.3,1383.4,1803.1,1383.4,0
150,27,player,0,0.1,815.2,84.0,1042.8,42.0,1042.8,0
151,-1,ball,-1,1967.2,1274.0,1979.2,1286.0,1973.2,1280.0,0
151,1,player,0,1971.3,1075.3,2081.3,1301.4,2026.3,1301.4,1
151,2,player,1,1512.1,729.2,1591.7,908.9,1551.9,908.9,0
151,3,player,0,1220.4,709.4,1287.3,896.8,1253.8,896.8,0
151,4,player,1,625.8,814.1,712.1,1019.8,669.0,1019.8,0
151,5,player,1,1748.2,1010.0,1867.0,1210.0,1807.6,1210.0,0
151,6,player,1,1876.9,477.9,1940.3,606.9,1908.6,606.9,0
151,7,player,1,2286.6,980.8,2389.6,1180.7,2338.1,1180.7,0
151,10,player,0,1155.1,580.1,1202.7,761.8,1178.9,761.8,0
151,12,player,1,527.2,553.3,599.2,722.7,563.2,722.7,0
151,13,player,1,670.0,464.1,733.7,617.7,701.8,617.7,0
151,15,player,1,1114.2,536.1,1181.0,707.7,1147.6,707.7,0
151,16,player,1,1364.0,600.1,1423.2,764.3,1393.6,764.3,0
151,24,player,0,1717.3,1137.3,1848.2,1385.3,1782.8,1385.3,0
151,27,player,0,3.0,818.4,87.2,1042.9,45.1,1042.9,0
152,-1,ball,-1,1967.2,1274.0,1979.2,1286.0,1973.2,1280.0,0
152,1,player,0,1971.3,1075.4,2081.3,1301.4,2026.3,1301.4,1
152,2,player,1,1512.1,729.2,1591.8,908.9,1551.9,908.9,0
152,3,player,0,1220.4,709.5,1287.3,896.9,1253.8,896.9,0
152,4,player,1,625.8,814.1,712.1,1019.8,669.0,1019.8,0
152,5,player,1,1748.2,1010.0,1867.0,1209.9,1807.6,1209.9,0
152,6,player,1,1876.9,477.9,1940.3,606.9,1908.6,606.9,0
152,7,player,1,2286.6,980.8,2389.5,1180.7,2338.0,1180.7,0
152,10,player,0,1155.1,580.2,1202.7,761.8,1178.9,761.8,0
152,12,player,1,527.1,553.3,599.1,722.8,563.1,722.8,0
152,13,player,1,670.0,464.1,733.8,617.7,701.9,617.7,0
152,15,player,1,1114.1,536.0,1181.1,707.7,1147.6,707.7,0
152,16,player,1,1364.0,600.1,1423.2,764.3,1393.6,764.3,0
152,24,player,0,1717.3,1137.3,1848.2,1385.3,1782.8,1385.3,0
152,27,player,0,3.0,818.4,87.2,1043.0,45.1,1043.0,0
153,-1,ball,-1,1967.2,1274.0,1979.2,1286.0,1973.2,1280.0,0
153,1,player,0,1971.3,1075.4,2081.3,1301.4,2026.3,1301.4,1
153,2,player,1,1512.1,729.2,1591.8,908.9,1551.9,908.9,0
153,3,player,0,1220.4,709.5,1287.3,896.8,1253.8,896.8,0
153,4,player,1,625.8,814.1,712.1,1019.8,669.0,1019.8,0
153,5,player,1,1748.3,1009.9,1867.1,1210.0,1807.7,1210.0,0
153,6,player,1,1876.7,477.9,1940.2,606.9,1908.4,606.9,0
153,7,player,1,2286.7,980.8,2389.6,1180.7,2338.1,1180.7,0
153,10,player,0,1155.1,580.1,1202.7,761.9,1178.9,761.9,0
153,12,player,1,527.1,553.3,599.2,722.9,563.2,722.9,0
153,13,player,1,669.9,464.1,733.8,617.7,701.8,617.7,0
153,15,player,1,1114.1,536.1,1181.1,707.7,1147.6,707.7,0
153,16,player,1,1364.1,600.1,1423.2,764.3,1393.6,764.3,0
153,24,player,0,1717.2,1137.3,1848.3,1385.3,1782.8,1385.3,0
153,27,player,0,3.1,818.4,87.2,1042.9,45.2,1042.9,0
154,-1,ball,-1,1969.9,1274.6,1981.9,1286.6,1975.9,1280.6,0
154,1,player,0,1974.6,1074.8,2083.1,1300.8,2028.8,1300.8,1
154,2,player,1,1511.9,725.4,1592.6,908.4,1552.2,908.4,0
154,3,player,0,1224.4,709.1,1298.3,897.5,1261.4,897.5,0
154,4,player,1,627.3,814.4,712.4,1019.2,669.8,1019.2,0
154,5,player,1,1745.0,1005.4,1868.2,1208.4,1806.6,1208.4,0
154,6,player,1,1876.9,478.1,1941.6,606.6,1909.2,606.6,0
154,7,player,1,2283.5,981.9,2384.0,1181.3,2333.8,1181.3,0
154,10,player,0,1158.6,578.3,1210.1,760.8,1184.4,760.8,0
154,12,player,1,528.4,552.0,604.6,721.9,566.5,721.9,0
154,13,player,1,672.3,463.3,736.3,618.6,704.3,618.6,0
154,15,player,1,1116.2,535.3,1177.6,708.0,1146.9,708.0,0
154,16,player,1,1362.3,599.5,1425.4,765.1,1393.8,765.1,0
154,24,player,0,1697.4,1137.7,1809.2,1384.3,1753.3,1384.3,0
154,27,player,0,6.2,818.8,89.6,1042.7,47.9,1042.7,0
155,-1,ball,-1,1969.8,1274.5,1981.8,1286.5,1975.8,1280.5,0
155,1,player,0,1974.7,1074.8,2083.1,1300.7,2028.9,1300.7,1
155,2,player,1,1511.9,725.4,1592.3,908.3,1552.1,908.3,0
155,3,player,0,1224.4,709.1,1298.2,897.5,1261.3,897.5,0
155,4,player,1,627.2,814.3,712.5,1019.3,669.8,1019.3,0
155,5,player,1,1745.0,1005.4,1868.1,1208.4,1806.6,1208.4,0
155,6,player,1,1876.8,478.1,1941.6,606.7,1909.2,606.7,0
155,7,player,1,2283.4,981.7,2384.2,1181.4,2333.8,1181.4,0
155,10,player,0,1158.6,578.3,1210.1,760.8,1184.4,760.8,0
155,12,player,1,528.6,552.0,604.7,721.9,566.7,721.9,0
155,13,player,1,672.3,463.3,736.3,618.6,704.3,618.6,0
155,15,player,1,1116.1,535.3,1177.6,708.0,1146.8,708.0,0
155,16,player,1,1362.2,599.5,1425.5,765.1,1393.8,765.1,0
155,24,player,0,1697.4,1137.7,1809.1,1384.2,1753.2,1384.2,0
155,27,player,0,6.2,818.8,89.6,1042.7,47.9,1042.7,0
156,-1,ball,-1,1974.6,1274.4,1986.6,1286.4,1980.6,1280.4,0
156,1,player,0,1967.8,1073.6,2084.9,1300.4,2026.4,1300.4,1
156,2,player,1,1512.8,722.0,1594.2,908.5,1553.5,908.5,0
156,3,player,0,1230.3,708.6,1311.5,897.8,1270.9,897.8,0
156,4,player,1,627.9,814.2,712.3,1018.2,670.1,1018.2,0
156,5,player,1,1740.4,1001.6,1858.1,1225.4,1799.2,1225.4,0
156,6,player,1,1877.3,476.8,1941.2,605.9,1909.2,605.9,0
156,7,player,1,2279.0,980.7,2382.6,1186.0,2330.8,1186.0,0
156,10,player,0,1162.7,578.3,1219.3,761.1,1191.0,761.1,0
156,12,player,1,524.7,551.4,608.8,720.9,566.8,720.9,0
156,13,player,1,675.2,463.9,736.9,619.1,706.0,619.1,0
156,15,player,1,1117.8,533.7,1180.9,708.4,1149.4,708.4,0
156,16,player,1,1364.1,599.0,1426.8,763.5,1395.4,763.5,0
156,24,player,0,1678.9,1136.8,1785.3,1384.2,1732.1,1384.2,0
156,27,player,0,13.4,818.0,98.9,1041.8,56.2,1041.8,0
157,-1,ball,-1,1974.6,1274.4,1986.6,1286.4,1980.6,1280.4,0
157,1,player,0,1967.9,1073.6,2085.0,1300.4,2026.4,1300.4,1
157,2,player,1,1512.7,722.0,1594.2,908.5,1553.4,908.5,0
157,3,player,0,1230.3,708.7,1311.5,897.9,1270.9,897.9,0
157,4,player,1,627.8,814.0,712.5,1018.3,670.2,1018.3,0
157,5,player,1,1740.4,1001.6,1858.1,1225.0,1799.2,1225.0,0
157,6,player,1,1877.3,476.8,1941.2,605.9,1909.2,605.9,0
157,7,player,1,2279.1,980.7,2382.7,1186.0,2330.9,1186.0,0
157,10,player,0,1162.7,578.3,1219.3,761.1,1191.0,761.1,0
157,12,player,1,524.8,551.4,608.6,721.1,566.7,721.1,0
157,13,player,1,675.3,463.9,736.9,619.1,706.1,619.1,0
157,15,player,1,1117.6,533.7,1181.0,708.4,1149.3,708.4,0
157,16,player,1,1364.3,599.0,1427.2,763.5,1395.8,763.5,0
157,24,player,0,1679.0,1137.0,1785.2,1384.1,1732.1,1384.1,0
157,27,player,0,13.5,818.0,99.1,1041.8,56.3,1041.8,0
158,-1,ball,-1,1978.6,1275.6,1990.6,1287.6,1984.6,1281.6,0
158,1,player,0,1970.9,1070.9,2083.9,1299.2,2027.4,1299.2,1
158,2,player,1,1513.9,721.7,1596.0,907.6,1555.0,907.6,0
158,3,player,0,1234.1,709.5,1320.9,897.8,1277.5,897.8,0
158,4,player,1,626.1,813.3,712.9,1018.4,669.5,1018.4,0
158,5,player,1,1739.3,999.5,1849.5,1223.6,1794.4,1223.6,0
158,6,player,1,1877.3,476.8,1941.8,605.8,1909.6,605.8,0
158,7,player,1,2274.6,982.5,2380.9,1188.7,2327.8,1188.7,0
158,10,player,0,1165.5,577.4,1232.8,760.6,1199.2,760.6,0
158,12,player,1,525.5,551.3,611.0,721.5,568.2,721.5,0
158,13,player,1,678.6,465.0,737.7,619.2,708.2,619.2,0
158,15,player,1,1117.0,533.4,1181.4,707.9,1149.2,707.9,0
158,16,player,1,1363.1,599.1,1426.8,763.3,1394.9,763.3,0
158,24,player,0,1652.9,1131.1,1782.8,1387.4,1717.8,1387.4,0
158,27,player,0,19.7,817.0,99.8,1041.6,59.8,1041.6,0
159,-1,ball,-1,1978.6,1275.6,1990.6,1287.6,1984.6,1281.6,0
159,1,player,0,1970.9,1070.9,2083.8,1299.3,2027.4,1299.3,1
159,2,player,1,1514.0,721.6,1596.0,907.6,1555.0,907.6,0
159,3,player,0,1234.1,709.5,1320.9,897.7,1277.5,897.7,0
159,4,player,1,626.2,813.4,712.9,1018.4,669.6,1018.4,0
159,5,player,1,1739.3,999.5,1849.4,1223.6,1794.4,1223.6,0
159,6,player,1,1877.2,476.7,1941.8,605.8,1909.5,605.8,0
159,7,player,1,2274.7,982.6,2381.0,1188.8,2327.8,1188.8,0
159,10,player,0,1165.5,577.4,1232.8,760.6,1199.2,760.6,0
159,12,player,1,525.5,551.3,611.0,721.5,568.2,721.5,0
159,13,player,1,678.6,465.0,737.7,619.2,708.2,619.2,0
159,15,player,1,1117.0,533.4,1181.4,707.9,1149.2,707.9,0
159,16,player,1,1363.0,599.1,1426.8,763.3,1394.9,763.3,0
159,24,player,0,1652.8,1131.1,1782.8,1387.3,1717.8,1387.3,0
159,27,player,0,19.7,817.0,99.8,1041.6,59.8,1041.6,0
160,-1,ball,-1,1978.6,1275.6,1990.6,1287.6,1984.6,1281.6,0
160,1,player,0,1970.8,1070.9,2083.9,1299.3,2027.4,1299.3,1
160,2,player,1,1513.9,721.6,1596.0,907.6,1555.0,907.6,0
160,3,player,0,1234.1,709.5,1320.9,897.8,1277.5,897.8,0
160,4,player,1,626.1,813.4,712.9,1018.4,669.5,1018.4,0
160,5,player,1,1739.3,999.5,1849.4,1223.6,1794.4,1223.6,0
160,6,player,1,1877.3,476.7,1941.8,605.8,1909.6,605.8,0
160,7,player,1,2274.7,982.6,2381.0,1188.8,2327.8,1188.8,0
160,10,player,0,1165.5,577.4,1232.8,760.6,1199.2,760.6,0
160,12,player,1,525.5,551.3,611.0,721.5,568.2,721.5,0
160,13,player,1,678.6,465.0,737.7,619.2,708.2,619.2,0
160,15,player,1,1117.0,533.4,1181.4,707.9,1149.2,707.9,0
160,16,player,1,1363.0,599.1,1426.8,763.3,1394.9,763.3,0
160,24,player,0,1652.8,1131.1,1782.8,1387.4,1717.8,1387.4,0
160,27,player,0,19.7,817.0,99.8,1041.6,59.8,1041.6,0
161,-1,ball,-1,1981.7,1276.5,1993.7,1288.5,1987.7,1282.5,0
161,1,player,0,1971.0,1068.8,2084.3,1300.3,2027.6,1300.3,1
161,2,player,1,1518.2,721.0,1595.4,905.8,1556.8,905.8,0
161,3,player,0,1235.9,712.4,1325.2,897.9,1280.6,897.9,0
161,4,player,1,624.9,810.9,712.7,1018.4,668.8,1018.4,0
161,5,player,1,1737.9,999.0,1847.5,1224.6,1792.7,1224.6,0
161,6,player,1,1878.6,476.4,1943.6,606.2,1911.1,606.2,0
161,7,player,1,2270.4,985.3,2381.7,1189.9,2326.0,1189.9,0
161,10,player,0,1166.9,577.9,1245.5,760.9,1206.2,760.9,0
161,12,player,1,522.5,551.7,614.9,720.4,568.7,720.4,0
161,13,player,1,681.9,462.9,740.1,619.3,711.0,619.3,0
161,15,player,1,1118.8,532.9,1182.2,707.7,1150.5,707.7,0
161,16,player,1,1362.0,598.7,1426.9,763.0,1394.4,763.0,0
161,24,player,0,1628.0,1128.6,1774.6,1389.2,1701.3,1389.2,0
161,27,player,0,26.5,814.5,104.6,1041.4,65.6,1041.4,0
162,-1,ball,-1,1981.6,1276.5,1993.6,1288.5,1987.6,1282.5,0
162,1,player,0,1971.0,1068.8,2084.3,1300.4,2027.6,1300.4,1
162,2,player,1,1518.3,720.9,1595.4,905.6,1556.8,905.6,0
162,3,player,0,1235.9,712.4,1325.1,897.9,1280.5,897.9,0
162,4,player,1,625.0,811.0,712.6,1018.3,668.8,1018.3,0
162,5,player,1,1738.0,999.0,1847.5,1224.5,1792.8,1224.5,0
162,6,player,1,1878.6,476.4,1943.6,606.2,1911.1,606.2,0
162,7,player,1,2270.4,985.4,2381.9,1189.9,2326.2,1189.9,0
162,10,player,0,1166.9,577.8,1245.5,760.9,1206.2,760.9,0
162,12,player,1,522.5,551.7,615.0,720.4,568.8,720.4,0
162,13,player,1,681.9,462.7,740.1,619.3,711.0,619.3,0
162,15,player,1,1118.8,532.9,1182.2,707.7,1150.5,707.7,0
162,16,player,1,1362.1,598.7,1426.8,763.0,1394.4,763.0,0
162,24,player,0,1628.0,1128.5,1774.6,1389.3,1701.3,1389.3,0
162,27,player,0,26.6,814.5,104.7,1041.5,65.6,1041.5,0
163,-1,ball,-1,1985.2,1276.2,1997.2,1288.2,1991.2,1282.2,0
163,1,player,0,1972.3,1067.7,2085.4,1300.9,2028.8,1300.9,1
163,2,player,1,1519.4,721.5,1596.2,906.1,1557.8,906.1,0
163,3,player,0,1238.8,712.4,1327.8,899.1,1283.3,899.1,0
163,4,player,1,624.3,810.4,709.3,1017.5,666.8,1017.5,0
163,5,player,1,1737.0,999.6,1846.8,1224.1,1791.9,1224.1,0
163,6,player,1,1879.4,476.1,1944.4,606.5,1911.9,606.5,0
163,7,player,1,2267.6,987.7,2382.1,1193.5,2324.8,1193.5,0
163,10,player,0,1167.7,578.2,1251.0,759.3,1209.4,759.3,0
163,12,player,1,522.8,552.1,615.8,720.0,569.3,720.0,0
163,13,player,1,685.8,462.2,743.0,618.2,714.4,618.2,0
163,15,player,1,1120.3,532.8,1183.7,707.8,1152.0,707.8,0
163,16,player,1,1362.1,598.6,1426.6,762.9,1394.4,762.9,0
163,24,player,0,1588.5,1128.9,1760.7,1387.6,1674.6,1387.6,0
163,27,player,0,31.1,813.8,107.2,1041.7,69.2,1041.7,0
164,-1,ball,-1,1985.2,1276.2,1997.2,1288.2,1991.2,1282.2,0
164,1,player,0,1972.3,1067.7,2085.4,1300.9,2028.8,1300.9,1
164,2,player,1,1519.4,721.5,1596.2,906.1,1557.8,906.1,0
164,3,player,0,1238.7,712.4,1327.8,899.1,1283.2,899.1,0
164,4,player,1,624.3,810.4,709.3,1017.5,666.8,1017.5,0
164,5,player,1,1737.0,999.6,1846.7,1224.2,1791.8,1224.2,0
164,6,player,1,1879.3,476.1,1944.4,606.5,1911.8,606.5,0
164,7,player,1,2267.6,987.7,2382.1,1193.5,2324.8,1193.5,0
164,10,player,0,1167.7,578.1,1251.0,759.3,1209.4,759.3,0
164,12,player,1,522.7,552.0,615.9,720.1,569.3,720.1,0
164,13,player,1,685.8,462.2,743.0,618.3,714.4,618.3,0
164,15,player,1,1120.4,532.7,1183.7,707.9,1152.1,707.9,0
164,16,player,1,1362.0,598.6,1426.5,762.8,1394.2,762.8,0
164,24,player,0,1588.5,1128.9,1760.7,1387.5,1674.6,1387.5,0
164,27,player,0,31.1,813.7,107.2,1041.7,69.2,1041.7,0
165,-1,ball,-1,1985.2,1276.2,1997.2,1288.2,1991.2,1282.2,0
165,1,player,0,1972.3,1067.7,2085.4,1300.9,2028.8,1300.9,1
165,2,player,1,1519.4,721.5,1596.2,906.1,1557.8,906.1,0
165,3,player,0,1238.8,712.4,1327.8,899.1,1283.3,899.1,0
165,4,player,1,624.3,810.4,709.2,1017.5,666.8,1017.5,0
165,5,player,1,1736.9,999.6,1846.6,1224.1,1791.8,1224.1,0
165,6,player,1,1879.3,476.1,1944.4,606.5,1911.8,606.5,0
165,7,player,1,2267.7,987.6,2382.2,1193.6,2325.0,1193.6,0
165,10,player,0,1167.7,578.1,1250.9,759.4,1209.3,759.4,0
165,12,player,1,522.8,552.0,616.0,720.2,569.4,720.2,0
165,13,player,1,685.8,462.2,743.0,618.3,714.4,618.3,0
165,15,player,1,1120.4,532.7,1183.7,707.9,1152.1,707.9,0
165,16,player,1,1362.0,598.6,1426.2,762.8,1394.1,762.8,0
165,24,player,0,1588.5,1128.9,1760.8,1387.5,1674.6,1387.5,0
165,27,player,0,31.1,813.8,107.2,1041.7,69.2,1041.7,0
166,-1,ball,-1,1988.6,1277.6,2000.6,1289.6,1994.6,1283.6,0
166,1,player,0,1977.0,1066.9,2084.8,1301.5,2030.9,1301.5,1
166,2,player,1,1520.4,721.8,1596.9,906.2,1558.6,906.2,0
166,3,player,0,1243.1,714.6,1327.4,899.4,1285.2,899.4,0
166,4,player,1,618.7,808.5,707.0,1017.4,662.8,1017.4,0
166,5,player,1,1737.1,1002.8,1846.9,1224.3,1792.0,1224.3,0
166,6,player,1,1880.7,476.2,1944.3,606.3,1912.5,606.3,0
166,7,player,1,2263.8,991.8,2383.7,1195.4,2323.8,1195.4,0
166,10,player,0,1168.5,577.5,1257.4,759.9,1213.0,759.9,0
166,12,player,1,522.7,552.1,617.6,719.4,570.2,719.4,0
166,13,player,1,690.0,462.6,745.9,618.3,718.0,618.3,0
166,15,player,1,1121.4,532.3,1185.3,707.9,1153.4,707.9,0
166,16,player,1,1362.0,598.6,1424.4,762.2,1393.2,762.2,0
166,24,player,0,1562.5,1129.1,1741.9,1390.8,1652.2,1390.8,0
166,27,player,0,34.2,813.1,113.0,1041.3,73.6,1041.3,0
167,-1,ball,-1,1988.6,1277.6,2000.6,1289.6,1994.6,1283.6,0
167,1,player,0,1977.0,1066.9,2084.8,1301.5,2030.9,1301.5,1
167,2,player,1,1520.3,721.9,1596.9,906.2,1558.6,906.2,0
167,3,player,0,1243.0,714.7,1327.4,899.4,1285.2,899.4,0
167,4,player,1,618.7,808.5,707.0,1017.4,662.8,1017.4,0
167,5,player,1,1737.1,1003.0,1846.9,1224.3,1792.0,1224.3,0
167,6,player,1,1880.7,476.2,1944.3,606.3,1912.5,606.3,0
167,7,player,1,2263.8,991.9,2383.5,1195.5,2323.6,1195.5,0
167,10,player,0,1168.5,577.5,1257.4,759.9,1213.0,759.9,0
167,12,player,1,522.7,552.1,617.7,719.5,570.2,719.5,0
167,13,player,1,690.0,462.6,745.9,618.3,718.0,618.3,0
167,15,player,1,1121.3,532.3,1185.3,707.9,1153.3,707.9,0
167,16,player,1,1362.0,598.6,1424.4,762.2,1393.2,762.2,0
167,24,player,0,1562.4,1129.1,1742.5,1390.9,1652.4,1390.9,0
167,27,player,0,34.1,813.2,113.2,1041.3,73.6,1041.3,0
168,-1,ball,-1,1991.4,1277.3,2003.4,1289.3,1997.4,1283.3,0
168,1,player,0,1981.4,1067.3,2085.1,1300.7,2033.2,1300.7,1
168,2,player,1,1520.9,721.8,1597.1,906.1,1559.0,906.1,0
168,3,player,0,1249.1,714.0,1332.5,899.2,1290.8,899.2,0
168,4,player,1,615.5,806.2,703.1,1018.0,659.3,1018.0,0
168,5,player,1,1736.0,1008.1,1846.5,1224.0,1791.2,1224.0,0
168,6,player,1,1881.6,475.7,1944.2,605.8,1912.9,605.8,0
168,7,player,1,2258.2,992.9,2384.8,1196.3,2321.5,1196.3,0
168,10,player,0,1169.5,578.6,1259.9,760.2,1214.7,760.2,0
168,12,player,1,527.4,551.7,616.7,719.4,572.0,719.4,0
168,13,player,1,691.2,461.9,749.0,617.6,720.1,617.6,0
168,15,player,1,1121.7,531.8,1186.6,708.5,1154.2,708.5,0
168,16,player,1,1359.3,598.0,1423.2,761.6,1391.2,761.6,0
168,24,player,0,1555.5,1131.0,1711.7,1395.0,1633.6,1395.0,0
168,27,player,0,42.3,813.0,124.2,1040.6,83.2,1040.6,0
169,-1,ball,-1,1991.4,1277.3,2003.4,1289.3,1997.4,1283.3,0
169,1,player,0,1981.5,1067.3,2085.1,1300.7,2033.3,1300.7,1
169,2,player,1,1521.0,721.8,1597.1,906.0,1559.0,906.0,0
169,3,player,0,1248.9,714.0,1332.6,899.1,1290.8,899.1,0
169,4,player,1,615.5,806.1,703.3,1018.1,659.4,1018.1,0
169,5,player,1,1736.0,1008.1,1846.5,1224.0,1791.2,1224.0,0
169,6,player,1,1881.6,475.7,1944.2,605.8,1912.9,605.8,0
169,7,player,1,2258.2,993.3,2384.6,1196.3,2321.4,1196.3,0
169,10,player,0,1169.9,578.7,1260.0,760.7,1215.0,760.7,0
169,12,player,1,527.4,551.7,616.6,719.5,572.0,719.5,0
169,13,player,1,691.2,461.9,749.0,617.6,720.1,617.6,0
169,15,player,1,1121.7,531.8,1186.6,708.5,1154.2,708.5,0
169,16,player,1,1359.2,598.0,1423.2,761.6,1391.2,761.6,0
169,24,player,0,1555.5,1131.0,1711.7,1394.9,1633.6,1394.9,0
169,27,player,0,42.3,812.9,124.1,1040.6,83.2,1040.6,0
170,-1,ball,-1,1995.6,1277.5,2007.6,1289.5,2001.6,1283.5,0
170,1,player,0,1988.3,1068.0,2083.7,1300.6,2036.0,1300.6,1
170,2,player,1,1520.2,721.6,1597.5,905.7,1558.8,905.7,0
170,3,player,0,1260.6,714.4,1342.4,899.4,1301.5,899.4,0
170,4,player,1,613.4,804.7,697.5,1020.9,655.4,1020.9,0
170,5,player,1,1733.2,1014.8,1847.5,1227.2,1790.4,1227.2,0
170,6,player,1,1883.6,474.4,1945.4,605.3,1914.5,605.3,0
170,7,player,1,2252.5,993.6,2384.8,1196.9,2318.6,1196.9,0
170,10,player,0,1171.7,578.1,1262.5,759.8,1217.1,759.8,0
170,12,player,1,529.0,550.6,615.9,717.8,572.4,717.8,0
170,13,player,1,692.4,463.3,750.3,615.8,721.3,615.8,0
170,15,player,1,1122.8,531.2,1189.6,707.1,1156.2,707.1,0
170,16,player,1,1358.7,597.5,1421.2,760.1,1390.0,760.1,0
170,24,player,0,1542.8,1132.6,1679.8,1394.5,1611.3,1394.5,0
170,27,player,0,47.8,813.0,137.6,1040.5,92.7,1040.5,0
171,-1,ball,-1,1995.6,1277.5,2007.6,1289.5,2001.6,1283.5,0
171,1,player,0,1988.3,1068.0,2083.7,1300.6,2036.0,1300.6,1
171,2,player,1,1520.2,721.6,1597.5,905.7,1558.8,905.7,0
171,3,player,0,1260.6,714.4,1342.4,899.4,1301.5,899.4,0
171,4,player,1,613.4,804.6,697.6,1020.9,655.5,1020.9,0
171,5,player,1,1733.2,1014.9,1847.5,1227.2,1790.4,1227.2,0
171,6,player,1,1883.7,474.4,1945.4,605.4,1914.6,605.4,0
171,7,player,1,2252.5,993.6,2384.8,1197.0,2318.6,1197.0,0
171,10,player,0,1171.7,578.1,1262.5,759.8,1217.1,759.8,0
171,12,player,1,529.1,550.6,615.9,717.7,572.5,717.7,0
171,13,player,1,692.4,463.3,750.4,615.9,721.4,615.9,0
171,15,player,1,1122.9,531.2,1189.7,707.1,1156.3,707.1,0
171,16,player,1,1359.5,597.2,1421.2,760.0,1390.4,760.0,0
171,24,player,0,1542.9,1132.6,1679.8,1394.5,1611.4,1394.5,0
171,27,player,0,47.7,812.9,137.6,1040.5,92.6,1040.5,0
172,-1,ball,-1,1995.6,1277.5,2007.6,1289.5,2001.6,1283.5,0
172,1,player,0,1988.3,1068.0,2083.7,1300.6,2036.0,1300.6,1
172,2,player,1,1520.1,721.6,1597.6,905.8,1558.8,905.8,0
172,3,player,0,1260.6,714.2,1342.3,899.5,1301.4,899.5,0
172,4,player,1,613.4,804.7,697.5,1020.9,655.4,1020.9,0
172,5,player,1,1733.3,1014.9,1847.5,1227.3,1790.4,1227.3,0
172,6,player,1,1883.7,474.4,1945.4,605.3,1914.6,605.3,0
172,7,player,1,2252.5,993.5,2384.9,1197.0,2318.7,1197.0,0
172,10,player,0,1171.7,578.1,1262.5,759.8,1217.1,759.8,0
172,12,player,1,529.0,550.6,615.8,717.6,572.4,717.6,0
172,13,player,1,692.3,463.2,750.5,615.9,721.4,615.9,0
172,15,player,1,1122.9,531.1,1189.7,707.0,1156.3,707.0,0
172,16,player,1,1359.6,597.2,1421.3,760.0,1390.4,760.0,0
172,24,player,0,1542.9,1132.6,1679.8,1394.4,1611.4,1394.4,0
172,27,player,0,47.7,812.9,137.6,1040.5,92.6,1040.5,0
173,-1,ball,-1,1998.4,1278.6,2010.4,1290.6,2004.4,1284.6,0
173,1,player,0,1992.7,1069.1,2081.7,1301.1,2037.2,1301.1,1
173,2,player,1,1518.9,722.1,1597.8,904.4,1558.4,904.4,0
173,3,player,0,1272.2,710.9,1347.3,899.7,1309.8,899.7,0
173,4,player,1,612.4,805.0,702.2,1022.1,657.3,1022.1,0
173,5,player,1,1728.9,1022.6,1848.4,1230.5,1788.6,1230.5,0
173,6,player,1,1884.9,475.1,1946.8,605.7,1915.8,605.7,0
173,7,player,1,2245.8,996.9,2380.9,1197.4,2313.4,1197.4,0
173,10,player,0,1174.9,577.7,1262.5,759.6,1218.7,759.6,0
173,12,player,1,536.7,550.4,616.2,718.2,576.4,718.2,0
173,13,player,1,692.7,461.8,751.6,616.1,722.2,616.1,0
173,15,player,1,1123.1,531.2,1190.0,707.1,1156.6,707.1,0
173,16,player,1,1358.8,597.1,1421.1,757.0,1389.9,757.0,0
173,24,player,0,1519.1,1128.8,1634.8,1394.4,1576.9,1394.4,0
173,27,player,0,52.7,813.8,147.7,1041.1,100.2,1041.1,0
174,-1,ball,-1,1998.4,1278.4,2010.4,1290.4,2004.4,1284.4,0
174,1,player,0,1992.7,1069.1,2081.8,1301.2,2037.2,1301.2,1
174,2,player,1,1519.0,722.1,1597.6,904.3,1558.3,904.3,0
174,3,player,0,1272.2,711.0,1347.3,899.7,1309.8,899.7,0
174,4,player,1,612.4,805.0,702.2,1022.1,657.3,1022.1,0
174,5,player,1,1728.9,1022.7,1848.3,1230.4,1788.6,1230.4,0
174,6,player,1,1884.9,475.1,1946.8,605.7,1915.8,605.7,0
174,7,player,1,2245.8,996.8,2381.1,1197.4,2313.4,1197.4,0
174,10,player,0,1174.9,577.8,1262.5,759.6,1218.7,759.6,0
174,12,player,1,537.0,550.4,616.1,718.0,576.6,718.0,0
174,13,player,1,692.6,462.0,751.6,616.1,722.1,616.1,0
174,15,player,1,1123.0,531.2,1190.1,707.2,1156.6,707.2,0
174,16,player,1,1358.9,597.1,1421.1,757.0,1390.0,757.0,0
174,24,player,0,1519.1,1128.8,1634.9,1394.5,1577.0,1394.5,0
174,27,player,0,52.7,813.8,147.6,1041.1,100.2,1041.1,0
175,-1,ball,-1,2001.5,1279.0,2013.5,1291.0,2007.5,1285.0,0
175,1,player,0,1997.7,1069.5,2080.6,1302.9,2039.2,1302.9,1
175,2,player,1,1517.8,721.9,1598.7,905.0,1558.2,905.0,0
175,3,player,0,1277.0,710.7,1344.8,899.7,1310.9,899.7,0
175,4,player,1,611.3,806.1,709.5,1024.4,660.4,1024.4,0
175,5,player,1,1729.2,1031.6,1848.8,1230.2,1789.0,1230.2,0
175,6,player,1,1885.5,475.3,1947.7,606.2,1916.6,606.2,0
175,7,player,1,2232.6,1001.3,2353.8,1195.8,2293.2,1195.8,0
175,10,player,0,1178.7,577.3,1264.0,759.5,1221.4,759.5,0
175,12,player,1,537.3,550.9,617.8,717.5,577.6,717.5,0
175,13,player,1,692.7,461.2,753.3,616.8,723.0,616.8,0
175,15,player,1,1124.2,530.5,1190.7,704.9,1157.4,704.9,0
175,16,player,1,1357.7,597.4,1421.3,758.4,1389.5,758.4,0
175,24,player,0,1496.1,1126.7,1596.9,1394.2,1546.5,1394.2,0
175,27,player,0,57.7,814.6,151.6,1040.8,104.6,1040.8,0
176,-1,ball,-1,2001.5,1279.0,2013.5,1291.0,2007.5,1285.0,0
176,1,player,0,1997.7,1069.5,2080.6,1302.9,2039.2,1302.9,1
176,2,player,1,1517.8,721.9,1598.7,905.0,1558.2,905.0,0
176,3,player,0,1277.0,710.7,1344.8,899.7,1310.9,899.7,0
176,4,player,1,611.3,806.1,709.7,1024.4,660.5,1024.4,0
176,5,player,1,1729.2,1031.6,1848.8,1230.2,1789.0,1230.2,0
176,6,player,1,1885.5,475.3,1947.7,606.2,1916.6,606.2,0
176,7,player,1,2232.6,1001.3,2353.8,1195.8,2293.2,1195.8,0
176,10,player,0,1178.7,577.3,1264.0,759.5,1221.4,759.5,0
176,12,player,1,537.3,550.9,617.7,717.5,577.5,717.5,0
176,13,player,1,692.7,461.2,753.3,616.8,723.0,616.8,0
176,15,player,1,1124.2,530.5,1190.7,704.9,1157.4,704.9,0
176,16,player,1,1357.7,597.4,1421.3,758.3,1389.5,758.3,0
176,24,player,0,1496.1,1126.6,1596.9,1394.2,1546.5,1394.2,0
176,27,player,0,57.7,814.6,151.5,1040.8,104.6,1040.8,0
177,-1,ball,-1,2001.5,1279.0,2013.5,1291.0,2007.5,1285.0,0
177,1,player,0,1997.7,1069.4,2080.6,1302.9,2039.2,1302.9,1
177,2,player,1,1517.7,721.9,1598.7,905.0,1558.2,905.0,0
177,3,player,0,1277.0,710.7,1344.7,899.7,1310.8,899.7,0
177,4,player,1,611.3,806.1,709.7,1024.4,660.5,1024.4,0
177,5,player,1,1729.1,1031.6,1848.8,1230.2,1789.0,1230.2,0
177,6,player,1,1885.4,475.3,1947.7,606.2,1916.6,606.2,0
177,7,player,1,2232.6,1001.3,2353.8,1195.7,2293.2,1195.7,0
177,10,player,0,1178.7,577.3,1264.0,759.5,1221.4,759.5,0
177,12,player,1,537.3,550.9,617.7,717.5,577.5,717.5,0
177,13,player,1,692.7,461.2,753.3,616.8,723.0,616.8,0
177,15,player,1,1124.2,530.4,1190.7,704.9,1157.4,704.9,0
177,16,player,1,1357.6,597.4,1421.3,758.4,1389.4,758.4,0
177,24,player,0,1496.0,1126.8,1596.9,1394.1,1546.4,1394.1,0
177,27,player,0,57.0,815.3,151.9,1041.2,104.4,1041.2,0
178,-1,ball,-1,2005.1,1278.5,2017.1,1290.5,2011.1,1284.5,0
178,1,player,0,2005.2,1068.1,2083.1,1305.1,2044.2,1305.1,1
178,2,player,1,1518.4,721.5,1601.2,905.7,1559.8,905.7,0
178,3,player,0,1281.4,710.3,1341.2,898.6,1311.3,898.6,0
178,4,player,1,611.0,808.3,713.9,1026.3,662.4,1026.3,0
178,5,player,1,1729.5,1038.6,1849.5,1230.2,1789.5,1230.2,0
178,6,player,1,1887.1,474.5,1949.3,605.6,1918.2,605.6,0
178,7,player,1,2214.1,1008.3,2347.0,1196.7,2280.6,1196.7,0
178,10,player,0,1183.1,575.7,1264.4,758.9,1223.8,758.9,0
178,12,player,1,545.5,550.0,619.8,716.3,582.6,716.3,0
178,13,player,1,694.8,460.4,756.5,615.1,725.6,615.1,0
178,15,player,1,1125.5,530.4,1192.0,703.3,1158.8,703.3,0
178,16,player,1,1356.5,597.3,1422.3,759.2,1389.4,759.2,0
178,24,player,0,1476.6,1122.0,1582.5,1387.8,1529.6,1387.8,0
178,27,player,0,60.9,814.3,153.7,1040.9,107.3,1040.9,0
179,-1,ball,-1,2005.0,1278.6,2017.0,1290.6,2011.0,1284.6,0
179,1,player,0,2005.2,1068.1,2083.2,1305.2,2044.2,1305.2,1
179,2,player,1,1518.5,721.6,1601.2,905.6,1559.8,905.6,0
179,3,player,0,1281.4,710.3,1341.2,898.6,1311.3,898.6,0
179,4,player,1,611.1,808.4,713.9,1026.3,662.5,1026.3,0
179,5,player,1,1729.5,1038.6,1849.6,1230.2,1789.6,1230.2,0
179,6,player,1,1887.1,474.5,1949.3,605.7,1918.2,605.7,0
179,7,player,1,2214.1,1008.1,2347.0,1196.6,2280.6,1196.6,0
179,10,player,0,1183.1,575.8,1264.4,758.9,1223.8,758.9,0
179,12,player,1,545.5,550.1,619.8,716.2,582.6,716.2,0
179,13,player,1,694.6,460.4,756.5,615.2,725.6,615.2,0
179,15,player,1,1125.6,530.3,1192.0,703.3,1158.8,703.3,0
179,16,player,1,1356.3,597.3,1422.3,759.3,1389.3,759.3,0
179,24,player,0,1476.5,1122.0,1582.6,1387.6,1529.6,1387.6,0
179,27,player,0,60.9,814.3,153.7,1041.0,107.3,1041.0,0
180,-1,ball,-1,2008.0,1279.4,2020.0,1291.4,2014.0,1285.4,0
180,1,player,0,2010.0,1068.5,2084.1,1308.0,2047.0,1308.0,1
180,2,player,1,1518.4,721.2,1601.5,906.4,1560.0,906.4,0
180,3,player,0,1287.3,711.2,1347.5,898.6,1317.4,898.6,0
180,4,player,1,611.7,810.2,716.4,1027.2,664.0,1027.2,0
180,5,player,1,1731.3,1041.9,1852.2,1231.0,1791.8,1231.0,0
180,6,player,1,1888.1,475.4,1951.0,606.5,1919.6,606.5,0
180,7,player,1,2200.3,1013.1,2340.9,1196.9,2270.6,1196.9,0
180,10,player,0,1186.0,576.5,1266.3,758.6,1226.2,758.6,0
180,12,player,1,551.7,549.9,621.8,716.3,586.8,716.3,0
180,13,player,1,695.5,460.5,757.8,615.3,726.6,615.3,0
180,15,player,1,1127.0,529.4,1192.7,703.4,1159.8,703.4,0
180,16,player,1,1354.9,597.5,1422.7,758.9,1388.8,758.9,0
180,24,player,0,1455.6,1122.3,1560.1,1381.0,1507.8,1381.0,0
180,27,player,0,63.4,814.1,155.2,1041.7,109.3,1041.7,0
181,-1,ball,-1,2008.0,1279.4,2020.0,1291.4,2014.0,1285.4,0
181,1,player,0,2009.9,1068.5,2084.3,1308.0,2047.1,1308.0,1
181,2,player,1,1518.4,721.2,1601.4,906.4,1559.9,906.4,0
181,3,player,0,1287.3,711.2,1347.5,898.7,1317.4,898.7,0
181,4,player,1,611.7,810.3,716.2,1027.2,664.0,1027.2,0
181,5,player,1,1731.3,1041.8,1852.1,1231.1,1791.7,1231.1,0
181,6,player,1,1888.1,475.4,1951.1,606.4,1919.6,606.4,0
181,7,player,1,2200.3,1013.1,2340.9,1197.0,2270.6,1197.0,0
181,10,player,0,1186.0,576.5,1266.3,758.6,1226.2,758.6,0
181,12,player,1,551.8,549.8,621.7,716.3,586.8,716.3,0
181,13,player,1,695.5,460.2,757.8,615.3,726.6,615.3,0
181,15,player,1,1127.0,529.4,1192.7,703.4,1159.8,703.4,0
181,16,player,1,1354.8,597.6,1422.5,758.8,1388.6,758.8,0
181,24,player,0,1455.6,1122.3,1560.1,1381.1,1507.8,1381.1,0
181,27,player,0,63.4,814.1,155.1,1041.7,109.2,1041.7,0
182,-1,ball,-1,2012.0,1279.3,2024.0,1291.3,2018.0,1285.3,0
182,1,player,0,2015.5,1071.0,2088.1,1310.5,2051.8,1310.5,1
182,2,player,1,1520.8,720.8,1603.4,906.4,1562.1,906.4,0
182,3,player,0,1292.6,710.6,1363.0,899.6,1327.8,899.6,0
182,4,player,1,614.3,811.4,718.8,1029.7,666.6,1029.7,0
182,5,player,1,1733.0,1043.9,1853.4,1231.4,1793.2,1231.4,0
182,6,player,1,1888.6,475.8,1952.6,606.8,1920.6,606.8,0
182,7,player,1,2188.1,1015.8,2342.8,1197.7,2265.4,1197.7,0
182,10,player,0,1191.3,575.6,1277.8,759.0,1234.6,759.0,0
182,12,player,1,558.7,548.8,626.0,715.3,592.4,715.3,0
182,13,player,1,701.7,459.6,759.3,615.5,730.5,615.5,0
182,15,player,1,1128.3,528.0,1194.7,702.2,1161.5,702.2,0
182,16,player,1,1354.9,597.6,1423.5,759.1,1389.2,759.1,0
182,24,player,0,1440.4,1123.4,1539.4,1382.1,1489.9,1382.1,0
182,27,player,0,66.6,813.4,158.5,1041.1,112.6,1041.1,0
183,-1,ball,-1,2012.0,1279.4,2024.0,1291.4,2018.0,1285.4,0
183,1,player,0,2015.4,1071.0,2088.0,1310.5,2051.7,1310.5,1
183,2,player,1,1520.7,720.8,1603.4,906.3,1562.1,906.3,0
183,3,player,0,1292.6,710.6,1362.9,899.6,1327.8,899.6,0
183,4,player,1,614.3,811.5,719.0,1029.8,666.6,1029.8,0
183,5,player,1,1733.1,1044.0,1853.4,1231.3,1793.2,1231.3,0
183,6,player,1,1888.6,475.9,1952.6,606.8,1920.6,606.8,0
183,7,player,1,2188.1,1015.7,2342.7,1197.7,2265.4,1197.7,0
183,10,player,0,1191.3,575.6,1277.9,759.0,1234.6,759.0,0
183,12,player,1,558.7,548.8,626.0,715.3,592.4,715.3,0
183,13,player,1,701.7,459.7,759.4,615.5,730.6,615.5,0
183,15,player,1,1128.3,528.0,1194.6,702.2,1161.4,702.2,0
183,16,player,1,1355.1,597.6,1423.5,759.1,1389.3,759.1,0
183,24,player,0,1439.8,1123.1,1539.3,1381.6,1489.6,1381.6,0
183,27,player,0,66.6,813.3,158.5,1041.2,112.6,1041.2,0
184,-1,ball,-1,2012.0,1279.3,2024.0,1291.3,2018.0,1285.3,0
184,1,player,0,2015.4,1071.0,2088.1,1310.4,2051.8,1310.4,1
184,2,player,1,1520.7,720.8,1603.5,906.3,1562.1,906.3,0
184,3,player,0,1292.6,710.6,1363.0,899.7,1327.8,899.7,0
184,4,player,1,614.2,811.5,718.8,1029.9,666.5,1029.9,0
184,5,player,1,1733.0,1044.0,1853.3,1231.4,1793.2,1231.4,0
184,6,player,1,1888.6,475.9,1952.6,606.8,1920.6,606.8,0
184,7,player,1,2188.0,1015.7,2342.7,1197.7,2265.4,1197.7,0
184,10,player,0,1191.3,575.6,1277.8,758.9,1234.6,758.9,0
184,12,player,1,558.7,548.8,626.0,715.3,592.4,715.3,0
184,13,player,1,701.7,459.6,759.4,615.5,730.6,615.5,0
184,15,player,1,1128.3,528.0,1194.6,702.2,1161.4,702.2,0
184,16,player,1,1355.0,597.6,1423.6,759.1,1389.3,759.1,0
184,24,player,0,1439.7,1123.1,1539.8,1381.8,1489.8,1381.8,0
184,27,player,0,66.6,813.4,158.6,1041.2,112.6,1041.2,0
185,-1,ball,-1,2015.0,1279.2,2027.0,1291.2,2021.0,1285.2,0
185,1,player,0,2020.4,1070.6,2091.5,1310.9,2056.0,1310.9,1
185,2,player,1,1519.3,719.3,1605.4,905.5,1562.4,905.5,0
185,3,player,0,1295.8,710.0,1374.6,899.6,1335.2,899.6,0
185,4,player,1,618.6,812.7,719.1,1029.1,668.8,1029.1,0
185,5,player,1,1736.1,1043.8,1855.2,1229.9,1795.6,1229.9,0
185,6,player,1,1890.0,477.8,1953.3,606.4,1921.6,606.4,0
185,7,player,1,2177.0,1013.3,2346.9,1200.6,2262.0,1200.6,0
185,10,player,0,1197.0,574.0,1289.0,759.0,1243.0,759.0,0
185,12,player,1,564.5,548.1,629.3,714.3,596.9,714.3,0
185,13,player,1,704.2,457.2,760.6,615.3,732.4,615.3,0
185,15,player,1,1129.1,526.6,1196.9,701.4,1163.0,701.4,0
185,16,player,1,1355.1,597.1,1423.2,759.0,1389.2,759.0,0
185,24,player,0,1418.6,1125.5,1521.1,1384.3,1469.8,1384.3,0
185,27,player,0,70.6,812.5,160.1,1040.5,115.4,1040.5,0
186,-1,ball,-1,2015.0,1279.2,2027.0,1291.2,2021.0,1285.2,0
186,1,player,0,2020.4,1070.6,2091.5,1310.9,2056.0,1310.9,1
186,2,player,1,1519.2,719.2,1605.5,905.5,1562.4,905.5,0
186,3,player,0,1295.9,710.1,1374.5,899.6,1335.2,899.6,0
186,4,player,1,618.7,812.7,718.9,1029.1,668.8,1029.1,0
186,5,player,1,1736.1,1043.8,1855.1,1229.9,1795.6,1229.9,0
186,6,player,1,1890.1,477.8,1953.3,606.4,1921.7,606.4,0
186,7,player,1,2176.9,1013.3,2346.8,1200.5,2261.9,1200.5,0
186,10,player,0,1197.0,574.0,1288.9,759.1,1243.0,759.1,0
186,12,player,1,565.3,547.9,629.4,714.2,597.3,714.2,0
186,13,player,1,704.2,457.2,760.6,615.2,732.4,615.2,0
186,15,player,1,1129.3,526.7,1196.8,701.4,1163.0,701.4,0
186,16,player,1,1355.3,597.1,1423.3,759.0,1389.3,759.0,0
186,24,player,0,1418.6,1125.5,1520.8,1384.3,1469.7,1384.3,0
186,27,player,0,70.7,812.5,160.0,1040.5,115.4,1040.5,0
187,-1,ball,-1,2018.8,1278.5,2030.8,1290.5,2024.8,1284.5,0
187,1,player,0,2023.0,1069.7,2095.8,1310.4,2059.4,1310.4,1
187,2,player,1,1519.1,719.1,1609.2,904.7,1564.2,904.7,0
187,3,player,0,1301.8,712.0,1379.9,900.0,1340.8,900.0,0
187,4,player,1,620.2,811.8,717.8,1029.2,669.0,1029.2,0
187,5,player,1,1737.2,1041.2,1857.9,1229.9,1797.6,1229.9,0
187,6,player,1,1891.7,479.0,1956.5,606.2,1924.1,606.2,0
187,7,player,1,2172.7,1010.7,2348.1,1206.4,2260.4,1206.4,0
187,10,player,0,1200.7,572.8,1295.9,759.0,1248.3,759.0,0
187,12,player,1,574.6,547.6,632.2,714.1,603.4,714.1,0
187,13,player,1,709.0,455.8,762.7,614.9,735.8,614.9,0
187,15,player,1,1130.6,526.3,1197.6,700.9,1164.1,700.9,0
187,16,player,1,1357.8,596.7,1422.0,758.0,1389.9,758.0,0
187,24,player,0,1394.5,1131.2,1503.1,1386.7,1448.8,1386.7,0
187,27,player,0,76.1,813.5,161.8,1039.8,119.0,1039.8,0
188,-1,ball,-1,2018.8,1278.5,2030.8,1290.5,2024.8,1284.5,0
188,1,player,0,2023.0,1069.8,2095.8,1310.4,2059.4,1310.4,1
188,2,player,1,1519.1,719.1,1609.2,904.7,1564.2,904.7,0
188,3,player,0,1301.8,712.0,1379.9,900.0,1340.8,900.0,0
188,4,player,1,620.1,811.8,717.9,1029.2,669.0,1029.2,0
188,5,player,1,1737.2,1041.2,1857.9,1229.8,1797.6,1229.8,0
188,6,player,1,1891.7,479.0,1956.5,606.2,1924.1,606.2,0
188,7,player,1,2172.7,1010.7,2348.1,1206.4,2260.4,1206.4,0
188,10,player,0,1200.7,572.8,1295.8,759.0,1248.2,759.0,0
188,12,player,1,574.6,547.6,632.2,714.1,603.4,714.1,0
188,13,player,1,709.0,455.8,762.7,614.9,735.8,614.9,0
188,15,player,1,1130.6,526.2,1197.6,700.9,1164.1,700.9,0
188,16,player,1,1357.8,596.7,1422.0,757.9,1389.9,757.9,0
188,24,player,0,1394.6,1131.2,1503.0,1386.6,1448.8,1386.6,0
188,27,player,0,76.1,813.5,161.8,1039.9,119.0,1039.9,0
189,-1,ball,-1,2018.8,1278.5,2030.8,1290.5,2024.8,1284.5,0
189,1,player,0,2022.8,1069.8,2095.8,1310.4,2059.3,1310.4,1
189,2,player,1,1519.1,719.1,1609.2,904.7,1564.2,904.7,0
189,3,player,0,1301.8,712.1,1379.9,900.0,1340.8,900.0,0
189,4,player,1,620.1,811.8,718.0,1029.2,669.0,1029.2,0
189,5,player,1,1737.1,1041.3,1857.9,1229.9,1797.5,1229.9,0
189,6,player,1,1891.7,479.0,1956.5,606.1,1924.1,606.1,0
189,7,player,1,2172.7,1010.7,2348.1,1206.4,2260.4,1206.4,0
189,10,player,0,1200.7,572.8,1295.8,758.9,1248.2,758.9,0
189,12,player,1,574.6,547.6,632.2,714.1,603.4,714.1,0
189,13,player,1,708.9,455.8,762.6,614.9,735.8,614.9,0
189,15,player,1,1130.6,526.2,1197.6,700.9,1164.1,700.9,0
189,16,player,1,1357.7,596.7,1422.0,757.9,1389.8,757.9,0
189,24,player,0,1394.6,1131.2,1503.2,1386.7,1448.9,1386.7,0
189,27,player,0,76.2,813.5,161.8,1039.8,119.0,1039.8,0
190,-1,ball,-1,2022.4,1278.7,2034.4,1290.7,2028.4,1284.7,0
190,1,player,0,2023.5,1069.9,2100.9,1310.9,2062.2,1310.9,1
190,2,player,1,1519.8,719.0,1611.2,904.9,1565.5,904.9,0
190,3,player,0,1305.7,711.5,1382.6,898.8,1344.2,898.8,0
190,4,player,1,625.0,812.0,715.5,1029.1,670.2,1029.1,0
190,5,player,1,1739.4,1039.2,1859.7,1229.5,1799.6,1229.5,0
190,6,player,1,1896.2,477.5,1959.0,604.8,1927.6,604.8,0
190,7,player,1,2176.3,1009.4,2344.5,1213.9,2260.4,1213.9,0
190,10,player,0,1204.5,572.8,1300.4,758.9,1252.4,758.9,0
190,12,player,1,580.5,547.8,636.3,714.0,608.4,714.0,0
190,13,player,1,712.0,455.5,765.2,614.8,738.6,614.8,0
190,15,player,1,1132.1,525.6,1198.8,700.4,1165.4,700.4,0
190,16,player,1,1359.8,595.9,1420.0,756.6,1389.9,756.6,0
190,24,player,0,1350.9,1136.6,1482.7,1389.3,1416.8,1389.3,0
190,27,player,0,81.5,812.7,164.2,1039.8,122.8,1039.8,0
191,-1,ball,-1,2022.4,1278.7,2034.4,1290.7,2028.4,1284.7,0
191,1,player,0,2023.4,1069.9,2101.0,1310.9,2062.2,1310.9,1
191,2,player,1,1519.7,719.0,1611.2,904.9,1565.4,904.9,0
191,3,player,0,1305.7,711.6,1382.6,898.8,1344.2,898.8,0
191,4,player,1,624.6,812.0,715.5,1029.1,670.0,1029.1,0
191,5,player,1,1739.3,1039.2,1859.7,1229.5,1799.5,1229.5,0
191,6,player,1,1896.1,477.5,1959.0,604.8,1927.6,604.8,0
191,7,player,1,2176.4,1009.3,2344.5,1213.9,2260.4,1213.9,0
191,10,player,0,1204.5,572.8,1300.4,758.9,1252.4,758.9,0
191,12,player,1,580.5,547.8,636.3,714.0,608.4,714.0,0
191,13,player,1,712.0,455.5,765.2,614.8,738.6,614.8,0
191,15,player,1,1132.1,525.6,1198.8,700.3,1165.4,700.3,0
191,16,player,1,1359.9,595.9,1419.9,756.5,1389.9,756.5,0
191,24,player,0,1350.9,1136.6,1482.3,1389.4,1416.6,1389.4,0
191,27,player,0,81.2,812.7,164.2,1039.6,122.7,1039.6,0
192,-1,ball,-1,2026.8,1278.8,2038.8,1290.8,2032.8,1284.8,0
192,1,player,0,2026.4,1069.0,2104.8,1309.4,2065.6,1309.4,1
192,2,player,1,1520.5,718.6,1611.5,903.5,1566.0,903.5,0
192,3,player,0,1311.6,712.9,1384.8,898.4,1348.2,898.4,0
192,4,player,1,627.2,811.2,711.9,1028.4,669.6,1028.4,0
192,5,player,1,1741.3,1036.0,1863.9,1229.1,1802.6,1229.1,0
192,6,player,1,1899.4,477.9,1960.6,604.3,1930.0,604.3,0
192,7,player,1,2185.6,1009.4,2327.4,1213.7,2256.5,1213.7,0
192,10,player,0,1207.9,571.4,1307.6,758.9,1257.8,758.9,0
192,12,player,1,585.0,547.8,640.0,714.7,612.5,714.7,0
192,13,player,1,713.1,454.9,767.5,613.8,740.3,613.8,0
192,15,player,1,1132.6,524.8,1200.6,699.8,1166.6,699.8,0
192,16,player,1,1361.5,594.1,1416.1,757.8,1388.8,757.8,0
192,24,player,0,1319.2,1137.3,1456.0,1388.6,1387.6,1388.6,0
192,27,player,0,87.0,812.2,167.2,1039.5,127.1,1039.5,0
193,-1,ball,-1,2026.8,1278.8,2038.8,1290.8,2032.8,1284.8,0
193,1,player,0,2026.5,1069.0,2104.9,1309.5,2065.7,1309.5,1
193,2,player,1,1520.6,718.7,1611.5,903.4,1566.0,903.4,0
193,3,player,0,1311.6,712.9,1384.7,898.4,1348.2,898.4,0
193,4,player,1,627.1,811.1,712.0,1028.5,669.6,1028.5,0
193,5,player,1,1741.4,1036.0,1863.9,1229.1,1802.6,1229.1,0
193,6,player,1,1899.4,477.9,1960.5,604.3,1930.0,604.3,0
193,7,player,1,2185.9,1009.4,2327.5,1213.7,2256.7,1213.7,0
193,10,player,0,1207.8,571.4,1307.6,759.0,1257.7,759.0,0
193,12,player,1,585.0,547.8,640.2,714.7,612.6,714.7,0
193,13,player,1,713.1,454.9,767.5,613.8,740.3,613.8,0
193,15,player,1,1132.6,524.8,1200.6,699.8,1166.6,699.8,0
193,16,player,1,1361.4,594.1,1416.1,758.0,1388.8,758.0,0
193,24,player,0,1319.2,1137.4,1455.8,1388.6,1387.5,1388.6,0
193,27,player,0,87.0,812.2,167.1,1039.5,127.0,1039.5,0
194,-1,ball,-1,2030.0,1279.2,2042.0,1291.2,2036.0,1285.2,0
194,1,player,0,2026.5,1067.7,2109.6,1307.1,2068.0,1307.1,1
194,2,player,1,1521.2,717.5,1613.5,903.9,1567.4,903.9,0
194,3,player,0,1316.1,711.4,1387.5,898.3,1351.8,898.3,0
194,4,player,1,629.5,810.4,708.9,1028.6,669.2,1028.6,0
194,5,player,1,1743.6,1033.9,1865.6,1228.7,1804.6,1228.7,0
194,6,player,1,1900.8,478.1,1962.8,603.6,1931.8,603.6,0
194,7,player,1,2189.2,1009.8,2297.9,1214.5,2243.6,1214.5,0
194,10,player,0,1209.8,570.4,1311.3,757.9,1260.6,757.9,0
194,12,player,1,590.3,547.5,643.7,714.8,617.0,714.8,0
194,13,player,1,716.4,455.2,767.8,612.0,742.1,612.0,0
194,15,player,1,1132.8,523.8,1201.4,698.4,1167.1,698.4,0
194,16,player,1,1363.2,591.7,1415.2,750.2,1389.2,750.2,0
194,24,player,0,1295.7,1135.9,1456.7,1388.5,1376.2,1388.5,0
194,27,player,0,91.8,811.2,169.0,1037.6,130.4,1037.6,0
195,-1,ball,-1,2030.0,1279.2,2042.0,1291.2,2036.0,1285.2,0
195,1,player,0,2026.5,1067.7,2109.6,1307.1,2068.0,1307.1,1
195,2,player,1,1521.2,717.5,1613.6,903.9,1567.4,903.9,0
195,3,player,0,1316.1,711.4,1387.5,898.3,1351.8,898.3,0
195,4,player,1,629.5,810.4,708.9,1028.6,669.2,1028.6,0
195,5,player,1,1743.6,1033.9,1865.6,1228.7,1804.6,1228.7,0
195,6,player,1,1900.8,478.1,1962.8,603.6,1931.8,603.6,0
195,7,player,1,2189.2,1009.8,2298.0,1214.5,2243.6,1214.5,0
195,10,player,0,1209.8,570.4,1311.3,758.0,1260.6,758.0,0
195,12,player,1,590.3,547.5,643.7,714.8,617.0,714.8,0
195,13,player,1,716.4,455.2,767.8,612.0,742.1,612.0,0
195,15,player,1,1132.8,523.8,1201.4,698.4,1167.1,698.4,0
195,16,player,1,1363.2,591.7,1415.2,750.2,1389.2,750.2,0
195,24,player,0,1295.6,1135.9,1456.7,1388.5,1376.2,1388.5,0
195,27,player,0,91.8,811.3,169.0,1037.6,130.4,1037.6,0
196,-1,ball,-1,2030.0,1279.2,2042.0,1291.2,2036.0,1285.2,0
196,1,player,0,2026.5,1067.7,2109.6,1307.1,2068.0,1307.1,1
196,2,player,1,1521.2,717.5,1613.5,903.9,1567.4,903.9,0
196,3,player,0,1316.1,711.4,1387.6,898.3,1351.8,898.3,0
196,4,player,1,629.5,810.5,708.9,1028.6,669.2,1028.6,0
196,5,player,1,1743.6,1033.9,1865.7,1228.7,1804.6,1228.7,0
196,6,player,1,1900.8,478.1,1962.8,603.6,1931.8,603.6,0
196,7,player,1,2189.2,1009.8,2297.9,1214.5,2243.6,1214.5,0
196,10,player,0,1209.8,570.4,1311.3,758.0,1260.6,758.0,0
196,12,player,1,590.4,547.6,643.7,714.8,617.0,714.8,0
196,13,player,1,716.4,455.2,767.8,612.0,742.1,612.0,0
196,15,player,1,1132.8,523.8,1201.4,698.4,1167.1,698.4,0
196,16,player,1,1363.2,591.7,1415.2,750.2,1389.2,750.2,0
196,24,player,0,1295.7,1135.9,1456.9,1388.5,1376.3,1388.5,0
196,27,player,0,91.8,811.3,169.0,1037.6,130.4,1037.6,0
197,-1,ball,-1,2030.0,1279.2,2042.0,1291.2,2036.0,1285.2,0
197,1,player,0,2026.6,1067.7,2109.6,1307.1,2068.1,1307.1,1
197,2,player,1,1521.2,717.6,1613.6,904.0,1567.4,904.0,0
197,3,player,0,1316.1,711.4,1387.4,898.3,1351.8,898.3,0
197,4,player,1,629.5,810.5,709.0,1028.5,669.2,1028.5,0
197,5,player,1,1743.7,1033.9,1865.7,1228.7,1804.7,1228.7,0
197,6,player,1,1900.8,478.1,1962.7,603.5,1931.8,603.5,0
197,7,player,1,2189.1,1009.8,2298.0,1214.5,2243.6,1214.5,0
197,10,player,0,1209.8,570.4,1311.3,758.0,1260.6,758.0,0
197,12,player,1,590.8,547.6,643.7,714.8,617.2,714.8,0
197,13,player,1,716.5,455.1,767.8,611.9,742.2,611.9,0
197,15,player,1,1132.9,523.8,1201.4,698.4,1167.2,698.4,0
197,16,player,1,1363.3,591.7,1415.3,750.3,1389.3,750.3,0
197,24,player,0,1295.7,1136.0,1456.7,1388.6,1376.2,1388.6,0
197,27,player,0,91.8,811.3,169.0,1037.6,130.4,1037.6,0
198,-1,ball,-1,2034.2,1279.3,2046.2,1291.3,2040.2,1285.3,0
198,1,player,0,2029.1,1066.8,2125.0,1303.9,2077.0,1303.9,1
198,2,player,1,1522.6,717.6,1614.5,903.2,1568.6,903.2,0
198,3,player,0,1320.6,712.9,1388.2,897.3,1354.4,897.3,0
198,4,player,1,632.3,810.3,706.6,1026.8,669.4,1026.8,0
198,5,player,1,1745.8,1033.6,1869.6,1227.6,1807.7,1227.6,0
198,6,player,1,1902.0,478.4,1965.8,604.2,1933.9,604.2,0
198,7,player,1,2186.3,1011.6,2299.8,1214.9,2243.0,1214.9,0
198,10,player,0,1212.1,570.2,1313.0,756.8,1262.6,756.8,0
198,12,player,1,594.3,545.9,647.2,714.5,620.8,714.5,0
198,13,player,1,723.1,456.5,768.3,609.6,745.7,609.6,0
198,15,player,1,1132.0,523.7,1203.2,697.9,1167.6,697.9,0
198,16,player,1,1364.3,590.5,1415.4,749.8,1389.8,749.8,0
198,24,player,0,1288.2,1137.3,1454.9,1387.1,1371.6,1387.1,0
198,27,player,0,97.2,810.5,171.6,1037.5,134.4,1037.5,0
199,-1,ball,-1,2038.2,1279.7,2050.2,1291.7,2044.2,1285.7,0
199,1,player,0,2033.7,1067.8,2144.4,1301.1,2089.0,1301.1,1
199,2,player,1,1525.2,717.5,1616.6,903.8,1570.9,903.8,0
199,3,player,0,1323.0,710.4,1394.0,897.1,1358.5,897.1,0
199,4,player,1,633.3,810.2,704.7,1026.3,669.0,1026.3,0
199,5,player,1,1750.9,1033.9,1873.7,1228.0,1812.3,1228.0,0
199,6,player,1,1905.0,476.4,1968.6,603.4,1936.8,603.4,0
199,7,player,1,2183.6,1014.1,2299.2,1221.6,2241.4,1221.6,0
199,10,player,0,1215.7,570.1,1314.3,756.3,1265.0,756.3,0
199,12,player,1,597.2,546.3,652.1,713.7,624.7,713.7,0
199,13,player,1,727.1,455.1,771.6,610.1,749.4,610.1,0
199,15,player,1,1131.9,523.9,1203.9,697.9,1167.9,697.9,0
199,16,player,1,1367.5,590.2,1416.0,751.0,1391.8,751.0,0
199,24,player,0,1286.4,1137.1,1440.1,1390.0,1363.2,1390.0,0
199,27,player,0,98.9,809.8,174.5,1037.1,136.7,1037.1,0
200,-1,ball,-1,2038.2,1279.7,2050.2,1291.7,2044.2,1285.7,0
200,1,player,0,2033.8,1067.7,2144.4,1301.1,2089.1,1301.1,1
200,2,player,1,1525.2,717.6,1616.6,903.8,1570.9,903.8,0
200,3,player,0,1323.0,710.4,1393.9,897.1,1358.4,897.1,0
200,4,player,1,633.4,810.2,704.6,1026.3,669.0,1026.3,0
200,5,player,1,1750.9,1033.9,1873.7,1227.9,1812.3,1227.9,0
200,6,player,1,1905.0,476.4,1968.6,603.4,1936.8,603.4,0
200,7,player,1,2183.6,1014.0,2299.3,1221.6,2241.4,1221.6,0
200,10,player,0,1215.7,570.2,1314.3,756.3,1265.0,756.3,0
200,12,player,1,597.4,546.3,652.1,713.7,624.8,713.7,0
200,13,player,1,727.1,455.2,771.5,610.1,749.3,610.1,0
200,15,player,1,1131.9,523.9,1204.0,697.9,1168.0,697.9,0
200,16,player,1,1367.6,590.2,1416.1,751.0,1391.8,751.0,0
200,24,player,0,1286.4,1137.1,1440.1,1390.0,1363.2,1390.0,0
200,27,player,0,99.2,809.8,174.4,1037.1,136.8,1037.1,0
201,-1,ball,-1,2038.2,1279.8,2050.2,1291.8,2044.2,1285.8,0
201,1,player,0,2033.7,1067.8,2144.6,1301.3,2089.2,1301.3,1
201,2,player,1,1525.2,717.6,1616.6,903.9,1570.9,903.9,0
201,3,player,0,1323.0,710.4,1394.0,897.1,1358.5,897.1,0
201,4,player,1,633.4,810.2,704.6,1026.3,669.0,1026.3,0
201,5,player,1,1750.9,1033.9,1873.6,1227.9,1812.2,1227.9,0
201,6,player,1,1905.0,476.4,1968.6,603.4,1936.8,603.4,0
201,7,player,1,2183.6,1014.0,2299.2,1221.6,2241.4,1221.6,0
201,10,player,0,1215.7,570.1,1314.3,756.3,1265.0,756.3,0
201,12,player,1,597.1,546.1,652.3,713.9,624.7,713.9,0
201,13,player,1,727.0,455.2,771.6,610.1,749.3,610.1,0
201,15,player,1,1131.9,523.9,1204.0,697.9,1168.0,697.9,0
201,16,player,1,1367.6,590.2,1416.1,751.0,1391.8,751.0,0
201,24,player,0,1286.4,1137.1,1440.1,1390.0,1363.2,1390.0,0
201,27,player,0,99.2,809.8,174.4,1037.1,136.8,1037.1,0
202,-1,ball,-1,2042.3,1279.6,2054.3,1291.6,2048.3,1285.6,0
202,1,player,0,2040.8,1068.5,2157.5,1300.5,2099.2,1300.5,1
202,2,player,1,1529.3,717.0,1617.5,904.9,1573.4,904.9,0
202,3,player,0,1327.6,709.9,1401.2,897.8,1364.4,897.8,0
202,4,player,1,634.4,808.8,704.1,1025.6,669.2,1025.6,0
202,5,player,1,1755.0,1034.0,1877.2,1226.7,1816.1,1226.7,0
202,6,player,1,1910.8,475.8,1972.0,604.4,1941.4,604.4,0
202,7,player,1,2179.0,1019.3,2293.1,1226.5,2236.0,1226.5,0
202,10,player,0,1219.1,569.7,1315.7,755.3,1267.4,755.3,0
202,12,player,1,605.9,546.2,656.8,713.3,631.3,713.3,0
202,13,player,1,730.0,455.2,774.0,609.9,752.0,609.9,0
202,15,player,1,1131.0,523.8,1204.8,697.2,1167.9,697.2,0
202,16,player,1,1370.9,590.1,1417.0,751.5,1394.0,751.5,0
202,24,player,0,1269.0,1135.6,1407.9,1391.1,1338.4,1391.1,0
202,27,player,0,92.9,809.3,181.2,1037.3,137.0,1037.3,0
203,-1,ball,-1,2042.3,1279.5,2054.3,1291.5,2048.3,1285.5,0
203,1,player,0,2040.6,1068.5,2157.5,1300.5,2099.0,1300.5,1
203,2,player,1,1529.3,717.0,1617.5,905.0,1573.4,905.0,0
203,3,player,0,1327.6,710.0,1401.2,897.8,1364.4,897.8,0
203,4,player,1,634.4,808.8,704.4,1025.7,669.4,1025.7,0
203,5,player,1,1755.0,1034.0,1877.2,1226.7,1816.1,1226.7,0
203,6,player,1,1910.5,475.8,1971.9,604.4,1941.2,604.4,0
203,7,player,1,2179.0,1019.3,2293.1,1226.6,2236.0,1226.6,0
203,10,player,0,1219.0,569.6,1315.7,755.3,1267.4,755.3,0
203,12,player,1,605.8,546.2,656.8,713.4,631.3,713.4,0
203,13,player,1,730.0,455.2,774.0,609.8,752.0,609.8,0
203,15,player,1,1131.0,523.8,1205.0,697.2,1168.0,697.2,0
203,16,player,1,1371.2,590.0,1417.0,751.5,1394.1,751.5,0
203,24,player,0,1268.9,1135.7,1407.9,1391.1,1338.4,1391.1,0
203,27,player,0,92.8,809.3,181.2,1037.3,137.0,1037.3,0
204,-1,ball,-1,2046.1,1279.8,2058.1,1291.8,2052.1,1285.8,0
204,1,player,0,2050.7,1069.9,2158.8,1300.0,2104.8,1300.0,1
204,2,player,1,1532.7,717.2,1618.3,905.9,1575.5,905.9,0
204,3,player,0,1330.0,709.7,1408.6,897.5,1369.3,897.5,0
204,4,player,1,633.3,807.7,705.6,1027.6,669.4,1027.6,0
204,5,player,1,1758.6,1036.2,1880.8,1226.3,1819.7,1226.3,0
204,6,player,1,1913.2,475.7,1975.5,604.1,1944.4,604.1,0
204,7,player,1,2158.8,1026.3,2284.0,1230.3,2221.4,1230.3,0
204,10,player,0,1223.0,569.4,1316.1,755.3,1269.6,755.3,0
204,12,player,1,611.5,546.5,662.8,711.6,637.2,711.6,0
204,13,player,1,731.5,455.4,776.7,610.3,754.1,610.3,0
204,15,player,1,1131.4,524.0,1206.2,697.9,1168.8,697.9,0
204,16,player,1,1372.1,590.4,1418.2,749.2,1395.2,749.2,0
204,24,player,0,1252.0,1131.2,1370.1,1391.1,1311.0,1391.1,0
204,27,player,0,94.7,809.8,185.1,1037.3,139.9,1037.3,0
205,-1,ball,-1,2046.1,1279.8,2058.1,1291.8,2052.1,1285.8,0
205,1,player,0,2050.8,1069.9,2158.8,1300.0,2104.8,1300.0,1
205,2,player,1,1532.7,717.2,1618.3,905.9,1575.5,905.9,0
205,3,player,0,1330.0,709.6,1408.6,897.5,1369.3,897.5,0
205,4,player,1,633.2,807.6,705.8,1027.7,669.5,1027.7,0
205,5,player,1,1758.5,1036.1,1880.8,1226.3,1819.6,1226.3,0
205,6,player,1,1913.2,475.7,1975.5,604.1,1944.4,604.1,0
205,7,player,1,2158.9,1026.3,2284.0,1230.3,2221.4,1230.3,0
205,10,player,0,1223.0,569.4,1316.1,755.3,1269.6,755.3,0
205,12,player,1,611.6,546.7,662.8,711.6,637.2,711.6,0
205,13,player,1,731.5,455.4,776.7,610.3,754.1,610.3,0
205,15,player,1,1131.4,524.0,1206.3,697.9,1168.8,697.9,0
205,16,player,1,1372.1,590.4,1418.2,749.4,1395.2,749.4,0
205,24,player,0,1251.9,1131.2,1370.2,1391.1,1311.1,1391.1,0
205,27,player,0,94.6,809.8,185.1,1037.2,139.8,1037.2,0
206,-1,ball,-1,2051.0,1279.4,2063.0,1291.4,2057.0,1285.4,0
206,1,player,0,2066.0,1073.1,2146.8,1299.9,2106.4,1299.9,1
206,2,player,1,1538.0,717.1,1620.1,905.2,1579.0,905.2,0
206,3,player,0,1333.6,707.7,1411.8,896.6,1372.7,896.6,0
206,4,player,1,627.0,807.3,707.3,1028.4,667.2,1028.4,0
206,5,player,1,1758.8,1037.7,1883.7,1224.7,1821.2,1224.7,0
206,6,player,1,1914.9,474.2,1978.0,603.7,1946.4,603.7,0
206,7,player,1,2139.2,1033.4,2271.5,1236.5,2205.4,1236.5,0
206,10,player,0,1227.1,569.0,1314.4,754.3,1270.8,754.3,0
206,12,player,1,616.9,547.1,671.5,711.4,644.2,711.4,0
206,13,player,1,734.6,454.6,777.5,607.6,756.0,607.6,0
206,15,player,1,1133.2,522.9,1207.1,697.0,1170.2,697.0,0
206,16,player,1,1374.1,589.2,1419.1,750.5,1396.6,750.5,0
206,24,player,0,1235.5,1127.2,1338.7,1388.8,1287.1,1388.8,0
206,27,player,0,96.4,808.8,187.7,1035.4,142.0,1035.4,0
207,-1,ball,-1,2051.0,1279.4,2063.0,1291.4,2057.0,1285.4,0
207,1,player,0,2065.9,1073.3,2146.9,1299.9,2106.4,1299.9,1
207,2,player,1,1538.1,717.0,1620.1,905.2,1579.1,905.2,0
207,3,player,0,1333.6,707.7,1411.8,896.6,1372.7,896.6,0
207,4,player,1,627.0,807.4,707.3,1028.4,667.2,1028.4,0
207,5,player,1,1758.8,1037.7,1883.7,1224.7,1821.2,1224.7,0
207,6,player,1,1914.9,474.2,1977.9,603.6,1946.4,603.6,0
207,7,player,1,2139.2,1033.4,2271.4,1236.5,2205.3,1236.5,0
207,10,player,0,1227.1,569.1,1314.3,754.3,1270.7,754.3,0
207,12,player,1,616.9,547.0,671.6,711.4,644.2,711.4,0
207,13,player,1,734.6,454.7,777.5,607.6,756.0,607.6,0
207,15,player,1,1133.2,522.9,1207.1,697.0,1170.2,697.0,0
207,16,player,1,1374.0,589.2,1419.1,750.5,1396.6,750.5,0
207,24,player,0,1235.2,1127.0,1338.7,1388.8,1287.0,1388.8,0
207,27,player,0,96.6,808.9,187.9,1035.4,142.2,1035.4,0
208,-1,ball,-1,2051.0,1279.4,2063.0,1291.4,2057.0,1285.4,0
208,1,player,0,2066.0,1073.1,2146.8,1299.9,2106.4,1299.9,1
208,2,player,1,1538.0,717.1,1620.1,905.2,1579.0,905.2,0
208,3,player,0,1333.7,707.7,1411.7,896.6,1372.7,896.6,0
208,4,player,1,627.1,807.3,707.3,1028.4,667.2,1028.4,0
208,5,player,1,1758.8,1037.7,1883.4,1224.7,1821.1,1224.7,0
208,6,player,1,1914.9,474.2,1977.9,603.6,1946.4,603.6,0
208,7,player,1,2139.2,1033.4,2271.3,1236.5,2205.2,1236.5,0
208,10,player,0,1227.1,569.1,1314.3,754.3,1270.7,754.3,0
208,12,player,1,616.8,547.0,671.6,711.5,644.2,711.5,0
208,13,player,1,734.6,454.6,777.5,607.6,756.0,607.6,0
208,15,player,1,1133.3,522.9,1207.2,697.0,1170.2,697.0,0
208,16,player,1,1374.0,589.2,1419.1,750.5,1396.6,750.5,0
208,24,player,0,1235.3,1127.2,1338.7,1388.7,1287.0,1388.7,0
208,27,player,0,96.6,808.9,187.8,1035.4,142.2,1035.4,0
209,-1,ball,-1,2053.0,1279.1,2065.0,1291.1,2059.0,1285.1,0
209,1,player,0,2070.1,1077.8,2140.1,1297.2,2105.1,1297.2,1
209,2,player,1,1544.2,717.0,1623.3,904.1,1583.8,904.1,0
209,3,player,0,1335.5,706.0,1416.1,895.9,1375.8,895.9,0
209,4,player,1,616.3,807.2,707.3,1028.3,661.8,1028.3,0
209,5,player,1,1757.0,1038.6,1885.1,1223.6,1821.0,1223.6,0
209,6,player,1,1916.3,472.5,1980.6,601.6,1948.4,601.6,0
209,7,player,1,2124.8,1044.5,2261.4,1246.9,2193.1,1246.9,0
209,10,player,0,1229.5,567.4,1311.5,753.0,1270.5,753.0,0
209,12,player,1,619.2,545.8,679.3,711.2,649.2,711.2,0
209,13,player,1,734.4,452.2,779.7,606.8,757.0,606.8,0
209,15,player,1,1135.3,521.6,1207.5,696.5,1171.4,696.5,0
209,16,player,1,1374.6,587.5,1419.3,753.4,1396.9,753.4,0
209,24,player,0,1221.1,1122.3,1322.4,1388.2,1271.8,1388.2,0
209,27,player,0,98.1,807.2,194.3,1033.8,146.2,1033.8,0
210,-1,ball,-1,2053.0,1278.9,2065.0,1290.9,2059.0,1284.9,0
210,1,player,0,2069.9,1077.8,2140.1,1297.2,2105.0,1297.2,1
210,2,player,1,1544.2,716.9,1623.2,904.3,1583.7,904.3,0
210,3,player,0,1335.6,705.9,1416.1,895.9,1375.8,895.9,0
210,4,player,1,616.4,807.2,707.1,1028.3,661.8,1028.3,0
210,5,player,1,1757.0,1038.6,1885.0,1223.6,1821.0,1223.6,0
210,6,player,1,1916.3,472.5,1980.5,601.6,1948.4,601.6,0
210,7,player,1,2124.8,1044.6,2261.4,1246.9,2193.1,1246.9,0
210,10,player,0,1229.5,567.4,1311.5,753.0,1270.5,753.0,0
210,12,player,1,619.3,545.9,679.2,711.2,649.2,711.2,0
210,13,player,1,734.4,452.2,779.6,606.8,757.0,606.8,0
210,15,player,1,1135.3,521.6,1207.5,696.5,1171.4,696.5,0
210,16,player,1,1374.5,587.5,1419.4,753.3,1397.0,753.3,0
210,24,player,0,1221.1,1122.4,1322.4,1388.2,1271.8,1388.2,0
210,27,player,0,98.0,807.2,194.3,1033.7,146.2,1033.7,0
211,-1,ball,-1,2620.9,575.6,2632.9,587.6,2626.9,581.6,0
211,1,player,0,2051.8,1080.0,2148.7,1296.9,2100.2,1296.9,0
211,2,player,1,1547.4,716.5,1625.1,903.8,1586.2,903.8,0
211,3,player,0,1335.7,705.6,1418.1,894.0,1376.9,894.0,0
211,4,player,1,609.0,807.1,708.7,1027.2,658.8,1027.2,0
211,5,player,1,1754.3,1039.7,1885.4,1222.2,1819.8,1222.2,0
211,6,player,1,1919.5,472.1,1981.7,599.3,1950.6,599.3,0
211,7,player,1,2116.6,1053.6,2252.2,1247.6,2184.4,1247.6,0
211,10,player,0,1233.2,566.0,1309.3,752.1,1271.2,752.1,0
211,12,player,1,619.7,544.8,685.0,712.7,652.4,712.7,0
211,13,player,1,735.1,450.6,779.7,606.9,757.4,606.9,0
211,15,player,1,1136.4,520.0,1208.7,694.7,1172.6,694.7,0
211,16,player,1,1374.8,586.1,1419.4,751.1,1397.1,751.1,0
211,24,player,0,1206.7,1118.6,1306.8,1383.2,1256.8,1383.2,0
211,27,player,0,100.3,807.0,196.5,1032.9,148.4,1032.9,0
212,-1,ball,-1,2620.8,575.6,2632.8,587.6,2626.8,581.6,0
212,1,player,0,2051.6,1080.0,2148.7,1296.9,2100.1,1296.9,0
212,2,player,1,1547.4,716.5,1625.1,903.8,1586.2,903.8,0
212,3,player,0,1335.7,705.6,1418.1,894.0,1376.9,894.0,0
212,4,player,1,608.9,807.3,708.8,1027.2,658.8,1027.2,0
212,5,player,1,1754.3,1039.7,1885.4,1222.2,1819.8,1222.2,0
212,6,player,1,1919.5,472.1,1981.7,599.3,1950.6,599.3,0
212,7,player,1,2116.6,1053.7,2252.3,1247.7,2184.4,1247.7,0
212,10,player,0,1233.2,566.0,1309.3,752.1,1271.2,752.1,0
212,12,player,1,619.6,544.8,685.0,712.7,652.3,712.7,0
212,13,player,1,735.1,450.6,779.8,606.9,757.4,606.9,0
212,15,player,1,1136.4,520.0,1208.6,694.7,1172.5,694.7,0
212,16,player,1,1375.0,586.0,1419.4,751.1,1397.2,751.1,0
212,24,player,0,1206.8,1118.6,1306.7,1383.2,1256.8,1383.2,0
212,27,player,0,100.2,807.0,196.6,1032.9,148.4,1032.9,0
213,-1,ball,-1,2620.9,575.6,2632.9,587.6,2626.9,581.6,0
213,1,player,0,2051.7,1080.0,2148.7,1296.9,2100.2,1296.9,0
213,2,player,1,1547.4,716.5,1625.1,903.8,1586.2,903.8,0
213,3,player,0,1335.6,705.5,1418.1,894.0,1376.8,894.0,0
213,4,player,1,608.9,807.2,708.8,1027.2,658.8,1027.2,0
213,5,player,1,1754.2,1039.7,1885.3,1222.2,1819.8,1222.2,0
213,6,player,1,1919.5,472.1,1981.7,599.3,1950.6,599.3,0
213,7,player,1,2116.7,1053.6,2252.3,1247.6,2184.5,1247.6,0
213,10,player,0,1233.2,566.0,1309.3,752.1,1271.2,752.1,0
213,12,player,1,619.7,544.9,684.9,712.6,652.3,712.6,0
213,13,player,1,735.2,450.6,779.7,606.9,757.4,606.9,0
213,15,player,1,1136.4,519.9,1208.5,694.7,1172.4,694.7,0
213,16,player,1,1375.1,586.0,1419.3,751.1,1397.2,751.1,0
213,24,player,0,1206.7,1118.7,1306.7,1383.2,1256.7,1383.2,0
213,27,player,0,100.3,807.0,196.7,1032.9,148.5,1032.9,0
214,-1,ball,-1,1965.3,1279.0,1977.3,1291.0,1971.3,1285.0,0
214,1,player,0,2045.3,1082.0,2157.1,1296.9,2101.2,1296.9,0
214,2,player,1,1552.2,715.7,1629.8,902.7,1591.0,902.7,0
214,3,player,0,1334.7,706.5,1418.5,893.4,1376.6,893.4,0
214,4,player,1,606.5,808.2,710.4,1027.1,658.4,1027.1,0
214,5,player,1,1751.2,1037.6,1886.8,1221.1,1819.0,1221.1,0
214,6,player,1,1921.7,470.2,1984.1,599.6,1952.9,599.6,0
214,7,player,1,2127.2,1061.1,2243.7,1247.5,2185.4,1247.5,0
214,10,player,0,1236.7,565.7,1308.0,752.1,1272.4,752.1,0
214,12,player,1,624.4,543.9,689.4,711.3,656.9,711.3,0
214,13,player,1,734.7,450.1,781.3,606.2,758.0,606.2,0
214,15,player,1,1138.2,519.2,1209.2,693.7,1173.7,693.7,0
214,16,player,1,1375.2,584.5,1419.2,750.8,1397.2,750.8,0
214,24,player,0,1194.3,1120.0,1293.5,1386.6,1243.9,1386.6,0
214,27,player,0,104.8,806.2,198.0,1031.0,151.4,1031.0,0
215,-1,ball,-1,1965.3,1279.1,1977.3,1291.1,1971.3,1285.1,0
215,1,player,0,2045.2,1082.0,2157.0,1296.9,2101.1,1296.9,0
215,2,player,1,1552.2,715.7,1629.8,902.7,1591.0,902.7,0
215,3,player,0,1334.7,706.6,1418.5,893.3,1376.6,893.3,0
215,4,player,1,606.5,808.3,710.4,1027.1,658.4,1027.1,0
215,5,player,1,1751.2,1037.5,1886.8,1221.1,1819.0,1221.1,0
215,6,player,1,1921.7,470.2,1984.1,599.5,1952.9,599.5,0
215,7,player,1,2127.0,1061.1,2243.7,1247.5,2185.4,1247.5,0
215,10,player,0,1236.7,565.6,1308.0,752.1,1272.4,752.1,0
215,12,player,1,624.5,544.0,689.4,711.3,657.0,711.3,0
215,13,player,1,734.6,450.1,781.3,606.2,758.0,606.2,0
215,15,player,1,1138.2,518.9,1209.2,693.5,1173.7,693.5,0
215,16,player,1,1375.1,584.6,1419.3,751.3,1397.2,751.3,0
215,24,player,0,1194.4,1120.2,1293.9,1386.9,1244.2,1386.9,0
215,27,player,0,104.6,806.2,198.0,1031.0,151.3,1031.0,0
216,-1,ball,-1,1905.1,1278.4,1917.1,1290.4,1911.1,1284.4,0
216,1,player,0,2051.9,1082.5,2164.2,1299.4,2108.0,1299.4,0
216,2,player,1,1554.9,714.4,1632.5,901.5,1593.7,901.5,0
216,3,player,0,1335.4,705.7,1419.2,892.6,1377.3,892.6,0
216,4,player,1,608.1,808.7,712.5,1027.2,660.3,1027.2,0
216,5,player,1,1750.7,1034.8,1890.5,1221.3,1820.6,1221.3,1
216,6,player,1,1923.7,470.6,1987.8,599.0,1955.8,599.0,0
216,7,player,1,2140.9,1065.8,2237.4,1247.7,2189.2,1247.7,0
216,10,player,0,1240.3,564.1,1307.7,750.3,1274.0,750.3,0
216,12,player,1,626.9,543.7,695.4,709.5,661.2,709.5,0
216,13,player,1,734.0,449.1,783.9,605.3,759.0,605.3,0
216,15,player,1,1140.0,518.2,1211.3,692.5,1175.6,692.5,0
216,16,player,1,1376.2,583.7,1420.2,746.8,1398.2,746.8,0
216,24,player,0,1166.2,1121.9,1278.7,1390.9,1222.4,1390.9,0
216,27,player,0,109.8,806.0,200.7,1030.1,155.2,1030.1,0
217,-1,ball,-1,1905.0,1278.4,1917.0,1290.4,1911.0,1284.4,0
217,1,player,0,2051.9,1082.5,2164.2,1299.2,2108.0,1299.2,0
217,2,player,1,1554.9,714.4,1632.5,901.5,1593.7,901.5,0
217,3,player,0,1335.4,705.7,1419.2,892.6,1377.3,892.6,0
217,4,player,1,608.1,808.9,712.7,1027.3,660.4,1027.3,0
217,5,player,1,1750.7,1034.7,1890.4,1221.3,1820.6,1221.3,1
217,6,player,1,1923.6,470.6,1987.8,599.1,1955.7,599.1,0
217,7,player,1,2141.0,1065.8,2237.3,1247.7,2189.2,1247.7,0
217,10,player,0,1240.3,564.1,1307.6,750.3,1273.9,750.3,0
217,12,player,1,626.9,543.6,695.5,709.5,661.2,709.5,0
217,13,player,1,733.9,449.0,783.9,605.3,758.9,605.3,0
217,15,player,1,1139.9,518.2,1211.3,692.5,1175.6,692.5,0
217,16,player,1,1376.2,583.7,1420.2,746.8,1398.2,746.8,0
217,24,player,0,1166.2,1121.9,1278.7,1391.0,1222.4,1391.0,0
217,27,player,0,109.8,806.0,200.7,1030.1,155.2,1030.1,0
218,-1,ball,-1,1847.0,1279.4,1859.0,1291.4,1853.0,1285.4,0
218,1,player,0,2066.5,1080.5,2171.5,1298.3,2119.0,1298.3,0
218,2,player,1,1559.6,712.9,1636.5,900.1,1598.0,900.1,0
218,3,player,0,1336.0,704.4,1419.3,891.5,1377.6,891.5,0
218,4,player,1,614.6,808.9,716.0,1028.8,665.3,1028.8,0
218,5,player,1,1739.4,1030.4,1893.7,1220.7,1816.6,1220.7,1
218,6,player,1,1926.8,469.0,1990.7,597.7,1958.8,597.7,0
218,7,player,1,2151.0,1068.6,2233.1,1247.7,2192.0,1247.7,0
218,10,player,0,1242.9,563.3,1308.8,749.1,1275.8,749.1,0
218,12,player,1,630.2,541.8,699.9,710.6,665.0,710.6,0
218,13,player,1,734.4,448.0,787.6,604.9,761.0,604.9,0
218,15,player,1,1141.1,518.0,1214.3,690.5,1177.7,690.5,0
218,16,player,1,1377.3,581.0,1423.2,745.1,1400.2,745.1,0
218,24,player,0,1133.8,1127.0,1264.3,1390.5,1199.0,1390.5,0
218,27,player,0,115.0,804.8,205.4,1029.2,160.2,1029.2,0
219,-1,ball,-1,1847.0,1279.4,1859.0,1291.4,1853.0,1285.4,0
219,1,player,0,2066.5,1080.5,2171.5,1298.3,2119.0,1298.3,0
219,2,player,1,1559.6,712.9,1636.5,900.1,1598.0,900.1,0
219,3,player,0,1335.9,704.4,1419.3,891.5,1377.6,891.5,0
219,4,player,1,614.6,808.9,715.9,1028.7,665.2,1028.7,0
219,5,player,1,1739.4,1030.4,1893.7,1220.7,1816.6,1220.7,1
219,6,player,1,1926.8,469.0,1990.7,597.7,1958.8,597.7,0
219,7,player,1,2151.0,1068.6,2233.1,1247.7,2192.0,1247.7,0
219,10,player,0,1242.9,563.3,1308.8,749.0,1275.8,749.0,0
219,12,player,1,630.2,541.8,699.9,710.6,665.0,710.6,0
219,13,player,1,734.4,447.9,787.6,604.9,761.0,604.9,0
219,15,player,1,1141.1,518.0,1214.3,690.5,1177.7,690.5,0
219,16,player,1,1377.4,581.0,1423.2,745.2,1400.3,745.2,0
219,24,player,0,1133.8,1126.9,1264.3,1390.5,1199.0,1390.5,0
219,27,player,0,114.9,804.8,205.3,1029.1,160.1,1029.1,0
220,-1,ball,-1,1846.8,1279.3,1858.8,1291.3,1852.8,1285.3,0
220,1,player,0,2066.5,1080.5,2171.6,1298.3,2119.0,1298.3,0
220,2,player,1,1559.6,712.9,1636.5,900.2,1598.0,900.2,0
220,3,player,0,1336.0,704.4,1419.3,891.5,1377.6,891.5,0
220,4,player,1,614.6,809.0,715.9,1028.7,665.2,1028.7,0
220,5,player,1,1739.4,1030.4,1893.7,1220.7,1816.6,1220.7,1
220,6,player,1,1926.7,469.0,1990.7,597.7,1958.7,597.7,0
220,7,player,1,2151.0,1068.6,2233.2,1247.8,2192.1,1247.8,0
220,10,player,0,1242.9,563.2,1308.9,749.1,1275.9,749.1,0
220,12,player,1,630.2,541.7,699.8,710.5,665.0,710.5,0
220,13,player,1,734.4,447.9,787.6,604.9,761.0,604.9,0
220,15,player,1,1141.1,518.0,1214.3,690.5,1177.7,690.5,0
220,16,player,1,1377.4,581.0,1423.2,745.1,1400.3,745.1,0
220,24,player,0,1133.8,1127.1,1264.3,1390.5,1199.0,1390.5,0
220,27,player,0,114.9,804.7,205.2,1029.1,160.0,1029.1,0
221,-1,ball,-1,1846.8,1279.2,1858.8,1291.2,1852.8,1285.2,0
221,1,player,0,2066.9,1080.6,2171.5,1298.1,2119.2,1298.1,0
221,2,player,1,1559.6,712.9,1636.5,900.2,1598.0,900.2,0
221,3,player,0,1336.0,704.4,1419.3,891.5,1377.6,891.5,0
221,4,player,1,614.7,808.9,716.0,1028.7,665.4,1028.7,0
221,5,player,1,1739.4,1030.4,1893.7,1220.7,1816.6,1220.7,1
221,6,player,1,1926.8,468.9,1990.7,597.7,1958.8,597.7,0
221,7,player,1,2151.0,1068.5,2233.2,1247.8,2192.1,1247.8,0
221,10,player,0,1242.9,563.2,1308.9,749.1,1275.9,749.1,0
221,12,player,1,630.3,541.7,699.8,710.6,665.0,710.6,0
221,13,player,1,734.4,447.9,787.6,604.9,761.0,604.9,0
221,15,player,1,1141.0,517.9,1214.3,690.5,1177.6,690.5,0
221,16,player,1,1377.3,580.9,1423.2,745.1,1400.2,745.1,0
221,24,player,0,1133.8,1127.0,1264.2,1390.6,1199.0,1390.6,0
221,27,player,0,114.9,804.7,205.1,1029.1,160.0,1029.1,0
222,-1,ball,-1,1789.1,1281.1,1801.1,1293.1,1795.1,1287.1,0
222,1,player,0,2079.4,1079.2,2178.4,1296.5,2128.9,1296.5,0
222,2,player,1,1561.5,712.9,1640.4,899.7,1601.0,899.7,0
222,3,player,0,1336.5,705.4,1417.6,891.3,1377.0,891.3,0
222,4,player,1,618.7,808.8,719.0,1029.4,668.8,1029.4,0
222,5,player,1,1727.2,1026.2,1896.6,1220.1,1811.9,1220.1,1
222,6,player,1,1931.4,468.9,1993.3,596.8,1962.4,596.8,0
222,7,player,1,2154.1,1069.6,2227.7,1247.7,2190.9,1247.7,0
222,10,player,0,1245.0,562.9,1310.5,747.9,1277.8,747.9,0
222,12,player,1,633.0,541.6,703.6,710.1,668.3,710.1,0
222,13,player,1,741.5,448.0,791.3,603.4,766.4,603.4,0
222,15,player,1,1143.7,517.8,1220.9,690.8,1182.3,690.8,0
222,16,player,1,1377.4,580.7,1425.4,743.7,1401.4,743.7,0
222,24,player,0,1105.4,1129.7,1248.6,1391.1,1177.0,1391.1,0
222,27,player,0,119.1,803.3,208.1,1028.3,163.6,1028.3,0
223,-1,ball,-1,1734.0,1283.3,1746.0,1295.3,1740.0,1289.3,0
223,1,player,0,2094.9,1075.4,2183.1,1295.4,2139.0,1295.4,0
223,2,player,1,1564.9,712.7,1643.6,899.9,1604.2,899.9,0
223,3,player,0,1335.9,704.9,1421.8,890.9,1378.8,890.9,0
223,4,player,1,624.0,808.8,723.4,1029.6,673.7,1029.6,0
223,5,player,1,1714.3,1021.1,1899.3,1220.2,1806.8,1220.2,1
223,6,player,1,1935.2,466.7,1998.9,597.3,1967.0,597.3,0
223,7,player,1,2160.6,1069.2,2224.8,1246.0,2192.7,1246.0,0
223,10,player,0,1247.5,562.5,1312.6,748.4,1280.0,748.4,0
223,12,player,1,636.5,541.7,707.1,709.5,671.8,709.5,0
223,13,player,1,742.2,446.5,795.7,600.7,769.0,600.7,0
223,15,player,1,1146.2,517.3,1223.5,690.5,1184.8,690.5,0
223,16,player,1,1378.1,579.5,1427.8,742.4,1402.9,742.4,0
223,24,player,0,1081.6,1133.8,1228.1,1391.2,1154.8,1391.2,0
223,27,player,0,122.2,803.3,208.3,1026.6,165.2,1026.6,0
224,-1,ball,-1,1734.0,1283.2,1746.0,1295.2,1740.0,1289.2,0
224,1,player,0,2094.9,1075.4,2183.1,1295.5,2139.0,1295.5,0
224,2,player,1,1564.9,712.6,1643.6,899.9,1604.2,899.9,0
224,3,player,0,1335.9,704.8,1421.8,890.8,1378.8,890.8,0
224,4,player,1,624.0,808.7,723.5,1029.6,673.8,1029.6,0
224,5,player,1,1714.2,1021.1,1899.3,1220.2,1806.8,1220.2,1
224,6,player,1,1935.2,466.7,1998.9,597.3,1967.0,597.3,0
224,7,player,1,2160.6,1069.2,2225.0,1246.0,2192.8,1246.0,0
224,10,player,0,1247.5,562.5,1312.5,748.4,1280.0,748.4,0
224,12,player,1,636.5,541.6,707.0,709.5,671.8,709.5,0
224,13,player,1,742.2,446.3,795.7,600.7,769.0,600.7,0
224,15,player,1,1146.2,517.3,1223.5,690.5,1184.8,690.5,0
224,16,player,1,1378.1,579.5,1427.8,742.3,1402.9,742.3,0
224,24,player,0,1081.6,1133.8,1228.1,1391.3,1154.8,1391.3,0
224,27,player,0,122.2,803.3,208.4,1026.6,165.3,1026.6,0
225,-1,ball,-1,1734.0,1283.2,1746.0,1295.2,1740.0,1289.2,0
225,1,player,0,2094.9,1075.4,2183.1,1295.5,2139.0,1295.5,0
225,2,player,1,1564.9,712.7,1643.6,899.9,1604.2,899.9,0
225,3,player,0,1335.9,704.9,1421.8,890.8,1378.8,890.8,0
225,4,player,1,624.0,808.8,723.4,1029.6,673.7,1029.6,0
225,5,player,1,1714.3,1021.1,1899.2,1220.2,1806.8,1220.2,1
225,6,player,1,1935.2,466.7,1999.0,597.3,1967.1,597.3,0
225,7,player,1,2160.5,1069.2,2224.8,1246.0,2192.6,1246.0,0
225,10,player,0,1247.4,562.5,1312.5,748.4,1280.0,748.4,0
225,12,player,1,636.4,541.6,707.0,709.7,671.7,709.7,0
225,13,player,1,742.2,446.2,795.7,600.7,769.0,600.7,0
225,15,player,1,1146.2,517.3,1223.5,690.5,1184.8,690.5,0
225,16,player,1,1378.0,579.6,1427.8,742.4,1402.9,742.4,0
225,24,player,0,1081.7,1133.8,1228.1,1391.3,1154.9,1391.3,0
225,27,player,0,122.2,803.3,208.4,1026.6,165.3,1026.6,0
226,-1,ball,-1,1683.6,1282.8,1695.6,1294.8,1689.6,1288.8,0
226,1,player,0,2103.8,1074.7,2189.1,1294.5,2146.4,1294.5,0
226,2,player,1,1566.3,713.3,1647.5,898.5,1606.9,898.5,0
226,3,player,0,1337.8,705.8,1427.5,889.7,1382.6,889.7,0
226,4,player,1,628.1,807.5,726.8,1028.0,677.4,1028.0,0
226,5,player,1,1709.0,1018.4,1898.9,1220.1,1804.0,1220.1,0
226,6,player,1,1939.8,466.9,2004.7,596.7,1972.2,596.7,0
226,7,player,1,2167.3,1067.8,2228.1,1246.5,2197.7,1246.5,0
226,10,player,0,1250.3,562.5,1319.7,748.4,1285.0,748.4,0
226,12,player,1,643.3,541.3,712.6,708.4,678.0,708.4,0
226,13,player,1,744.9,445.6,800.3,600.6,772.6,600.6,0
226,15,player,1,1148.3,517.5,1228.9,689.7,1188.6,689.7,0
226,16,player,1,1379.7,577.9,1431.4,741.5,1405.6,741.5,0
226,24,player,0,1072.0,1133.2,1229.7,1390.8,1150.8,1390.8,0
226,27,player,0,126.6,802.6,214.2,1026.0,170.4,1026.0,0
227,-1,ball,-1,1683.6,1282.8,1695.6,1294.8,1689.6,1288.8,0
227,1,player,0,2103.8,1074.7,2189.1,1294.5,2146.4,1294.5,0
227,2,player,1,1566.3,713.3,1647.4,898.5,1606.8,898.5,0
227,3,player,0,1337.7,705.9,1427.5,889.7,1382.6,889.7,0
227,4,player,1,628.1,807.5,726.8,1028.0,677.4,1028.0,0
227,5,player,1,1709.0,1018.4,1898.9,1220.0,1804.0,1220.0,0
227,6,player,1,1939.8,466.9,2004.7,596.7,1972.2,596.7,0
227,7,player,1,2167.3,1067.8,2228.1,1246.4,2197.7,1246.4,0
227,10,player,0,1250.3,562.5,1319.7,748.3,1285.0,748.3,0
227,12,player,1,643.3,541.4,712.6,708.4,678.0,708.4,0
227,13,player,1,744.8,445.7,800.4,600.6,772.6,600.6,0
227,15,player,1,1148.4,517.6,1228.9,689.7,1188.6,689.7,0
227,16,player,1,1379.8,577.9,1431.5,741.7,1405.6,741.7,0
227,24,player,0,1072.0,1133.2,1229.7,1390.8,1150.8,1390.8,0
227,27,player,0,126.7,802.6,214.3,1026.0,170.5,1026.0,0
228,-1,ball,-1,1636.8,1283.2,1648.8,1295.2,1642.8,1289.2,0
228,1,player,0,2113.7,1071.0,2209.9,1297.9,2161.8,1297.9,0
228,2,player,1,1572.5,712.1,1656.1,898.5,1614.3,898.5,0
228,3,player,0,1342.2,706.7,1433.7,889.3,1388.0,889.3,0
228,4,player,1,632.7,805.7,730.5,1026.5,681.6,1026.5,0
228,5,player,1,1706.6,1016.9,1891.9,1219.5,1799.2,1219.5,0
228,6,player,1,1948.7,467.5,2012.7,596.5,1980.7,596.5,0
228,7,player,1,2176.8,1064.6,2235.2,1247.9,2206.0,1247.9,0
228,10,player,0,1256.5,561.5,1325.7,746.6,1291.1,746.6,0
228,12,player,1,651.9,540.3,721.9,706.8,686.9,706.8,0
228,13,player,1,750.3,444.5,807.9,599.5,779.1,599.5,0
228,15,player,1,1155.9,516.1,1237.7,688.4,1196.8,688.4,0
228,16,player,1,1385.8,576.3,1438.0,742.7,1411.9,742.7,0
228,24,player,0,1071.6,1131.3,1236.7,1387.9,1154.2,1387.9,0
228,27,player,0,131.5,801.2,222.8,1025.6,177.2,1025.6,0
229,-1,ball,-1,1636.8,1283.2,1648.8,1295.2,1642.8,1289.2,0
229,1,player,0,2113.7,1071.1,2210.1,1297.9,2161.9,1297.9,0
229,2,player,1,1572.5,712.1,1656.1,898.5,1614.3,898.5,0
229,3,player,0,1342.2,706.7,1433.7,889.3,1388.0,889.3,0
229,4,player,1,632.7,805.8,730.6,1026.5,681.7,1026.5,0
229,5,player,1,1706.5,1017.0,1891.8,1219.5,1799.2,1219.5,0
229,6,player,1,1948.7,467.5,2012.7,596.5,1980.7,596.5,0
229,7,player,1,2176.8,1064.6,2235.2,1247.9,2206.0,1247.9,0
229,10,player,0,1256.4,561.5,1325.6,746.6,1291.0,746.6,0
229,12,player,1,651.9,540.3,721.8,706.8,686.8,706.8,0
229,13,player,1,750.3,444.5,807.9,599.5,779.1,599.5,0
229,15,player,1,1156.0,516.1,1237.7,688.4,1196.8,688.4,0
229,16,player,1,1385.9,576.3,1437.9,742.6,1411.9,742.6,0
229,24,player,0,1071.6,1131.3,1236.7,1387.8,1154.2,1387.8,0
229,27,player,0,131.4,801.2,222.7,1025.6,177.0,1025.6,0
230,-1,ball,-1,1589.4,1285.2,1601.4,1297.2,1595.4,1291.2,0
230,1,player,0,2123.8,1073.7,2230.5,1300.1,2177.2,1300.1,0
230,2,player,1,1577.7,711.5,1663.6,899.1,1620.6,899.1,0
230,3,player,0,1347.3,707.1,1442.4,888.5,1394.8,888.5,0
230,4,player,1,637.8,805.9,732.6,1026.0,685.2,1026.0,0
230,5,player,1,1707.5,1016.1,1877.8,1219.6,1792.6,1219.6,0
230,6,player,1,1957.3,466.1,2019.9,595.5,1988.6,595.5,0
230,7,player,1,2182.4,1057.0,2244.1,1246.5,2213.2,1246.5,0
230,10,player,0,1263.4,559.7,1330.9,742.6,1297.2,742.6,0
230,12,player,1,659.5,539.6,731.1,707.3,695.3,707.3,0
230,13,player,1,754.8,443.5,816.8,597.8,785.8,597.8,0
230,15,player,1,1162.4,514.8,1241.6,687.0,1202.0,687.0,0
230,16,player,1,1389.9,576.8,1446.9,742.3,1418.4,742.3,0
230,24,player,0,1072.2,1130.0,1225.9,1386.5,1149.1,1386.5,0
230,27,player,0,138.2,801.0,230.4,1024.2,184.3,1024.2,0
231,-1,ball,-1,1589.4,1285.2,1601.4,1297.2,1595.4,1291.2,0
231,1,player,0,2123.8,1073.7,2230.5,1300.1,2177.2,1300.1,0
231,2,player,1,1577.7,711.5,1663.6,899.1,1620.6,899.1,0
231,3,player,0,1347.3,707.1,1442.4,888.5,1394.8,888.5,0
231,4,player,1,637.7,805.9,732.6,1026.0,685.2,1026.0,0
231,5,player,1,1707.5,1016.1,1877.8,1219.6,1792.6,1219.6,0
231,6,player,1,1957.3,466.1,2019.9,595.5,1988.6,595.5,0
231,7,player,1,2182.5,1057.0,2244.2,1246.5,2213.4,1246.5,0
231,10,player,0,1263.4,559.7,1330.9,742.6,1297.2,742.6,0
231,12,player,1,659.5,539.6,731.1,707.3,695.3,707.3,0
231,13,player,1,754.8,443.5,816.8,597.8,785.8,597.8,0
231,15,player,1,1162.4,514.8,1241.6,687.0,1202.0,687.0,0
231,16,player,1,1389.9,576.7,1446.9,742.2,1418.4,742.2,0
231,24,player,0,1072.2,1130.0,1225.9,1386.5,1149.1,1386.5,0
231,27,player,0,138.2,801.0,230.4,1024.2,184.3,1024.2,0
232,-1,ball,-1,1589.4,1285.2,1601.4,1297.2,1595.4,1291.2,0
232,1,player,0,2123.8,1073.8,2230.3,1300.1,2177.0,1300.1,0
232,2,player,1,1577.7,711.5,1663.6,899.1,1620.6,899.1,0
232,3,player,0,1347.3,707.1,1442.4,888.5,1394.8,888.5,0
232,4,player,1,637.7,805.8,732.6,1026.0,685.2,1026.0,0
232,5,player,1,1707.5,1016.1,1877.8,1219.6,1792.6,1219.6,0
232,6,player,1,1957.3,466.1,2019.9,595.5,1988.6,595.5,0
232,7,player,1,2182.5,1057.1,2244.0,1246.5,2213.2,1246.5,0
232,10,player,0,1263.4,559.7,1330.9,742.6,1297.2,742.6,0
232,12,player,1,659.5,539.6,731.1,707.3,695.3,707.3,0
232,13,player,1,754.8,443.5,816.8,597.8,785.8,597.8,0
232,15,player,1,1162.3,514.8,1241.6,687.0,1201.9,687.0,0
232,16,player,1,1389.9,576.8,1446.9,742.3,1418.4,742.3,0
232,24,player,0,1072.2,1130.0,1225.9,1386.5,1149.1,1386.5,0
232,27,player,0,138.1,801.0,230.5,1024.2,184.3,1024.2,0
233,-1,ball,-1,1589.4,1285.2,1601.4,1297.2,1595.4,1291.2,0
233,1,player,0,2123.8,1073.8,2230.3,1300.1,2177.0,1300.1,0
233,2,player,1,1577.7,711.5,1663.7,899.2,1620.7,899.2,0
233,3,player,0,1347.3,707.1,1442.3,888.4,1394.8,888.4,0
233,4,player,1,637.7,805.9,732.6,1025.9,685.2,1025.9,0
233,5,player,1,1707.5,1016.1,1877.8,1219.6,1792.6,1219.6,0
233,6,player,1,1957.2,466.1,2019.9,595.5,1988.6,595.5,0
233,7,player,1,2182.5,1057.0,2244.2,1246.5,2213.4,1246.5,0
233,10,player,0,1263.4,559.7,1330.9,742.6,1297.2,742.6,0
233,12,player,1,659.5,539.6,731.1,707.4,695.3,707.4,0
233,13,player,1,754.8,443.5,816.8,597.8,785.8,597.8,0
233,15,player,1,1162.3,514.8,1241.6,687.0,1201.9,687.0,0
233,16,player,1,1390.0,576.8,1446.9,742.3,1418.4,742.3,0
233,24,player,0,1072.2,1130.0,1225.9,1386.5,1149.1,1386.5,0
233,27,player,0,138.1,801.0,230.5,1024.2,184.3,1024.2,0
234,-1,ball,-1,1545.4,1290.2,1557.4,1302.2,1551.4,1296.2,0
234,1,player,0,2139.0,1076.3,2250.0,1302.2,2194.5,1302.2,0
234,2,player,1,1586.4,713.9,1671.8,899.6,1629.1,899.6,0
234,3,player,0,1357.7,707.1,1451.2,888.9,1404.4,888.9,0
234,4,player,1,643.0,805.7,730.6,1025.8,686.8,1025.8,0
234,5,player,1,1711.0,1015.8,1861.4,1218.4,1786.2,1218.4,0
234,6,player,1,1963.2,467.7,2029.2,594.8,1996.2,594.8,0
234,7,player,1,2142.0,1053.8,2255.2,1250.8,2198.6,1250.8,0
234,10,player,0,1269.8,559.5,1339.5,743.1,1304.6,743.1,0
234,12,player,1,667.5,539.6,741.0,706.9,704.2,706.9,0
234,13,player,1,764.4,443.7,824.8,598.4,794.6,598.4,0
234,15,player,1,1171.3,514.9,1246.3,686.2,1208.8,686.2,0
234,16,player,1,1399.6,576.6,1453.0,741.5,1426.3,741.5,0
234,24,player,0,1075.0,1127.1,1200.7,1386.0,1137.8,1386.0,0
234,27,player,0,148.6,801.4,239.9,1023.6,194.2,1023.6,0
235,-1,ball,-1,1505.8,1290.8,1517.8,1302.8,1511.8,1296.8,0
235,1,player,0,2152.7,1083.2,2260.1,1303.3,2206.4,1303.3,0
235,2,player,1,1596.8,716.2,1682.9,899.4,1639.8,899.4,0
235,3,player,0,1366.3,707.3,1459.4,888.7,1412.8,888.7,0
235,4,player,1,646.2,806.4,729.1,1025.5,687.7,1025.5,0
235,5,player,1,1708.4,1014.2,1845.2,1219.6,1776.8,1219.6,0
235,6,player,1,1974.3,469.8,2038.6,594.7,2006.4,594.7,0
235,7,player,1,2153.4,1044.4,2263.2,1249.2,2208.3,1249.2,0
235,10,player,0,1276.9,557.6,1346.7,742.8,1311.8,742.8,0
235,12,player,1,679.9,539.1,750.7,704.4,715.3,704.4,0
235,13,player,1,769.4,442.9,834.3,599.3,801.8,599.3,0
235,15,player,1,1180.7,514.6,1252.5,686.6,1216.6,686.6,0
235,16,player,1,1408.0,575.6,1463.0,741.1,1435.5,741.1,0
235,24,player,0,1064.4,1119.4,1168.4,1382.2,1116.4,1382.2,0
235,27,player,0,154.9,800.9,251.1,1023.4,203.0,1023.4,0
236,-1,ball,-1,1505.6,1290.8,1517.6,1302.8,1511.6,1296.8,0
236,1,player,0,2152.7,1083.3,2260.1,1303.3,2206.4,1303.3,0
236,2,player,1,1596.8,716.2,1683.0,899.4,1639.9,899.4,0
236,3,player,0,1366.3,707.3,1459.4,888.7,1412.8,888.7,0
236,4,player,1,646.0,806.3,729.1,1025.5,687.6,1025.5,0
236,5,player,1,1708.5,1014.2,1845.2,1219.5,1776.8,1219.5,0
236,6,player,1,1974.2,469.7,2038.6,594.7,2006.4,594.7,0
236,7,player,1,2153.4,1044.4,2263.2,1249.2,2208.3,1249.2,0
236,10,player,0,1276.9,557.6,1346.8,742.8,1311.8,742.8,0
236,12,player,1,680.0,539.1,750.7,704.3,715.4,704.3,0
236,13,player,1,769.3,442.9,834.3,599.3,801.8,599.3,0
236,15,player,1,1180.7,514.6,1252.5,686.6,1216.6,686.6,0
236,16,player,1,1407.9,575.6,1463.0,741.1,1435.4,741.1,0
236,24,player,0,1064.4,1119.3,1168.4,1382.2,1116.4,1382.2,0
236,27,player,0,154.7,800.9,251.1,1023.4,202.9,1023.4,0
236,28,player,1,2158.2,1045.5,2262.0,1160.2,2210.1,1160.2,0
237,-1,ball,-1,1505.6,1290.8,1517.6,1302.8,1511.6,1296.8,0
237,1,player,0,2152.8,1083.2,2260.1,1303.3,2206.4,1303.3,0
237,2,player,1,1596.8,716.1,1683.0,899.3,1639.9,899.3,0
237,3,player,0,1366.3,707.3,1459.5,888.8,1412.9,888.8,0
237,4,player,1,646.2,806.2,729.1,1025.5,687.7,1025.5,0
237,5,player,1,1708.4,1014.2,1845.2,1219.6,1776.8,1219.6,0
237,6,player,1,1974.2,469.8,2038.6,594.7,2006.4,594.7,0
237,7,player,1,2153.3,1044.3,2263.1,1249.2,2208.2,1249.2,0
237,10,player,0,1276.9,557.5,1346.7,742.8,1311.8,742.8,0
237,12,player,1,680.0,539.1,750.6,704.3,715.3,704.3,0
237,13,player,1,769.3,442.7,834.4,599.3,801.8,599.3,0
237,15,player,1,1180.8,514.6,1252.6,686.6,1216.7,686.6,0
237,16,player,1,1408.0,575.6,1463.0,741.1,1435.5,741.1,0
237,24,player,0,1063.7,1119.6,1168.1,1382.1,1115.9,1382.1,0
237,27,player,0,155.1,800.9,251.1,1023.4,203.1,1023.4,0
237,28,player,1,2158.2,1045.4,2261.9,1160.3,2210.0,1160.3,0
238,-1,ball,-1,1464.1,1292.2,1476.1,1304.2,1470.1,1298.2,0
238,1,player,0,2172.5,1082.2,2270.7,1302.7,2221.6,1302.7,0
238,2,player,1,1608.7,716.7,1691.6,899.8,1650.2,899.8,0
238,3,player,0,1377.6,706.1,1469.2,888.0,1423.4,888.0,0
238,4,player,1,652.2,806.6,733.9,1024.7,693.0,1024.7,0
238,5,player,1,1704.7,1010.9,1850.8,1221.0,1777.8,1221.0,0
238,6,player,1,1984.8,468.8,2048.9,594.9,2016.8,594.9,0
238,7,player,1,2165.9,1038.8,2273.4,1247.1,2219.6,1247.1,0
238,10,player,0,1286.1,556.6,1355.6,742.7,1320.8,742.7,0
238,12,player,1,689.4,539.3,761.3,706.8,725.3,706.8,0
238,13,player,1,781.3,442.8,846.4,597.8,813.8,597.8,0
238,15,player,1,1193.2,514.3,1262.3,686.6,1227.8,686.6,0
238,16,player,1,1415.9,576.0,1473.4,740.5,1444.6,740.5,0
238,24,player,0,1056.6,1113.0,1162.9,1377.9,1109.8,1377.9,0
238,27,player,0,163.8,800.5,261.9,1022.8,212.8,1022.8,0
238,28,player,1,2169.8,1040.2,2273.5,1153.9,2221.6,1153.9,0
239,-1,ball,-1,1464.1,1292.1,1476.1,1304.1,1470.1,1298.1,0
239,1,player,0,2172.5,1082.2,2270.9,1302.7,2221.7,1302.7,0
239,2,player,1,1608.7,716.9,1691.5,899.7,1650.1,899.7,0
239,3,player,0,1377.6,706.1,1469.3,888.0,1423.4,888.0,0
239,4,player,1,652.1,806.7,733.2,1024.6,692.7,1024.6,0
239,5,player,1,1704.6,1010.9,1850.8,1221.0,1777.7,1221.0,0
239,6,player,1,1984.8,468.5,2048.9,594.9,2016.8,594.9,0
239,7,player,1,2165.9,1038.8,2273.3,1247.2,2219.6,1247.2,0
239,10,player,0,1286.1,556.6,1355.6,742.7,1320.8,742.7,0
239,12,player,1,689.4,539.4,761.3,706.7,725.3,706.7,0
239,13,player,1,781.3,442.8,846.4,597.9,813.8,597.9,0
239,15,player,1,1193.1,514.3,1262.4,686.6,1227.8,686.6,0
239,16,player,1,1415.9,576.0,1473.4,740.5,1444.6,740.5,0
239,24,player,0,1056.5,1113.0,1162.9,1377.8,1109.7,1377.8,0
239,27,player,0,163.6,800.5,261.9,1022.8,212.8,1022.8,0
239,28,player,1,2169.9,1040.1,2273.5,1155.0,2221.7,1155.0,0
240,-1,ball,-1,1427.9,1293.0,1439.9,1305.0,1433.9,1299.0,0
240,1,player,0,2196.8,1081.5,2284.9,1303.5,2240.9,1303.5,0
240,2,player,1,1622.2,718.2,1704.1,900.2,1663.2,900.2,0
240,3,player,0,1385.6,705.2,1478.4,888.0,1432.0,888.0,0
240,4,player,1,657.9,805.9,744.8,1025.7,701.3,1025.7,0
240,5,player,1,1703.1,1008.6,1855.6,1224.3,1779.4,1224.3,0
240,6,player,1,1997.4,470.1,2061.3,594.3,2029.4,594.3,0
240,7,player,1,2179.6,1034.2,2287.4,1246.9,2233.5,1246.9,0
240,10,player,0,1295.9,555.8,1367.3,740.6,1331.6,740.6,0
240,12,player,1,702.7,538.5,772.9,704.5,737.8,704.5,0
240,13,player,1,791.9,441.7,857.2,596.0,824.6,596.0,0
240,15,player,1,1205.5,513.3,1272.6,685.9,1239.0,685.9,0
240,16,player,1,1428.8,575.0,1483.8,735.7,1456.3,735.7,0
240,24,player,0,1049.8,1108.5,1158.1,1375.9,1103.9,1375.9,0
240,27,player,0,174.0,801.9,274.2,1020.7,224.1,1020.7,0
240,28,player,1,2185.3,1034.7,2286.9,1151.9,2236.1,1151.9,0
241,-1,ball,-1,1428.0,1293.0,1440.0,1305.0,1434.0,1299.0,0
241,1,player,0,2196.8,1081.4,2284.9,1303.5,2240.9,1303.5,0
241,2,player,1,1622.1,718.1,1704.1,900.2,1663.1,900.2,0
241,3,player,0,1385.6,705.2,1478.4,888.0,1432.0,888.0,0
241,4,player,1,657.9,805.8,744.8,1025.8,701.3,1025.8,0
241,5,player,1,1703.1,1008.4,1855.6,1224.3,1779.4,1224.3,0
241,6,player,1,1997.5,470.1,2061.3,594.2,2029.4,594.2,0
241,7,player,1,2179.6,1034.2,2287.4,1246.9,2233.5,1246.9,0
241,10,player,0,1295.9,555.7,1367.3,740.6,1331.6,740.6,0
241,12,player,1,702.8,538.5,772.9,704.5,737.8,704.5,0
241,13,player,1,791.8,441.8,857.2,595.9,824.5,595.9,0
241,15,player,1,1205.5,513.4,1272.6,685.9,1239.0,685.9,0
241,16,player,1,1429.0,575.0,1483.8,735.6,1456.4,735.6,0
241,24,player,0,1049.9,1108.6,1158.1,1375.8,1104.0,1375.8,0
241,27,player,0,174.1,801.9,274.1,1020.7,224.1,1020.7,0
241,28,player,1,2185.3,1034.7,2286.8,1152.1,2236.0,1152.1,0
242,-1,ball,-1,1390.9,1297.2,1402.9,1309.2,1396.9,1303.2,0
242,1,player,0,2219.6,1081.0,2297.5,1302.0,2258.6,1302.0,0
242,2,player,1,1631.3,718.9,1716.4,900.3,1673.8,900.3,0
242,3,player,0,1396.1,702.8,1482.5,886.7,1439.3,886.7,0
242,4,player,1,665.8,805.7,753.3,1027.2,709.6,1027.2,0
242,5,player,1,1699.7,1007.8,1858.7,1226.2,1779.2,1226.2,0
242,6,player,1,2009.4,467.9,2075.8,593.8,2042.6,593.8,0
242,7,player,1,2192.2,1028.0,2297.9,1247.5,2245.0,1247.5,0
242,10,player,0,1308.0,554.7,1381.8,735.9,1344.9,735.9,0
242,12,player,1,714.5,539.0,787.5,706.1,751.0,706.1,0
242,13,player,1,811.2,441.4,871.4,596.4,841.3,596.4,0
242,15,player,1,1219.6,512.7,1288.2,685.7,1253.9,685.7,0
242,16,player,1,1440.0,575.5,1497.3,737.0,1468.6,737.0,0
242,24,player,0,1045.9,1106.9,1155.0,1374.2,1100.4,1374.2,0
242,27,player,0,183.2,801.3,288.1,1019.0,235.6,1019.0,0
242,28,player,1,2200.7,1029.7,2298.4,1139.0,2249.6,1139.0,0
243,-1,ball,-1,1390.9,1297.2,1402.9,1309.2,1396.9,1303.2,0
243,1,player,0,2219.6,1080.9,2297.5,1302.0,2258.6,1302.0,0
243,2,player,1,1631.3,718.9,1716.4,900.4,1673.8,900.4,0
243,3,player,0,1396.1,702.8,1482.5,886.7,1439.3,886.7,0
243,4,player,1,665.8,805.7,753.3,1027.2,709.6,1027.2,0
243,5,player,1,1699.7,1007.8,1858.8,1226.2,1779.2,1226.2,0
243,6,player,1,2009.4,467.9,2075.8,593.8,2042.6,593.8,0
243,7,player,1,2192.2,1028.0,2297.8,1247.5,2245.0,1247.5,0
243,10,player,0,1308.0,554.7,1381.7,735.9,1344.8,735.9,0
243,12,player,1,714.5,539.0,787.5,706.1,751.0,706.1,0
243,13,player,1,811.2,441.4,871.4,596.4,841.3,596.4,0
243,15,player,1,1219.5,512.7,1288.2,685.7,1253.8,685.7,0
243,16,player,1,1440.0,575.6,1497.3,736.9,1468.6,736.9,0
243,24,player,0,1045.9,1106.9,1155.0,1374.1,1100.4,1374.1,0
243,27,player,0,183.2,801.4,288.1,1019.0,235.6,1019.0,0
243,28,player,1,2200.8,1029.6,2298.3,1139.1,2249.6,1139.1,0
244,-1,ball,-1,1390.9,1297.2,1402.9,1309.2,1396.9,1303.2,0
244,1,player,0,2219.7,1081.0,2297.5,1302.0,2258.6,1302.0,0
244,2,player,1,1631.3,718.9,1716.5,900.4,1673.9,900.4,0
244,3,player,0,1396.1,702.8,1482.5,886.7,1439.3,886.7,0
244,4,player,1,665.7,805.7,753.3,1027.3,709.5,1027.3,0
244,5,player,1,1699.7,1007.8,1858.7,1226.2,1779.2,1226.2,0
244,6,player,1,2009.4,467.9,2075.8,593.8,2042.6,593.8,0
244,7,player,1,2192.2,1028.0,2298.0,1247.6,2245.1,1247.6,0
244,10,player,0,1308.0,554.7,1381.5,735.9,1344.8,735.9,0
244,12,player,1,714.5,539.0,787.5,706.1,751.0,706.1,0
244,13,player,1,811.2,441.4,871.4,596.4,841.3,596.4,0
244,15,player,1,1219.5,512.7,1288.2,685.7,1253.8,685.7,0
244,16,player,1,1439.9,575.6,1497.3,736.9,1468.6,736.9,0
244,24,player,0,1045.9,1107.0,1155.0,1374.2,1100.4,1374.2,0
244,27,player,0,183.2,801.4,288.1,1019.1,235.6,1019.1,0
244,28,player,1,2200.7,1029.7,2298.6,1138.6,2249.6,1138.6,0
245,-1,ball,-1,1359.0,1296.8,1371.0,1308.8,1365.0,1302.8,0
245,1,player,0,2251.1,1068.6,2311.5,1301.4,2281.3,1301.4,0
245,2,player,1,1635.9,721.1,1730.4,899.7,1683.2,899.7,0
245,3,player,0,1407.0,701.0,1486.4,886.7,1446.7,886.7,0
245,4,player,1,672.8,803.9,764.1,1027.7,718.4,1027.7,0
245,5,player,1,1702.2,1009.1,1857.0,1229.9,1779.6,1229.9,0
245,6,player,1,2023.5,469.3,2088.3,593.1,2055.9,593.1,0
245,7,player,1,2198.6,1025.2,2312.6,1244.2,2255.6,1244.2,0
245,10,player,0,1319.6,554.2,1393.7,737.2,1356.6,737.2,0
245,12,player,1,727.9,538.2,800.7,703.9,764.3,703.9,0
245,13,player,1,828.2,440.9,885.6,595.5,856.9,595.5,0
245,15,player,1,1236.2,513.6,1302.1,685.5,1269.2,685.5,0
245,16,player,1,1453.6,575.4,1508.1,730.4,1480.8,730.4,0
245,24,player,0,1042.7,1106.9,1149.0,1375.2,1095.8,1375.2,0
245,27,player,0,193.6,802.6,304.5,1018.4,249.0,1018.4,0
246,-1,ball,-1,1359.0,1296.8,1371.0,1308.8,1365.0,1302.8,0
246,1,player,0,2250.9,1068.2,2311.6,1301.4,2281.2,1301.4,0
246,2,player,1,1635.9,721.1,1730.4,899.7,1683.2,899.7,0
246,3,player,0,1407.0,701.0,1486.4,886.7,1446.7,886.7,0
246,4,player,1,672.9,803.8,764.2,1027.7,718.6,1027.7,0
246,5,player,1,1702.2,1009.1,1857.0,1229.9,1779.6,1229.9,0
246,6,player,1,2023.5,469.3,2088.3,593.1,2055.9,593.1,0
246,7,player,1,2198.6,1025.0,2312.1,1244.2,2255.4,1244.2,0
246,10,player,0,1319.6,554.2,1393.7,737.1,1356.6,737.1,0
246,12,player,1,727.9,538.2,800.6,703.9,764.2,703.9,0
246,13,player,1,828.0,440.9,885.6,595.5,856.8,595.5,0
246,15,player,1,1236.2,513.6,1302.1,685.5,1269.2,685.5,0
246,16,player,1,1453.6,575.4,1508.1,730.4,1480.8,730.4,0
246,24,player,0,1042.7,1106.7,1149.0,1375.2,1095.8,1375.2,0
246,27,player,0,193.6,802.6,304.5,1018.4,249.0,1018.4,0
246,29,player,1,2200.9,1025.4,2272.4,1244.3,2236.6,1244.3,0
247,-1,ball,-1,1328.0,1295.3,1340.0,1307.3,1334.0,1301.3,0
247,1,player,0,2266.7,1070.2,2338.2,1304.7,2302.4,1304.7,0
247,2,player,1,1642.6,721.8,1744.2,900.9,1693.4,900.9,0
247,3,player,0,1414.4,699.9,1491.0,886.9,1452.7,886.9,0
247,4,player,1,683.4,806.0,772.9,1027.7,728.2,1027.7,0
247,5,player,1,1711.7,1013.3,1848.3,1232.6,1780.0,1232.6,0
247,6,player,1,2039.5,467.3,2104.2,593.9,2071.8,593.9,0
247,7,player,1,2215.1,1020.5,2327.2,1241.8,2271.1,1241.8,0
247,10,player,0,1332.2,553.7,1407.9,739.1,1370.1,739.1,0
247,12,player,1,742.2,539.2,815.5,703.3,778.8,703.3,0
247,13,player,1,842.6,441.8,900.9,594.2,871.8,594.2,0
247,15,player,1,1249.1,513.0,1317.6,685.9,1283.4,685.9,0
247,16,player,1,1465.6,575.6,1522.0,735.4,1493.8,735.4,0
247,24,player,0,1039.0,1109.6,1145.1,1379.7,1092.0,1379.7,0
247,27,player,0,205.0,801.1,316.7,1015.3,260.8,1015.3,0
248,-1,ball,-1,1328.0,1295.3,1340.0,1307.3,1334.0,1301.3,0
248,1,player,0,2266.7,1070.5,2338.2,1304.7,2302.4,1304.7,0
248,2,player,1,1642.6,721.8,1744.2,900.9,1693.4,900.9,0
248,3,player,0,1414.4,699.9,1491.0,886.9,1452.7,886.9,0
248,4,player,1,683.4,806.0,772.9,1027.7,728.2,1027.7,0
248,5,player,1,1712.1,1012.9,1848.3,1232.2,1780.2,1232.2,0
248,6,player,1,2039.6,467.4,2104.2,593.9,2071.9,593.9,0
248,7,player,1,2215.1,1020.5,2327.3,1241.9,2271.2,1241.9,0
248,10,player,0,1332.2,553.7,1407.9,739.1,1370.1,739.1,0
248,12,player,1,742.2,539.2,815.5,703.3,778.8,703.3,0
248,13,player,1,842.6,441.9,901.0,594.2,871.8,594.2,0
248,15,player,1,1249.1,513.0,1317.6,685.9,1283.4,685.9,0
248,16,player,1,1465.6,575.6,1522.0,735.2,1493.8,735.2,0
248,24,player,0,1038.9,1109.6,1145.1,1379.6,1092.0,1379.6,0
248,27,player,0,205.0,801.1,316.7,1015.4,260.8,1015.4,0
249,-1,ball,-1,1328.0,1295.3,1340.0,1307.3,1334.0,1301.3,0
249,1,player,0,2266.7,1070.8,2338.2,1304.7,2302.4,1304.7,0
249,2,player,1,1642.6,721.8,1744.2,900.9,1693.4,900.9,0
249,3,player,0,1414.4,699.9,1491.0,886.9,1452.7,886.9,0
249,4,player,1,683.4,806.0,772.9,1027.7,728.2,1027.7,0
249,5,player,1,1712.3,1012.9,1848.4,1232.2,1780.4,1232.2,0
249,6,player,1,2039.6,467.3,2104.2,593.9,2071.9,593.9,0
249,7,player,1,2215.1,1020.5,2327.4,1241.9,2271.2,1241.9,0
249,10,player,0,1332.2,553.7,1408.0,739.1,1370.1,739.1,0
249,12,player,1,742.1,539.2,815.5,703.3,778.8,703.3,0
249,13,player,1,842.6,441.8,901.0,594.1,871.8,594.1,0
249,15,player,1,1249.1,513.0,1317.6,685.9,1283.4,685.9,0
249,16,player,1,1465.6,575.6,1522.0,735.3,1493.8,735.3,0
249,24,player,0,1039.0,1109.6,1145.2,1379.6,1092.1,1379.6,0
249,27,player,0,205.0,801.1,316.7,1015.3,260.8,1015.3,0
250,-1,ball,-1,1301.8,1298.8,1313.8,1310.8,1307.8,1304.8,0
250,1,player,0,2273.4,1079.6,2371.6,1310.4,2322.5,1310.4,0
250,2,player,1,1651.7,724.2,1760.4,900.8,1706.0,900.8,0
250,3,player,0,1424.1,701.4,1496.5,886.1,1460.3,886.1,0
250,4,player,1,695.7,807.3,789.0,1028.1,742.4,1028.1,0
250,5,player,1,1729.6,1017.1,1828.5,1231.7,1779.0,1231.7,0
250,6,player,1,2056.8,467.0,2122.2,593.8,2089.5,593.8,0
250,7,player,1,2232.8,1018.0,2346.7,1234.1,2289.8,1234.1,0
250,10,player,0,1349.0,554.2,1426.8,737.0,1387.9,737.0,0
250,12,player,1,757.4,538.6,832.7,703.4,795.0,703.4,0
250,13,player,1,866.9,442.2,918.7,592.6,892.8,592.6,0
250,15,player,1,1270.7,512.4,1334.2,685.8,1302.4,685.8,0
250,16,player,1,1486.0,575.5,1536.2,733.9,1511.1,733.9,0
250,24,player,0,1030.3,1115.0,1141.2,1385.8,1085.8,1385.8,0
250,27,player,0,219.6,795.5,326.9,1012.9,273.2,1012.9,0
251,-1,ball,-1,1301.8,1298.8,1313.8,1310.8,1307.8,1304.8,0
251,1,player,0,2271.9,1079.5,2371.6,1310.4,2321.8,1310.4,0
251,2,player,1,1651.8,724.2,1760.4,900.7,1706.1,900.7,0
251,3,player,0,1424.1,701.4,1496.6,886.1,1460.4,886.1,0
251,4,player,1,695.7,807.3,788.9,1028.1,742.3,1028.1,0
251,5,player,1,1729.6,1017.2,1828.4,1231.7,1779.0,1231.7,0
251,6,player,1,2056.7,466.9,2122.2,593.8,2089.4,593.8,0
251,7,player,1,2232.8,1018.0,2346.8,1234.2,2289.8,1234.2,0
251,10,player,0,1349.0,554.2,1427.0,737.0,1388.0,737.0,0
251,12,player,1,757.4,538.6,832.7,703.4,795.0,703.4,0
251,13,player,1,866.9,442.2,918.7,592.5,892.8,592.5,0
251,15,player,1,1270.7,512.4,1334.2,685.7,1302.4,685.7,0
251,16,player,1,1485.8,575.3,1536.0,733.7,1510.9,733.7,0
251,24,player,0,1030.3,1114.6,1141.2,1385.8,1085.8,1385.8,0
251,27,player,0,219.7,795.5,327.1,1013.0,273.4,1013.0,0
252,-1,ball,-1,1275.2,1301.2,1287.2,1313.2,1281.2,1307.2,0
252,1,player,0,2303.4,1082.5,2399.3,1316.7,2351.4,1316.7,0
252,2,player,1,1661.9,724.9,1775.8,900.3,1718.8,900.3,0
252,3,player,0,1435.1,701.5,1500.1,886.1,1467.6,886.1,0
252,4,player,1,706.3,808.4,806.7,1027.8,756.5,1027.8,0
252,5,player,1,1735.2,1015.6,1831.5,1233.3,1783.4,1233.3,0
252,6,player,1,2075.8,468.0,2141.5,593.3,2108.6,593.3,0
252,7,player,1,2252.3,1015.6,2361.1,1234.6,2306.7,1234.6,0
252,10,player,0,1365.5,554.1,1443.4,737.6,1404.4,737.6,0
252,12,player,1,771.4,539.1,852.3,702.1,811.8,702.1,0
252,13,player,1,888.5,442.2,937.2,593.9,912.8,593.9,0
252,15,player,1,1288.9,512.9,1353.7,686.6,1321.3,686.6,0
252,16,player,1,1503.6,576.0,1550.6,736.8,1527.1,736.8,0
252,24,player,0,1010.1,1121.2,1138.9,1387.4,1074.5,1387.4,0
252,27,player,0,235.4,792.3,336.3,1012.3,285.8,1012.3,0
253,-1,ball,-1,1275.2,1301.2,1287.2,1313.2,1281.2,1307.2,0
253,1,player,0,2303.6,1082.4,2399.3,1316.7,2351.4,1316.7,0
253,2,player,1,1661.9,724.9,1775.7,899.9,1718.8,899.9,0
253,3,player,0,1435.1,701.5,1500.1,886.1,1467.6,886.1,0
253,4,player,1,706.3,808.4,806.7,1027.8,756.5,1027.8,0
253,5,player,1,1735.3,1015.7,1831.5,1233.3,1783.4,1233.3,0
253,6,player,1,2075.8,468.0,2141.5,593.3,2108.6,593.3,0
253,7,player,1,2252.4,1015.6,2361.1,1234.7,2306.8,1234.7,0
253,10,player,0,1365.5,554.1,1443.4,737.6,1404.4,737.6,0
253,12,player,1,771.4,539.1,852.3,702.2,811.8,702.2,0
253,13,player,1,888.5,442.2,937.2,593.9,912.8,593.9,0
253,15,player,1,1288.9,512.8,1353.7,686.6,1321.3,686.6,0
253,16,player,1,1503.5,576.0,1550.6,736.8,1527.0,736.8,0
253,24,player,0,1010.1,1121.2,1138.9,1387.4,1074.5,1387.4,0
253,27,player,0,235.4,792.4,336.3,1012.4,285.8,1012.4,0
253,30,player,0,0.1,449.4,36.2,582.2,18.2,582.2,0
253,31,player,0,0.0,309.9,50.0,445.9,25.0,445.9,0
254,-1,ball,-1,1250.4,1305.4,1262.4,1317.4,1256.4,1311.4,0
254,1,player,0,2326.4,1086.1,2425.3,1326.0,2375.9,1326.0,0
254,2,player,1,1668.9,724.5,1780.7,900.3,1724.8,900.3,0
254,3,player,0,1448.6,704.0,1517.0,887.8,1482.8,887.8,0
254,4,player,1,724.5,808.3,823.3,1028.9,773.9,1028.9,0
254,5,player,1,1730.1,1011.0,1850.0,1233.5,1790.0,1233.5,0
254,6,player,1,2093.8,467.2,2159.9,594.2,2126.9,594.2,0
254,7,player,1,2273.8,1013.0,2377.9,1235.4,2325.9,1235.4,0
254,10,player,0,1380.9,554.1,1460.0,739.2,1420.4,739.2,0
254,12,player,1,785.4,539.1,871.6,702.7,828.5,702.7,0
254,13,player,1,908.6,441.3,953.5,588.4,931.0,588.4,0
254,15,player,1,1306.8,512.7,1371.1,684.5,1338.9,684.5,0
254,16,player,1,1521.7,575.6,1567.3,740.0,1544.5,740.0,0
254,24,player,0,996.7,1125.7,1137.7,1387.9,1067.2,1387.9,0
254,27,player,0,249.8,788.9,343.8,1011.6,296.8,1011.6,0
254,30,player,0,3.2,432.7,58.3,582.1,30.8,582.1,0
254,31,player,0,19.3,313.7,68.5,443.7,43.9,443.7,0
255,-1,ball,-1,1250.4,1305.4,1262.4,1317.4,1256.4,1311.4,0
255,1,player,0,2326.3,1086.1,2425.3,1326.0,2375.8,1326.0,0
255,2,player,1,1668.9,724.5,1780.7,900.3,1724.8,900.3,0
255,3,player,0,1448.5,704.0,1517.0,887.8,1482.8,887.8,0
255,4,player,1,724.5,808.3,823.3,1028.9,773.9,1028.9,0
255,5,player,1,1730.1,1011.0,1850.0,1233.5,1790.0,1233.5,0
255,6,player,1,2093.8,467.2,2159.9,594.2,2126.9,594.2,0
255,7,player,1,2273.8,1013.0,2377.8,1235.4,2325.8,1235.4,0
255,10,player,0,1380.9,554.1,1460.0,739.2,1420.4,739.2,0
255,12,player,1,785.4,539.1,871.6,702.7,828.5,702.7,0
255,13,player,1,908.6,441.3,953.5,588.3,931.0,588.3,0
255,15,player,1,1306.8,512.7,1371.0,684.5,1338.9,684.5,0
255,16,player,1,1521.7,575.6,1567.3,740.0,1544.5,740.0,0
255,24,player,0,996.7,1125.7,1137.7,1387.9,1067.2,1387.9,0
255,27,player,0,249.8,788.9,343.8,1011.6,296.8,1011.6,0
255,30,player,0,3.2,432.7,58.3,582.1,30.8,582.1,0
255,31,player,0,19.3,313.9,68.5,443.7,43.9,443.7,0
256,-1,ball,-1,1250.4,1305.4,1262.4,1317.4,1256.4,1311.4,0
256,1,player,0,2326.4,1086.0,2425.3,1326.1,2375.9,1326.1,0
256,2,player,1,1668.9,724.5,1780.7,900.3,1724.8,900.3,0
256,3,player,0,1448.5,704.0,1517.0,887.8,1482.8,887.8,0
256,4,player,1,724.5,808.3,823.3,1028.9,773.9,1028.9,0
256,5,player,1,1730.1,1011.0,1849.9,1233.5,1790.0,1233.5,0
256,6,player,1,2093.8,467.2,2159.9,594.2,2126.9,594.2,0
256,7,player,1,2273.8,1013.0,2377.8,1235.3,2325.8,1235.3,0
256,10,player,0,1380.9,554.1,1459.9,739.2,1420.4,739.2,0
256,12,player,1,785.4,539.1,871.6,702.6,828.5,702.6,0
256,13,player,1,908.5,441.3,953.5,588.3,931.0,588.3,0
256,15,player,1,1306.8,512.7,1371.0,684.5,1338.9,684.5,0
256,16,player,1,1521.7,575.6,1567.3,739.9,1544.5,739.9,0
256,24,player,0,996.7,1125.7,1137.7,1387.9,1067.2,1387.9,0
256,27,player,0,249.8,788.9,343.4,1011.5,296.6,1011.5,0
256,30,player,0,3.2,432.7,58.3,582.1,30.8,582.1,0
256,31,player,0,19.3,313.6,68.6,443.7,43.9,443.7,0
257,-1,ball,-1,1250.4,1305.4,1262.4,1317.4,1256.4,1311.4,0
257,1,player,0,2326.3,1086.0,2425.2,1326.1,2375.8,1326.1,0
257,2,player,1,1668.9,724.5,1780.7,900.4,1724.8,900.4,0
257,3,player,0,1448.5,704.0,1517.0,887.8,1482.8,887.8,0
257,4,player,1,724.5,808.3,823.3,1028.9,773.9,1028.9,0
257,5,player,1,1730.0,1011.0,1849.9,1233.5,1790.0,1233.5,0
257,6,player,1,2093.7,467.2,2159.9,594.3,2126.8,594.3,0
257,7,player,1,2273.8,1012.9,2377.9,1235.4,2325.9,1235.4,0
257,10,player,0,1380.9,554.1,1459.8,739.2,1420.4,739.2,0
257,12,player,1,785.4,539.1,871.6,702.7,828.5,702.7,0
257,13,player,1,908.6,441.4,953.5,588.2,931.0,588.2,0
257,15,player,1,1306.8,512.7,1371.0,684.5,1338.9,684.5,0
257,16,player,1,1521.7,575.6,1567.3,740.0,1544.5,740.0,0
257,24,player,0,996.7,1125.7,1137.7,1387.9,1067.2,1387.9,0
257,27,player,0,249.8,788.9,343.4,1011.5,296.6,1011.5,0
257,30,player,0,3.2,432.7,58.3,582.1,30.8,582.1,0
257,31,player,0,19.3,313.7,68.5,443.7,43.9,443.7,0
258,-1,ball,-1,1229.9,1304.8,1241.9,1316.8,1235.9,1310.8,0
258,1,player,0,2342.8,1106.7,2449.7,1331.1,2396.2,1331.1,0
258,2,player,1,1686.5,724.2,1784.4,901.3,1735.4,901.3,0
258,3,player,0,1459.0,705.4,1538.2,888.9,1498.6,888.9,0
258,4,player,1,741.8,809.2,837.9,1029.7,789.8,1029.7,0
258,5,player,1,1727.2,1006.8,1865.7,1233.6,1796.4,1233.6,0
258,6,player,1,2112.5,466.6,2180.8,594.4,2146.6,594.4,0
258,7,player,1,2301.0,1012.5,2396.3,1235.0,2348.6,1235.0,0
258,10,player,0,1400.6,554.1,1479.8,738.9,1440.2,738.9,0
258,12,player,1,800.8,540.9,892.5,702.5,846.6,702.5,0
258,13,player,1,929.6,440.3,973.3,587.4,951.4,587.4,0
258,15,player,1,1324.5,512.7,1390.8,685.2,1357.6,685.2,0
258,16,player,1,1538.0,576.1,1585.6,738.2,1561.8,738.2,0
258,24,player,0,992.5,1127.2,1144.4,1386.0,1068.4,1386.0,0
258,27,player,0,269.1,787.2,348.0,1011.3,308.6,1011.3,0
258,30,player,0,22.4,432.8,80.4,585.5,51.4,585.5,0
258,31,player,0,39.7,309.4,92.3,444.6,66.0,444.6,0
259,-1,ball,-1,1210.8,1304.0,1222.8,1316.0,1216.8,1310.0,0
259,1,player,0,2366.4,1108.4,2471.2,1337.0,2418.8,1337.0,0
259,2,player,1,1698.1,720.9,1791.9,901.0,1745.0,901.0,0
259,3,player,0,1472.6,707.0,1557.9,888.7,1515.2,888.7,0
259,4,player,1,758.5,808.5,851.8,1029.1,805.2,1029.1,0
259,5,player,1,1727.9,1003.5,1876.9,1233.9,1802.4,1233.9,0
259,6,player,1,2133.5,465.1,2201.1,593.7,2167.3,593.7,0
259,7,player,1,2330.4,1011.2,2414.7,1230.0,2372.6,1230.0,0
259,10,player,0,1421.8,553.8,1497.7,732.4,1459.8,732.4,0
259,12,player,1,821.6,541.6,912.2,701.2,866.9,701.2,0
259,13,player,1,948.9,440.4,994.7,594.2,971.8,594.2,0
259,15,player,1,1340.4,512.1,1410.8,685.4,1375.6,685.4,0
259,16,player,1,1558.6,576.4,1605.7,740.0,1582.2,740.0,0
259,24,player,0,999.7,1127.3,1161.7,1385.9,1080.7,1385.9,0
259,27,player,0,287.0,785.2,363.4,1012.4,325.2,1012.4,0
259,30,player,0,45.2,431.4,103.4,583.7,74.3,583.7,0
259,31,player,0,61.6,308.4,115.5,443.0,88.6,443.0,0
259,32,player,1,0.1,525.7,64.1,684.2,32.1,684.2,0
260,-1,ball,-1,1210.8,1304.0,1222.8,1316.0,1216.8,1310.0,0
260,1,player,0,2366.5,1108.4,2471.0,1337.0,2418.8,1337.0,0
260,2,player,1,1698.1,720.9,1791.9,901.0,1745.0,901.0,0
260,3,player,0,1472.6,707.0,1557.9,888.7,1515.2,888.7,0
260,4,player,1,758.3,808.4,851.8,1029.2,805.0,1029.2,0
260,5,player,1,1728.1,1003.5,1876.8,1233.9,1802.4,1233.9,0
260,6,player,1,2133.5,465.1,2201.1,593.7,2167.3,593.7,0
260,7,player,1,2330.4,1011.3,2414.7,1230.0,2372.6,1230.0,0
260,10,player,0,1421.8,553.8,1497.7,732.4,1459.8,732.4,0
260,12,player,1,821.5,541.6,912.2,701.2,866.8,701.2,0
260,13,player,1,948.9,440.4,994.7,594.2,971.8,594.2,0
260,15,player,1,1340.4,512.0,1410.7,685.3,1375.6,685.3,0
260,16,player,1,1558.6,576.4,1605.6,740.0,1582.1,740.0,0
260,24,player,0,999.7,1127.4,1161.7,1385.9,1080.7,1385.9,0
260,27,player,0,287.1,785.2,363.4,1012.4,325.2,1012.4,0
260,30,player,0,45.2,431.4,103.4,583.7,74.3,583.7,0
260,31,player,0,61.6,308.4,115.6,443.0,88.6,443.0,0
260,32,player,1,0.1,525.7,64.1,684.2,32.1,684.2,0
260,33,player,1,0.1,718.8,45.5,911.6,22.8,911.6,0
261,-1,ball,-1,1210.8,1304.0,1222.8,1316.0,1216.8,1310.0,0
261,1,player,0,2366.5,1108.4,2471.0,1337.0,2418.8,1337.0,0
261,2,player,1,1698.1,720.9,1791.9,901.0,1745.0,901.0,0
261,3,player,0,1472.4,707.0,1557.9,888.7,1515.2,888.7,0
261,4,player,1,758.5,808.0,851.8,1029.1,805.2,1029.1,0
261,5,player,1,1727.9,1003.5,1876.9,1233.9,1802.4,1233.9,0
261,6,player,1,2133.5,465.1,2201.1,593.7,2167.3,593.7,0
261,7,player,1,2330.4,1011.3,2414.7,1230.0,2372.6,1230.0,0
261,10,player,0,1421.8,553.8,1497.7,732.4,1459.8,732.4,0
261,12,player,1,821.5,541.6,912.3,701.2,866.9,701.2,0
261,13,player,1,948.9,440.4,994.7,594.2,971.8,594.2,0
261,15,player,1,1340.4,512.0,1410.7,685.3,1375.6,685.3,0
261,16,player,1,1558.6,576.4,1605.7,740.0,1582.2,740.0,0
261,24,player,0,999.7,1127.4,1161.7,1385.9,1080.7,1385.9,0
261,27,player,0,287.0,785.2,363.3,1012.3,325.2,1012.3,0
261,30,player,0,45.2,431.4,103.4,583.7,74.3,583.7,0
261,31,player,0,61.6,308.4,115.6,443.0,88.6,443.0,0
261,32,player,1,0.1,525.6,64.1,684.2,32.1,684.2,0
261,33,player,1,0.1,718.8,46.1,911.7,23.1,911.7,0
262,-1,ball,-1,1191.1,1304.9,1203.1,1316.9,1197.1,1310.9,0
262,1,player,0,2390.6,1112.4,2490.4,1340.9,2440.5,1340.9,0
262,2,player,1,1713.8,719.0,1808.4,904.6,1761.1,904.6,0
262,3,player,0,1473.9,704.3,1577.9,887.4,1525.9,887.4,0
262,4,player,1,777.6,807.1,862.2,1027.7,819.9,1027.7,0
262,5,player,1,1720.0,1002.1,1885.0,1226.8,1802.5,1226.8,0
262,6,player,1,2155.8,464.2,2221.9,593.3,2188.9,593.3,0
262,7,player,1,2354.1,1011.0,2434.8,1229.2,2394.4,1229.2,0
262,10,player,0,1441.2,552.8,1514.9,725.0,1478.1,725.0,0
262,12,player,1,841.9,540.5,931.8,702.3,886.8,702.3,0
262,13,player,1,966.6,440.4,1016.8,596.1,991.7,596.1,0
262,15,player,1,1357.6,511.1,1431.4,683.7,1394.5,683.7,0
262,16,player,1,1577.1,575.0,1623.5,737.9,1600.3,737.9,0
262,24,player,0,1019.4,1127.0,1174.8,1384.9,1097.1,1384.9,0
262,27,player,0,304.7,786.9,381.6,1010.6,343.2,1010.6,0
262,30,player,0,67.8,430.8,125.6,582.6,96.7,582.6,0
262,31,player,0,84.2,306.8,138.3,441.6,111.2,441.6,0
262,32,player,1,0.0,522.7,77.6,684.4,38.8,684.4,0
262,33,player,1,0.0,716.1,70.7,912.7,35.4,912.7,0
263,-1,ball,-1,1191.2,1304.9,1203.2,1316.9,1197.2,1310.9,0
263,1,player,0,2390.7,1112.4,2490.5,1340.9,2440.6,1340.9,0
263,2,player,1,1713.8,719.1,1808.4,904.7,1761.1,904.7,0
263,3,player,0,1473.8,704.3,1578.0,887.4,1525.9,887.4,0
263,4,player,1,778.0,807.2,862.3,1027.7,820.2,1027.7,0
263,5,player,1,1720.1,1002.2,1884.9,1226.8,1802.5,1226.8,0
263,6,player,1,2155.8,464.1,2221.9,593.3,2188.9,593.3,0
263,7,player,1,2354.1,1011.0,2434.8,1229.2,2394.4,1229.2,0
263,10,player,0,1441.1,552.9,1514.6,724.4,1477.8,724.4,0
263,12,player,1,841.9,540.5,931.8,702.3,886.8,702.3,0
263,13,player,1,966.6,440.4,1016.8,596.0,991.7,596.0,0
263,15,player,1,1357.6,511.1,1431.4,683.7,1394.5,683.7,0
263,16,player,1,1577.1,575.0,1623.5,737.9,1600.3,737.9,0
263,24,player,0,1019.4,1126.9,1174.8,1384.9,1097.1,1384.9,0
263,27,player,0,304.7,786.9,381.6,1010.6,343.2,1010.6,0
263,30,player,0,67.8,430.8,125.6,582.6,96.7,582.6,0
263,31,player,0,84.1,306.8,138.3,441.6,111.2,441.6,0
263,32,player,1,0.0,522.7,77.7,684.4,38.8,684.4,0
263,33,player,1,0.0,716.1,70.8,912.7,35.4,912.7,0
264,-1,ball,-1,1173.0,1308.0,1185.0,1320.0,1179.0,1314.0,0
264,1,player,0,2414.5,1116.1,2508.5,1342.4,2461.5,1342.4,0
264,2,player,1,1730.0,718.6,1828.7,905.8,1779.4,905.8,0
264,3,player,0,1486.2,705.0,1597.7,886.1,1542.0,886.1,0
264,4,player,1,799.1,806.8,872.8,1027.2,836.0,1027.2,0
264,5,player,1,1728.1,1003.2,1886.4,1225.9,1807.2,1225.9,0
264,6,player,1,2175.0,464.2,2244.8,593.8,2209.9,593.8,0
264,7,player,1,2373.4,1010.3,2454.0,1227.5,2413.7,1227.5,0
264,10,player,0,1465.6,552.6,1532.6,716.6,1499.1,716.6,0
264,12,player,1,863.3,540.1,953.7,702.0,908.5,702.0,0
264,13,player,1,980.7,439.6,1037.2,596.8,1009.0,596.8,0
264,15,player,1,1375.3,511.6,1450.7,684.0,1413.0,684.0,0
264,16,player,1,1597.9,575.2,1643.6,738.0,1620.8,738.0,0
264,24,player,0,1015.5,1125.5,1180.6,1386.0,1098.0,1386.0,1
264,27,player,0,322.6,788.5,403.8,1009.5,363.2,1009.5,0
264,30,player,0,91.4,430.1,149.3,582.5,120.4,582.5,0
264,31,player,0,107.5,306.1,160.7,438.2,134.1,438.2,0
264,32,player,1,11.7,523.1,98.9,684.0,55.3,684.0,0
264,33,player,1,10.7,716.3,86.9,914.4,48.8,914.4,0
265,-1,ball,-1,1173.0,1308.0,1185.0,1320.0,1179.0,1314.0,0
265,1,player,0,2414.4,1116.1,2508.5,1342.4,2461.4,1342.4,0
265,2,player,1,1729.6,718.6,1828.7,905.8,1779.2,905.8,0
265,3,player,0,1486.2,705.0,1597.7,886.0,1542.0,886.0,0
265,4,player,1,799.1,806.8,872.8,1027.3,836.0,1027.3,0
265,5,player,1,1728.0,1003.2,1886.5,1225.9,1807.2,1225.9,0
265,6,player,1,2175.0,464.2,2244.8,593.8,2209.9,593.8,0
265,7,player,1,2373.4,1010.3,2453.9,1227.5,2413.6,1227.5,0
265,10,player,0,1465.5,552.6,1532.6,716.6,1499.0,716.6,0
265,12,player,1,863.4,540.1,953.7,702.0,908.6,702.0,0
265,13,player,1,980.6,439.6,1037.2,596.8,1008.9,596.8,0
265,15,player,1,1375.5,511.6,1450.7,684.0,1413.1,684.0,0
265,16,player,1,1597.9,575.2,1643.6,738.1,1620.8,738.1,0
265,24,player,0,1015.5,1125.5,1180.6,1386.0,1098.0,1386.0,1
265,27,player,0,322.7,788.5,403.8,1009.5,363.2,1009.5,0
265,30,player,0,91.5,430.1,149.3,582.6,120.4,582.6,0
265,31,player,0,107.5,306.1,160.8,438.2,134.2,438.2,0
265,32,player,1,11.7,523.0,98.9,683.8,55.3,683.8,0
265,33,player,1,11.2,716.5,87.1,914.4,49.2,914.4,0
266,-1,ball,-1,1157.3,1306.5,1169.3,1318.5,1163.3,1312.5,0
266,1,player,0,2424.8,1113.1,2527.9,1344.7,2476.4,1344.7,0
266,2,player,1,1745.0,719.0,1839.8,905.9,1792.4,905.9,0
266,3,player,0,1500.5,708.3,1615.8,886.8,1558.2,886.8,0
266,4,player,1,816.3,805.2,878.0,1025.5,847.2,1025.5,0
266,5,player,1,1733.6,1005.2,1886.9,1227.3,1810.2,1227.3,0
266,6,player,1,2192.9,461.9,2266.8,594.1,2229.9,594.1,0
266,7,player,1,2393.9,1008.9,2471.2,1225.1,2432.6,1225.1,0
266,10,player,0,1492.1,550.3,1549.8,717.8,1520.9,717.8,0
266,12,player,1,883.2,539.1,973.4,702.0,928.3,702.0,0
266,13,player,1,1001.7,438.5,1057.3,595.0,1029.5,595.0,0
266,15,player,1,1392.7,509.6,1470.4,682.0,1431.6,682.0,0
266,16,player,1,1615.2,574.5,1661.3,735.9,1638.2,735.9,0
266,24,player,0,1014.1,1121.0,1167.5,1383.0,1090.8,1383.0,1
266,27,player,0,333.9,790.2,424.9,1008.5,379.4,1008.5,0
266,30,player,0,113.6,429.8,172.6,581.3,143.1,581.3,0
266,31,player,0,127.2,304.3,182.3,437.4,154.8,437.4,0
266,32,player,1,30.7,519.9,119.2,684.5,75.0,684.5,0
266,33,player,1,27.8,715.1,106.6,915.2,67.2,915.2,0
267,-1,ball,-1,1157.3,1306.5,1169.3,1318.5,1163.3,1312.5,0
267,1,player,0,2424.7,1113.0,2527.9,1344.7,2476.3,1344.7,0
267,2,player,1,1745.0,718.9,1839.8,905.9,1792.4,905.9,0
267,3,player,0,1500.5,708.3,1615.8,886.8,1558.2,886.8,0
267,4,player,1,816.3,805.2,878.1,1025.5,847.2,1025.5,0
267,5,player,1,1733.6,1005.1,1886.9,1227.2,1810.2,1227.2,0
267,6,player,1,2192.9,461.9,2266.8,594.1,2229.9,594.1,0
267,7,player,1,2393.8,1008.9,2471.2,1224.9,2432.5,1224.9,0
267,10,player,0,1492.1,550.3,1549.8,717.7,1520.9,717.7,0
267,12,player,1,883.2,539.2,973.4,702.0,928.3,702.0,0
267,13,player,1,1001.8,438.5,1057.3,595.0,1029.6,595.0,0
267,15,player,1,1392.7,509.6,1470.5,682.0,1431.6,682.0,0
267,16,player,1,1615.2,574.5,1661.3,735.9,1638.2,735.9,0
267,24,player,0,1014.1,1121.0,1167.5,1383.0,1090.8,1383.0,1
267,27,player,0,333.9,790.2,424.9,1008.5,379.4,1008.5,0
267,30,player,0,113.6,429.7,172.8,581.4,143.2,581.4,0
267,31,player,0,127.2,304.3,182.3,437.4,154.8,437.4,0
267,32,player,1,30.7,519.9,119.2,684.5,75.0,684.5,0
267,33,player,1,27.8,715.1,106.7,915.3,67.2,915.3,0
268,-1,ball,-1,1157.3,1306.5,1169.3,1318.5,1163.3,1312.5,0
268,1,player,0,2424.6,1113.0,2527.9,1344.7,2476.2,1344.7,0
268,2,player,1,1744.9,718.9,1839.8,905.9,1792.4,905.9,0
268,3,player,0,1500.5,708.3,1615.8,886.8,1558.2,886.8,0
268,4,player,1,816.3,805.0,878.1,1025.6,847.2,1025.6,0
268,5,player,1,1733.7,1005.2,1886.7,1227.3,1810.2,1227.3,0
268,6,player,1,2192.9,461.9,2266.8,594.1,2229.9,594.1,0
268,7,player,1,2393.7,1008.9,2471.2,1224.9,2432.4,1224.9,0
268,10,player,0,1492.1,550.2,1549.8,717.7,1520.9,717.7,0
268,12,player,1,883.2,539.2,973.4,702.0,928.3,702.0,0
268,13,player,1,1001.7,438.5,1057.3,595.0,1029.5,595.0,0
268,15,player,1,1392.7,509.7,1470.5,682.0,1431.6,682.0,0
268,16,player,1,1615.2,574.4,1661.3,736.0,1638.2,736.0,0
268,24,player,0,1014.1,1121.0,1167.5,1383.0,1090.8,1383.0,1
268,27,player,0,333.9,790.2,425.0,1008.6,379.4,1008.6,0
268,30,player,0,113.6,429.6,173.0,581.4,143.3,581.4,0
268,31,player,0,127.2,304.3,182.3,437.4,154.8,437.4,0
268,32,player,1,30.7,519.9,119.2,684.5,75.0,684.5,0
268,33,player,1,27.8,715.1,106.7,915.2,67.2,915.2,0
269,-1,ball,-1,1143.2,1306.2,1155.2,1318.2,1149.2,1312.2,0
269,1,player,0,2442.8,1113.6,2545.9,1344.6,2494.4,1344.6,0
269,2,player,1,1760.3,719.4,1858.2,905.6,1809.2,905.6,0
269,3,player,0,1516.8,707.4,1634.9,887.9,1575.8,887.9,0
269,4,player,1,825.7,804.9,888.8,1024.4,857.2,1024.4,0
269,5,player,1,1735.6,1007.7,1875.4,1227.8,1805.5,1227.8,0
269,6,player,1,2212.9,460.8,2288.3,593.3,2250.6,593.3,0
269,7,player,1,2409.6,1008.6,2491.2,1220.2,2450.4,1220.2,0
269,10,player,0,1512.9,548.4,1567.7,715.5,1540.3,715.5,0
269,12,player,1,902.5,537.7,991.4,700.5,947.0,700.5,0
269,13,player,1,1021.9,438.4,1078.7,593.2,1050.3,593.2,0
269,15,player,1,1411.1,510.6,1494.2,682.6,1452.6,682.6,0
269,16,player,1,1634.0,574.2,1680.7,734.9,1657.4,734.9,0
269,24,player,0,1015.4,1111.5,1157.4,1379.6,1086.4,1379.6,1
269,27,player,0,341.3,789.7,446.0,1006.9,393.6,1006.9,0
269,30,player,0,135.5,429.2,195.9,579.6,165.7,579.6,0
269,31,player,0,147.9,302.5,203.3,440.5,175.6,440.5,0
269,32,player,1,50.4,520.7,137.5,681.9,94.0,681.9,0
269,33,player,1,38.6,714.4,129.1,913.6,83.8,913.6,0
270,-1,ball,-1,1143.4,1306.1,1155.4,1318.1,1149.4,1312.1,0
270,1,player,0,2442.7,1113.6,2545.8,1344.6,2494.2,1344.6,0
270,2,player,1,1760.3,719.4,1858.2,905.5,1809.2,905.5,0
270,3,player,0,1516.8,707.4,1635.0,887.9,1575.9,887.9,0
270,4,player,1,825.7,804.9,888.8,1024.5,857.2,1024.5,0
270,5,player,1,1735.6,1007.7,1875.4,1227.9,1805.5,1227.9,0
270,6,player,1,2212.9,460.8,2288.3,593.3,2250.6,593.3,0
270,7,player,1,2409.7,1008.6,2491.2,1220.2,2450.4,1220.2,0
270,10,player,0,1512.9,548.5,1567.7,715.6,1540.3,715.6,0
270,12,player,1,902.5,537.7,991.3,700.5,946.9,700.5,0
270,13,player,1,1021.9,438.4,1078.7,593.2,1050.3,593.2,0
270,15,player,1,1411.1,510.6,1494.2,682.6,1452.6,682.6,0
270,16,player,1,1633.9,574.2,1680.7,734.8,1657.3,734.8,0
270,24,player,0,1015.4,1111.6,1157.4,1379.6,1086.4,1379.6,1
270,27,player,0,341.3,789.6,446.2,1006.9,393.8,1006.9,0
270,30,player,0,135.5,429.0,195.7,579.5,165.6,579.5,0
270,31,player,0,147.9,302.5,203.3,440.4,175.6,440.4,0
270,32,player,1,50.4,520.7,137.6,681.9,94.0,681.9,0
270,33,player,1,38.6,714.4,129.1,913.7,83.8,913.7,0
271,-1,ball,-1,1132.9,1307.2,1144.9,1319.2,1138.9,1313.2,0
271,1,player,0,2465.7,1112.4,2565.2,1345.0,2515.4,1345.0,0
271,2,player,1,1777.3,721.4,1876.9,902.6,1827.1,902.6,0
271,3,player,0,1539.2,705.5,1653.5,885.8,1596.4,885.8,0
271,4,player,1,842.6,804.5,907.9,1024.1,875.2,1024.1,0
271,5,player,1,1730.4,1008.0,1864.0,1226.6,1797.2,1226.6,0
271,6,player,1,2235.4,458.6,2312.7,593.2,2274.0,593.2,0
271,7,player,1,2430.2,1007.0,2514.5,1218.7,2472.4,1218.7,0
271,10,player,0,1533.4,545.8,1589.1,712.5,1561.2,712.5,0
271,12,player,1,926.5,535.7,1009.9,699.6,968.2,699.6,0
271,13,player,1,1035.4,436.5,1102.2,592.9,1068.8,592.9,0
271,15,player,1,1432.5,510.2,1513.1,681.4,1472.8,681.4,0
271,16,player,1,1652.7,572.7,1700.8,734.4,1676.8,734.4,0
271,24,player,0,1020.8,1104.3,1147.1,1378.8,1083.9,1378.8,1
271,27,player,0,354.4,790.2,473.4,1005.4,413.9,1005.4,0
271,30,player,0,161.3,428.2,220.0,576.1,190.6,576.1,0
271,31,player,0,171.8,303.2,228.1,438.5,200.0,438.5,0
271,32,player,1,70.9,520.4,161.4,682.1,116.2,682.1,0
271,33,player,1,54.4,715.7,154.7,912.3,104.6,912.3,0
272,-1,ball,-1,1132.9,1307.2,1144.9,1319.2,1138.9,1313.2,0
272,1,player,0,2465.6,1112.4,2565.2,1345.0,2515.4,1345.0,0
272,2,player,1,1777.4,721.4,1876.9,902.6,1827.2,902.6,0
272,3,player,0,1539.3,705.6,1653.5,885.8,1596.4,885.8,0
272,4,player,1,842.6,804.5,908.0,1024.0,875.3,1024.0,0
272,5,player,1,1730.5,1008.0,1864.0,1226.7,1797.2,1226.7,0
272,6,player,1,2235.4,458.6,2312.7,593.2,2274.0,593.2,0
272,7,player,1,2430.2,1007.0,2514.6,1218.9,2472.4,1218.9,0
272,10,player,0,1533.4,545.8,1589.1,712.7,1561.2,712.7,0
272,12,player,1,926.5,535.7,1009.9,699.6,968.2,699.6,0
272,13,player,1,1035.3,436.5,1102.3,592.8,1068.8,592.8,0
272,15,player,1,1432.5,510.2,1513.1,681.4,1472.8,681.4,0
272,16,player,1,1652.7,572.8,1700.8,734.3,1676.8,734.3,0
272,24,player,0,1020.8,1104.3,1147.1,1378.8,1083.9,1378.8,1
272,27,player,0,354.4,790.2,473.5,1005.4,414.0,1005.4,0
272,30,player,0,161.3,428.2,220.0,576.1,190.6,576.1,0
272,31,player,0,171.8,303.2,228.1,438.5,200.0,438.5,0
272,32,player,1,70.9,520.4,161.4,682.1,116.2,682.1,0
272,33,player,1,54.4,715.6,154.7,912.3,104.6,912.3,0
273,-1,ball,-1,1132.9,1307.2,1144.9,1319.2,1138.9,1313.2,0
273,1,player,0,2465.6,1112.4,2565.2,1345.0,2515.4,1345.0,0
273,2,player,1,1777.6,721.4,1876.9,902.6,1827.2,902.6,0
273,3,player,0,1539.2,705.5,1653.5,885.8,1596.4,885.8,0
273,4,player,1,842.6,804.5,907.9,1024.0,875.2,1024.0,0
273,5,player,1,1730.5,1008.0,1864.0,1226.7,1797.2,1226.7,0
273,6,player,1,2235.5,458.6,2312.7,593.2,2274.1,593.2,0
273,7,player,1,2430.2,1006.9,2514.6,1218.9,2472.4,1218.9,0
273,10,player,0,1533.4,545.8,1589.1,712.3,1561.2,712.3,0
273,12,player,1,926.5,535.7,1009.9,699.6,968.2,699.6,0
273,13,player,1,1035.4,436.5,1102.2,592.9,1068.8,592.9,0
273,15,player,1,1432.5,510.2,1513.1,681.4,1472.8,681.4,0
273,16,player,1,1652.8,572.8,1700.8,734.2,1676.8,734.2,0
273,24,player,0,1020.9,1104.3,1147.0,1378.8,1084.0,1378.8,1
273,27,player,0,354.3,790.2,473.5,1005.4,413.9,1005.4,0
273,30,player,0,161.3,428.2,220.0,576.1,190.6,576.1,0
273,31,player,0,171.8,303.2,228.0,438.5,199.9,438.5,0
273,32,player,1,70.9,520.3,161.5,682.1,116.2,682.1,0
273,33,player,1,54.4,715.6,154.7,912.3,104.6,912.3,0
274,-1,ball,-1,1132.9,1307.2,1144.9,1319.2,1138.9,1313.2,0
274,1,player,0,2465.6,1112.4,2565.2,1345.1,2515.4,1345.1,0
274,2,player,1,1777.6,721.4,1876.9,902.6,1827.2,902.6,0
274,3,player,0,1539.2,705.5,1653.5,885.8,1596.4,885.8,0
274,4,player,1,842.6,804.4,907.9,1024.0,875.2,1024.0,0
274,5,player,1,1730.4,1008.0,1864.0,1226.7,1797.2,1226.7,0
274,6,player,1,2235.5,458.6,2312.7,593.2,2274.1,593.2,0
274,7,player,1,2430.2,1006.8,2514.6,1218.9,2472.4,1218.9,0
274,10,player,0,1533.4,545.8,1589.1,712.4,1561.2,712.4,0
274,12,player,1,926.5,535.7,1009.9,699.6,968.2,699.6,0
274,13,player,1,1035.4,436.5,1102.2,592.9,1068.8,592.9,0
274,15,player,1,1432.5,510.2,1513.1,681.4,1472.8,681.4,0
274,16,player,1,1652.7,572.8,1700.8,734.2,1676.8,734.2,0
274,24,player,0,1020.9,1104.3,1147.1,1378.8,1084.0,1378.8,1
274,27,player,0,354.4,790.2,473.5,1005.4,414.0,1005.4,0
274,30,player,0,161.4,428.2,219.9,576.1,190.6,576.1,0
274,31,player,0,171.8,303.2,228.0,438.5,199.9,438.5,0
274,32,player,1,70.9,520.4,161.5,682.1,116.2,682.1,0
274,33,player,1,54.4,715.6,154.7,912.3,104.6,912.3,0
275,-1,ball,-1,1522.7,664.6,1534.7,676.6,1528.7,670.6,0
275,1,player,0,2489.9,1113.4,2591.8,1346.6,2540.9,1346.6,0
275,2,player,1,1799.7,724.4,1891.2,906.5,1845.4,906.5,0
275,3,player,0,1560.4,703.5,1672.9,884.8,1616.6,884.8,0
275,4,player,1,859.4,802.8,935.8,1022.7,897.6,1022.7,0
275,5,player,1,1729.2,1008.0,1850.0,1226.9,1789.6,1226.9,0
275,6,player,1,2259.0,458.7,2338.6,592.8,2298.8,592.8,0
275,7,player,1,2454.7,1005.7,2536.7,1215.2,2495.7,1215.2,0
275,10,player,0,1555.5,544.7,1612.6,718.0,1584.0,718.0,0
275,12,player,1,950.2,533.3,1026.5,696.9,988.4,696.9,0
275,13,player,1,1055.5,435.9,1127.6,591.8,1091.6,591.8,0
275,15,player,1,1456.8,509.3,1539.1,680.8,1497.9,680.8,1
275,16,player,1,1674.2,572.2,1723.4,731.8,1698.8,731.8,0
275,24,player,0,1028.2,1097.6,1146.4,1368.8,1087.3,1368.8,0
275,27,player,0,371.4,789.8,499.1,1003.2,435.2,1003.2,0
275,30,player,0,186.6,428.4,246.4,574.1,216.5,574.1,0
275,31,player,0,196.9,301.9,254.6,435.0,225.8,435.0,0
275,32,player,1,94.6,519.9,187.6,681.5,141.1,681.5,0
275,33,player,1,79.4,716.6,181.0,911.2,130.2,911.2,0
276,-1,ball,-1,1549.8,663.4,1561.8,675.4,1555.8,669.4,0
276,1,player,0,2516.4,1114.5,2618.4,1347.7,2567.4,1347.7,0
276,2,player,1,1824.0,726.3,1906.4,905.7,1865.2,905.7,0
276,3,player,0,1584.7,702.3,1688.6,884.8,1636.6,884.8,0
276,4,player,1,876.8,801.6,961.9,1022.7,919.4,1022.7,0
276,5,player,1,1746.9,1000.8,1876.8,1227.2,1811.8,1227.2,0
276,6,player,1,2284.3,457.4,2365.7,591.9,2325.0,591.9,0
276,10,player,0,1577.3,543.9,1636.1,721.4,1606.7,721.4,0
276,12,player,1,972.8,531.5,1044.0,694.4,1008.4,694.4,0
276,13,player,1,1080.2,436.0,1151.9,589.5,1116.1,589.5,0
276,15,player,1,1482.5,509.2,1563.1,678.5,1522.8,678.5,1
276,16,player,1,1695.3,571.2,1748.4,731.7,1721.8,731.7,0
276,24,player,0,1036.6,1090.5,1147.4,1359.9,1092.0,1359.9,0
276,27,player,0,397.7,787.2,526.0,1001.8,461.8,1001.8,0
276,30,player,0,214.0,426.3,274.1,571.0,244.0,571.0,0
276,31,player,0,226.3,303.2,282.3,434.1,254.3,434.1,0
276,32,player,1,118.2,519.5,217.0,680.4,167.6,680.4,0
276,33,player,1,108.8,715.2,210.3,910.8,159.6,910.8,0
277,-1,ball,-1,1549.8,663.4,1561.8,675.4,1555.8,669.4,0
277,1,player,0,2516.7,1114.5,2618.3,1347.7,2567.5,1347.7,0
277,2,player,1,1824.2,726.3,1906.5,905.8,1865.4,905.8,0
277,3,player,0,1584.8,702.3,1688.6,884.8,1636.7,884.8,0
277,4,player,1,876.8,801.6,961.9,1022.7,919.4,1022.7,0
277,5,player,1,1746.8,1000.8,1876.9,1227.2,1811.8,1227.2,0
277,6,player,1,2284.3,457.4,2365.7,591.9,2325.0,591.9,0
277,7,player,1,2480.6,1004.3,2563.5,1213.8,2522.0,1213.8,0
277,10,player,0,1577.3,543.9,1636.1,721.4,1606.7,721.4,0
277,12,player,1,972.8,531.4,1044.0,694.5,1008.4,694.5,0
277,13,player,1,1080.2,436.0,1151.9,589.5,1116.1,589.5,0
277,15,player,1,1482.5,509.2,1563.2,678.5,1522.8,678.5,1
277,16,player,1,1695.5,571.2,1748.3,731.6,1721.9,731.6,0
277,24,player,0,1036.6,1090.6,1147.4,1359.9,1092.0,1359.9,0
277,27,player,0,397.7,787.2,526.0,1001.8,461.8,1001.8,0
277,30,player,0,214.0,426.3,274.1,571.0,244.0,571.0,0
277,31,player,0,226.3,303.1,282.3,434.1,254.3,434.1,0
277,32,player,1,118.2,519.6,217.0,680.4,167.6,680.4,0
277,33,player,1,108.5,715.2,210.3,910.8,159.4,910.8,0
278,-1,ball,-1,220.8,886.6,232.8,898.6,226.8,892.6,0
278,1,player,0,2507.0,1001.2,2648.2,1348.4,2577.6,1348.4,0
278,2,player,1,1845.3,725.7,1923.9,905.5,1884.6,905.5,0
278,3,player,0,1607.1,700.5,1701.4,882.3,1654.2,882.3,0
278,4,player,1,892.0,800.5,991.4,1021.9,941.7,1021.9,0
278,5,player,1,1755.6,995.3,1897.8,1222.5,1826.7,1222.5,0
278,6,player,1,2311.4,457.7,2394.6,589.3,2353.0,589.3,0
278,7,player,1,2505.2,1002.2,2594.3,1231.4,2549.8,1231.4,0
278,10,player,0,1601.4,542.3,1663.9,719.1,1632.6,719.1,0
278,12,player,1,994.3,529.5,1061.3,692.0,1027.8,692.0,0
278,13,player,1,1105.9,434.5,1176.1,583.1,1141.0,583.1,0
278,15,player,1,1508.6,506.8,1593.6,678.4,1551.1,678.4,0
278,16,player,1,1722.1,568.4,1775.9,727.7,1749.0,727.7,0
278,24,player,0,1045.7,1087.0,1154.3,1359.9,1100.0,1359.9,0
278,27,player,0,425.2,783.1,553.9,996.6,489.6,996.6,0
278,30,player,0,240.6,421.8,302.4,568.5,271.5,568.5,0
278,31,player,0,256.6,300.9,310.2,430.5,283.4,430.5,0
278,32,player,1,145.2,518.0,243.5,678.8,194.4,678.8,0
278,33,player,1,137.9,711.4,239.3,907.8,188.6,907.8,1
279,-1,ball,-1,220.8,886.6,232.8,898.6,226.8,892.6,0
279,1,player,0,2507.0,1001.2,2648.2,1348.4,2577.6,1348.4,0
279,2,player,1,1845.3,725.7,1923.9,905.5,1884.6,905.5,0
279,3,player,0,1606.5,700.5,1701.5,882.3,1654.0,882.3,0
279,4,player,1,892.0,800.5,991.4,1021.9,941.7,1021.9,0
279,5,player,1,1755.5,995.3,1897.8,1222.5,1826.6,1222.5,0
279,6,player,1,2311.4,457.6,2394.6,589.3,2353.0,589.3,0
279,7,player,1,2505.2,1002.2,2594.4,1231.3,2549.8,1231.3,0
279,10,player,0,1601.4,542.3,1663.9,719.0,1632.6,719.0,0
279,12,player,1,994.3,529.5,1061.3,692.0,1027.8,692.0,0
279,13,player,1,1105.9,434.5,1176.1,583.1,1141.0,583.1,0
279,15,player,1,1508.7,506.8,1593.6,678.4,1551.2,678.4,0
279,16,player,1,1722.0,568.4,1775.9,727.7,1749.0,727.7,0
279,24,player,0,1045.7,1087.0,1154.3,1359.9,1100.0,1359.9,0
279,27,player,0,425.2,783.1,553.9,996.6,489.6,996.6,0
279,30,player,0,240.6,421.7,302.4,568.5,271.5,568.5,0
279,31,player,0,256.6,300.9,310.2,430.5,283.4,430.5,0
279,32,player,1,145.2,518.0,243.5,678.8,194.4,678.8,0
279,33,player,1,137.9,711.4,239.2,907.8,188.6,907.8,1
279,34,player,0,2542.4,1113.9,2647.9,1346.1,2595.2,1346.1,0
280,-1,ball,-1,220.9,886.6,232.9,898.6,226.9,892.6,0
280,1,player,0,2506.9,1001.3,2648.2,1348.5,2577.6,1348.5,0
280,2,player,1,1845.3,725.7,1923.9,905.5,1884.6,905.5,0
280,3,player,0,1607.1,700.5,1701.4,882.3,1654.2,882.3,0
280,4,player,1,892.1,800.5,991.4,1021.9,941.8,1021.9,0
280,5,player,1,1755.5,995.2,1897.8,1222.5,1826.6,1222.5,0
280,6,player,1,2311.5,457.9,2394.5,589.2,2353.0,589.2,0
280,7,player,1,2505.2,1002.2,2594.3,1231.2,2549.8,1231.2,0
280,10,player,0,1601.4,542.3,1663.9,719.1,1632.6,719.1,0
280,12,player,1,994.3,529.5,1061.3,692.0,1027.8,692.0,0
280,13,player,1,1105.9,434.5,1176.1,583.1,1141.0,583.1,0
280,15,player,1,1508.6,506.8,1593.6,678.4,1551.1,678.4,0
280,16,player,1,1722.0,568.3,1776.0,728.4,1749.0,728.4,0
280,24,player,0,1045.7,1087.0,1154.4,1359.8,1100.1,1359.8,0
280,27,player,0,425.2,783.1,553.9,996.6,489.6,996.6,0
280,30,player,0,240.6,421.7,302.4,568.5,271.5,568.5,0
280,31,player,0,256.6,300.9,310.2,430.4,283.4,430.4,0
280,32,player,1,145.4,517.9,243.5,678.8,194.4,678.8,0
280,33,player,1,137.8,711.3,239.3,907.8,188.6,907.8,1
280,34,player,0,2542.5,1113.9,2647.9,1346.1,2595.2,1346.1,0
281,-1,ball,-1,248.6,881.9,260.6,893.9,254.6,887.9,0
281,2,player,1,1870.4,725.2,1935.4,903.4,1902.9,903.4,0
281,3,player,0,1626.8,697.8,1716.7,881.0,1671.8,881.0,0
281,4,player,1,914.0,799.0,1019.8,1019.8,966.9,1019.8,0
281,5,player,1,1765.1,990.3,1914.4,1224.7,1839.8,1224.7,0
281,6,player,1,2338.1,456.6,2424.7,588.6,2381.4,588.6,0
281,7,player,1,2535.9,999.8,2620.2,1231.4,2578.0,1231.4,0
281,10,player,0,1625.4,540.8,1688.9,714.5,1657.2,714.5,0
281,12,player,1,1019.5,526.7,1078.8,690.1,1049.2,690.1,0
281,13,player,1,1133.5,432.9,1209.1,588.1,1171.3,588.1,0
281,15,player,1,1537.4,505.8,1606.5,674.8,1572.0,674.8,0
281,16,player,1,1747.1,565.8,1803.3,730.8,1775.2,730.8,0
281,24,player,0,1056.6,1086.5,1163.1,1353.6,1109.8,1353.6,0
281,27,player,0,455.4,778.4,577.9,993.6,516.6,993.6,0
281,30,player,0,274.0,422.7,335.2,565.8,304.6,565.8,0
281,31,player,0,287.8,298.6,340.5,426.0,314.2,426.0,0
281,32,player,1,173.0,517.3,271.0,674.5,222.0,674.5,0
281,33,player,1,168.5,708.8,267.0,904.2,217.8,904.2,1
281,34,player,0,2570.3,1114.9,2681.4,1347.1,2625.9,1347.1,0
282,-1,ball,-1,248.6,881.9,260.6,893.9,254.6,887.9,0
282,2,player,1,1870.3,725.2,1935.4,903.5,1902.8,903.5,0
282,3,player,0,1626.8,697.7,1716.7,880.9,1671.8,880.9,0
282,4,player,1,914.0,798.9,1019.8,1019.8,966.9,1019.8,0
282,5,player,1,1764.8,990.3,1914.3,1224.7,1839.6,1224.7,0
282,6,player,1,2338.1,456.7,2424.7,588.6,2381.4,588.6,0
282,7,player,1,2535.9,999.8,2620.2,1231.4,2578.0,1231.4,0
282,10,player,0,1625.3,540.9,1688.9,714.5,1657.1,714.5,0
282,12,player,1,1019.4,526.7,1078.9,690.1,1049.2,690.1,0
282,13,player,1,1133.5,432.9,1209.1,588.1,1171.3,588.1,0
282,15,player,1,1537.4,505.8,1606.5,674.8,1572.0,674.8,0
282,16,player,1,1747.0,565.8,1803.3,730.7,1775.2,730.7,0
282,24,player,0,1056.6,1086.5,1163.0,1353.6,1109.8,1353.6,0
282,27,player,0,455.3,778.3,578.4,993.5,516.8,993.5,0
282,30,player,0,274.0,422.8,335.2,565.7,304.6,565.7,0
282,31,player,0,287.8,298.7,340.4,425.9,314.1,425.9,0
282,32,player,1,173.1,517.1,270.8,674.6,222.0,674.6,0
282,33,player,1,168.5,708.9,267.0,904.2,217.8,904.2,1
282,34,player,0,2570.2,1114.9,2681.3,1347.1,2625.8,1347.1,0
283,-1,ball,-1,1225.2,569.2,1237.2,581.2,1231.2,575.2,0
283,2,player,1,1894.8,721.9,1955.2,902.3,1925.0,902.3,0
283,3,player,0,1650.3,695.2,1735.6,881.2,1693.0,881.2,0
283,4,player,1,940.0,798.1,1051.4,1017.1,995.7,1017.1,0
283,5,player,1,1776.1,989.5,1933.6,1223.1,1854.8,1223.1,0
283,6,player,1,2371.0,459.7,2459.6,587.9,2415.3,587.9,0
283,7,player,1,2565.0,998.2,2651.1,1226.3,2608.0,1226.3,0
283,10,player,0,1654.0,539.7,1722.0,711.7,1688.0,711.7,0
283,12,player,1,1044.0,525.9,1103.4,689.4,1073.7,689.4,0
283,13,player,1,1167.3,432.4,1242.6,587.6,1204.9,587.6,1
283,15,player,1,1564.3,504.0,1639.2,672.4,1601.8,672.4,0
283,16,player,1,1778.7,566.2,1830.1,723.4,1804.4,723.4,0
283,24,player,0,1069.9,1089.6,1177.4,1350.7,1123.6,1350.7,0
283,27,player,0,489.4,773.6,605.8,990.5,547.6,990.5,0
283,30,player,0,303.6,420.5,368.8,561.6,336.2,561.6,0
283,32,player,1,202.0,515.1,303.1,675.1,252.6,675.1,0
283,33,player,1,198.0,709.0,293.3,900.9,245.6,900.9,0
283,34,player,0,2598.1,1119.4,2715.3,1351.0,2656.7,1351.0,0
284,-1,ball,-1,1225.2,569.2,1237.2,581.2,1231.2,575.2,0
284,2,player,1,1894.7,721.9,1955.2,902.3,1925.0,902.3,0
284,3,player,0,1650.2,695.2,1735.7,881.1,1693.0,881.1,0
284,4,player,1,940.0,798.1,1051.4,1017.1,995.7,1017.1,0
284,5,player,1,1776.1,989.5,1933.7,1223.1,1854.9,1223.1,0
284,6,player,1,2371.0,459.7,2459.6,587.9,2415.3,587.9,0
284,7,player,1,2564.9,998.2,2651.2,1226.5,2608.0,1226.5,0
284,10,player,0,1654.0,539.7,1721.9,711.7,1688.0,711.7,0
284,12,player,1,1044.0,525.9,1103.4,689.3,1073.7,689.3,0
284,13,player,1,1167.2,432.1,1242.6,587.6,1204.9,587.6,1
284,15,player,1,1564.3,504.0,1639.1,672.4,1601.7,672.4,0
284,16,player,1,1778.7,566.2,1830.3,723.3,1804.5,723.3,0
284,24,player,0,1069.9,1089.6,1177.3,1350.8,1123.6,1350.8,0
284,27,player,0,489.4,773.6,605.8,990.5,547.6,990.5,0
284,30,player,0,303.6,420.5,368.8,561.6,336.2,561.6,0
284,32,player,1,202.0,515.1,303.1,675.1,252.6,675.1,0
284,33,player,1,198.0,709.0,293.4,900.9,245.7,900.9,0
284,34,player,0,2598.3,1119.6,2715.3,1351.0,2656.8,1351.0,0
285,-1,ball,-1,1225.2,569.2,1237.2,581.2,1231.2,575.2,0
285,2,player,1,1894.7,721.9,1955.2,902.3,1925.0,902.3,0
285,3,player,0,1650.2,695.2,1735.7,881.1,1693.0,881.1,0
285,4,player,1,940.0,798.1,1051.4,1017.1,995.7,1017.1,0
285,5,player,1,1776.1,989.5,1933.7,1223.1,1854.9,1223.1,0
285,6,player,1,2370.9,459.5,2459.5,587.8,2415.2,587.8,0
285,7,player,1,2564.9,998.2,2650.3,1225.6,2607.6,1225.6,0
285,10,player,0,1653.9,539.8,1722.0,711.7,1688.0,711.7,0
285,12,player,1,1044.0,525.9,1103.4,689.4,1073.7,689.4,0
285,13,player,1,1167.3,432.2,1242.7,587.6,1205.0,587.6,1
285,15,player,1,1564.3,504.0,1639.2,672.4,1601.8,672.4,0
285,16,player,1,1778.7,566.2,1830.3,723.2,1804.5,723.2,0
285,24,player,0,1070.0,1089.6,1177.4,1350.8,1123.7,1350.8,0
285,27,player,0,489.4,773.6,605.8,990.5,547.6,990.5,0
285,30,player,0,303.6,420.6,368.8,561.5,336.2,561.5,0
285,32,player,1,202.0,515.2,303.1,675.1,252.6,675.1,0
285,33,player,1,198.0,709.0,293.3,901.0,245.6,901.0,0
285,34,player,0,2598.0,1119.5,2715.4,1351.0,2656.7,1351.0,0
286,-1,ball,-1,301.5,872.4,313.5,884.4,307.5,878.4,0
286,2,player,1,1923.6,719.8,1986.1,901.3,1954.8,901.3,0
286,3,player,0,1699.4,695.8,1759.0,879.6,1729.2,879.6,0
286,4,player,1,972.8,797.4,1085.1,1012.7,1028.9,1012.7,0
286,5,player,1,1783.0,990.1,1950.7,1222.4,1866.8,1222.4,0
286,6,player,1,2406.4,459.4,2490.6,585.3,2448.5,585.3,0
286,7,player,1,2598.5,996.8,2681.4,1226.4,2640.0,1226.4,0
286,10,player,0,1683.3,538.2,1752.2,711.1,1717.8,711.1,0
286,12,player,1,1071.1,525.9,1135.7,687.7,1103.4,687.7,0
286,13,player,1,1201.4,433.3,1274.7,583.8,1238.1,583.8,0
286,15,player,1,1594.9,502.2,1662.5,671.8,1628.7,671.8,0
286,16,player,1,1810.8,563.4,1862.6,721.1,1836.7,721.1,0
286,24,player,0,1081.9,1093.9,1194.3,1351.8,1138.1,1351.8,0
286,27,player,0,522.6,769.7,626.7,986.1,574.7,986.1,0
286,30,player,0,342.9,417.8,404.9,560.7,373.9,560.7,0
286,32,player,1,235.8,512.9,331.5,673.3,283.6,673.3,0
286,33,player,1,230.9,706.8,316.9,901.1,273.9,901.1,1
286,34,player,0,2624.4,1118.3,2753.3,1355.1,2688.9,1355.1,0
287,-1,ball,-1,301.5,872.4,313.5,884.4,307.5,878.4,0
287,2,player,1,1923.6,719.8,1986.1,901.3,1954.8,901.3,0
287,3,player,0,1699.3,695.8,1759.0,879.6,1729.2,879.6,0
287,4,player,1,972.8,797.4,1085.2,1012.6,1029.0,1012.6,0
287,5,player,1,1783.0,990.0,1951.0,1222.5,1867.0,1222.5,0
287,6,player,1,2406.4,459.2,2490.6,585.3,2448.5,585.3,0
287,7,player,1,2598.5,996.8,2681.4,1226.5,2640.0,1226.5,0
287,10,player,0,1683.3,538.2,1752.2,711.1,1717.8,711.1,0
287,12,player,1,1071.3,525.9,1135.7,687.6,1103.5,687.6,0
287,13,player,1,1201.5,433.3,1274.7,583.7,1238.1,583.7,0
287,15,player,1,1594.9,502.2,1662.6,671.9,1628.8,671.9,0
287,16,player,1,1810.9,563.4,1862.6,721.2,1836.8,721.2,0
287,24,player,0,1081.9,1093.9,1194.3,1351.8,1138.1,1351.8,0
287,27,player,0,522.6,769.8,626.6,986.1,574.6,986.1,0
287,30,player,0,343.0,417.8,404.9,560.7,374.0,560.7,0
287,32,player,1,235.8,512.9,331.6,673.4,283.7,673.4,0
287,33,player,1,230.8,706.8,316.9,901.0,273.8,901.0,1
287,34,player,0,2624.4,1118.3,2753.3,1355.1,2688.9,1355.1,0
288,-1,ball,-1,301.4,872.4,313.4,884.4,307.4,878.4,0
288,2,player,1,1923.6,719.8,1986.1,901.2,1954.8,901.2,0
288,3,player,0,1699.5,695.8,1759.1,879.6,1729.3,879.6,0
288,4,player,1,972.7,797.5,1085.1,1012.7,1028.9,1012.7,0
288,5,player,1,1783.1,990.1,1951.1,1222.4,1867.1,1222.4,0
288,6,player,1,2406.4,459.5,2490.6,585.3,2448.5,585.3,0
288,7,player,1,2598.4,996.8,2681.4,1225.7,2639.9,1225.7,0
288,10,player,0,1683.2,538.2,1752.2,711.2,1717.7,711.2,0
288,12,player,1,1071.1,526.0,1135.7,687.7,1103.4,687.7,0
288,13,player,1,1201.5,433.3,1274.8,583.7,1238.2,583.7,0
288,15,player,1,1594.9,502.2,1662.5,671.9,1628.7,671.9,0
288,16,player,1,1810.9,563.5,1862.6,721.2,1836.8,721.2,0
288,24,player,0,1081.9,1093.9,1194.3,1351.8,1138.1,1351.8,0
288,27,player,0,522.6,769.8,626.6,986.1,574.6,986.1,0
288,30,player,0,342.9,417.8,404.9,560.7,373.9,560.7,0
288,32,player,1,235.7,512.9,331.6,673.4,283.6,673.4,0
288,33,player,1,230.7,706.9,317.1,901.1,273.9,901.1,1
288,34,player,0,2624.4,1118.2,2753.3,1355.1,2688.9,1355.1,0
289,-1,ball,-1,1866.5,712.2,1878.5,724.2,1872.5,718.2,0
289,2,player,1,1949.3,716.4,2019.6,902.8,1984.4,902.8,0
289,3,player,0,1714.8,689.4,1792.4,878.9,1753.6,878.9,0
289,4,player,1,1007.7,795.7,1117.5,1011.5,1062.6,1011.5,0
289,5,player,1,1809.3,995.1,1964.3,1224.9,1886.8,1224.9,0
289,6,player,1,2443.1,448.4,2521.4,584.5,2482.2,584.5,0
289,7,player,1,2632.8,996.7,2714.5,1222.3,2673.6,1222.3,0
289,10,player,0,1714.2,537.3,1783.1,705.8,1748.6,705.8,0
289,12,player,1,1096.7,524.7,1170.0,687.4,1133.4,687.4,0
289,13,player,1,1236.7,431.2,1308.0,583.0,1272.4,583.0,0
289,15,player,1,1627.3,502.2,1681.0,666.1,1654.2,666.1,0
289,16,player,1,1841.2,562.7,1889.6,709.0,1865.4,709.0,1
289,24,player,0,1094.2,1101.0,1208.4,1351.4,1151.3,1351.4,0
289,27,player,0,559.1,765.2,647.3,983.7,603.2,983.7,0
289,32,player,1,270.9,512.0,356.7,669.8,313.8,669.8,0
289,33,player,1,261.1,704.8,341.7,899.0,301.4,899.0,0
289,34,player,0,2654.9,1121.3,2787.9,1358.7,2721.4,1358.7,0
290,-1,ball,-1,1899.5,713.4,1911.5,725.4,1905.5,719.4,0
290,2,player,1,1968.5,712.3,2053.4,901.8,2011.0,901.8,0
290,3,player,0,1747.5,691.7,1825.4,875.7,1786.4,875.7,0
290,4,player,1,1037.6,795.3,1145.9,1010.3,1091.8,1010.3,0
290,5,player,1,1833.0,997.0,1965.1,1225.4,1899.0,1225.4,0
290,6,player,1,2478.5,448.6,2551.9,581.7,2515.2,581.7,0
290,7,player,1,2665.3,996.3,2746.9,1219.5,2706.1,1219.5,0
290,10,player,0,1746.2,536.8,1823.0,711.9,1784.6,711.9,0
290,12,player,1,1121.4,523.8,1204.6,686.3,1163.0,686.3,0
290,13,player,1,1267.2,430.5,1343.4,582.4,1305.3,582.4,0
290,16,player,1,1872.9,562.4,1922.0,712.7,1897.4,712.7,1
290,24,player,0,1108.0,1102.9,1233.6,1349.4,1170.8,1349.4,0
290,27,player,0,587.9,763.4,676.8,981.8,632.3,981.8,0
290,32,player,1,307.1,510.3,383.4,666.1,345.2,666.1,0
290,33,player,1,292.6,703.8,367.7,897.9,330.2,897.9,0
290,34,player,0,2677.9,1119.3,2823.5,1364.6,2750.7,1364.6,0
291,-1,ball,-1,1899.5,713.4,1911.5,725.4,1905.5,719.4,0
291,2,player,1,1968.5,712.3,2053.4,901.8,2011.0,901.8,0
291,3,player,0,1747.5,691.7,1825.5,875.7,1786.5,875.7,0
291,4,player,1,1037.6,795.3,1145.9,1010.3,1091.8,1010.3,0
291,5,player,1,1833.0,997.0,1965.0,1225.4,1899.0,1225.4,0
291,6,player,1,2478.5,448.5,2551.9,581.7,2515.2,581.7,0
291,7,player,1,2665.3,996.3,2746.9,1219.5,2706.1,1219.5,0
291,10,player,0,1746.3,536.8,1823.0,711.9,1784.6,711.9,0
291,12,player,1,1121.3,523.8,1204.6,686.3,1162.9,686.3,0
291,13,player,1,1267.3,430.5,1343.4,582.4,1305.4,582.4,0
291,16,player,1,1872.9,562.4,1922.0,712.6,1897.4,712.6,1
291,24,player,0,1108.0,1102.9,1233.6,1349.4,1170.8,1349.4,0
291,27,player,0,587.9,763.4,676.9,981.8,632.4,981.8,0
291,32,player,1,307.1,510.4,383.4,666.0,345.2,666.0,0
291,33,player,1,292.5,703.8,367.7,897.9,330.1,897.9,0
291,34,player,0,2677.9,1119.3,2823.5,1364.6,2750.7,1364.6,0
291,35,player,0,415.8,416.7,472.2,553.8,444.0,553.8,0
292,-1,ball,-1,1899.5,713.3,1911.5,725.3,1905.5,719.3,0
292,2,player,1,1968.5,712.3,2053.4,901.8,2011.0,901.8,0
292,3,player,0,1747.5,691.5,1825.5,875.7,1786.5,875.7,0
292,4,player,1,1037.6,795.3,1145.8,1010.2,1091.7,1010.2,0
292,5,player,1,1833.0,997.0,1965.2,1225.3,1899.1,1225.3,0
292,6,player,1,2478.4,448.4,2551.9,581.8,2515.2,581.8,0
292,7,player,1,2665.3,996.2,2746.9,1220.0,2706.1,1220.0,0
292,10,player,0,1746.2,536.7,1823.0,712.0,1784.6,712.0,0
292,12,player,1,1121.4,523.8,1204.6,686.3,1163.0,686.3,0
292,13,player,1,1267.2,430.5,1343.4,582.5,1305.3,582.5,0
292,15,player,1,1656.9,500.5,1712.4,649.9,1684.6,649.9,0
292,16,player,1,1872.9,562.4,1921.9,712.6,1897.4,712.6,1
292,24,player,0,1108.0,1102.9,1233.6,1349.4,1170.8,1349.4,0
292,27,player,0,587.9,763.4,676.9,981.8,632.4,981.8,0
292,32,player,1,307.0,510.4,383.4,665.9,345.2,665.9,0
292,33,player,1,292.6,703.9,367.7,897.9,330.2,897.9,0
292,34,player,0,2678.0,1119.3,2823.5,1364.6,2750.8,1364.6,0
292,35,player,0,415.7,416.5,472.5,553.8,444.1,553.8,0
293,-1,ball,-1,1899.5,713.4,1911.5,725.4,1905.5,719.4,0
293,2,player,1,1968.3,712.2,2053.4,901.8,2010.8,901.8,0
293,3,player,0,1747.4,691.4,1825.5,875.7,1786.4,875.7,0
293,4,player,1,1037.8,795.2,1145.9,1010.3,1091.8,1010.3,0
293,5,player,1,1833.2,997.1,1965.2,1225.4,1899.2,1225.4,0
293,6,player,1,2478.4,448.4,2551.9,581.8,2515.2,581.8,0
293,7,player,1,2665.3,996.2,2746.9,1220.1,2706.1,1220.1,0
293,10,player,0,1746.2,536.8,1823.0,712.0,1784.6,712.0,0
293,12,player,1,1121.3,523.8,1204.6,686.3,1162.9,686.3,0
293,13,player,1,1267.2,430.5,1343.4,582.4,1305.3,582.4,0
293,15,player,1,1657.1,500.7,1711.9,644.5,1684.5,644.5,0
293,16,player,1,1872.9,562.4,1922.0,712.9,1897.4,712.9,1
293,24,player,0,1107.9,1102.8,1233.6,1349.4,1170.8,1349.4,0
293,27,player,0,588.0,763.3,676.9,981.8,632.4,981.8,0
293,32,player,1,307.0,510.3,383.4,666.0,345.2,666.0,0
293,33,player,1,292.6,704.0,367.7,897.8,330.2,897.8,0
293,34,player,0,2678.0,1119.3,2823.5,1364.6,2750.8,1364.6,0
293,35,player,0,415.8,416.5,472.5,553.8,444.2,553.8,0
294,-1,ball,-1,1147.8,987.3,1159.8,999.3,1153.8,993.3,0
294,2,player,1,2000.8,710.5,2085.7,901.6,2043.2,901.6,0
294,3,player,0,1762.1,694.3,1858.6,876.9,1810.4,876.9,0
294,4,player,1,1064.6,794.7,1167.7,1008.6,1116.2,1008.6,1
294,5,player,1,1843.5,998.0,1963.7,1225.5,1903.6,1225.5,0
294,6,player,1,2517.5,451.3,2580.1,581.9,2548.8,581.9,0
294,7,player,1,2698.3,997.1,2776.2,1220.4,2737.2,1220.4,0
294,10,player,0,1791.1,536.7,1853.0,711.6,1822.0,711.6,0
294,12,player,1,1148.8,523.4,1239.0,686.3,1193.9,686.3,0
294,13,player,1,1301.9,431.0,1375.4,579.6,1338.6,579.6,0
294,15,player,1,1688.6,500.9,1741.2,661.5,1714.9,661.5,0
294,16,player,1,1903.8,562.2,1956.6,706.8,1930.2,706.8,0
294,24,player,0,1126.9,1099.9,1266.9,1347.3,1196.9,1347.3,0
294,27,player,0,618.2,761.8,708.1,980.6,663.2,980.6,0
294,32,player,1,342.1,509.5,411.1,668.6,376.6,668.6,0
294,33,player,1,321.9,701.9,399.6,896.1,360.8,896.1,0
294,34,player,0,2700.4,1120.5,2855.2,1366.7,2777.8,1366.7,0
295,-1,ball,-1,1875.3,699.6,1887.3,711.6,1881.3,705.6,0
295,2,player,1,2030.5,707.9,2115.1,901.1,2072.8,901.1,0
295,3,player,0,1782.3,691.5,1891.8,877.6,1837.0,877.6,0
295,4,player,1,1089.0,793.2,1187.8,1006.7,1138.4,1006.7,0
295,5,player,1,1857.4,996.7,1954.1,1225.9,1905.8,1225.9,0
295,6,player,1,2550.4,447.5,2611.0,578.0,2580.7,578.0,0
295,7,player,1,2721.1,1000.6,2811.5,1231.2,2766.3,1231.2,0
295,10,player,0,1821.6,536.5,1893.0,713.4,1857.3,713.4,1
295,12,player,1,1176.7,523.3,1271.1,686.3,1223.9,686.3,0
295,13,player,1,1335.1,430.5,1401.4,580.2,1368.2,580.2,0
295,15,player,1,1716.8,499.3,1773.2,668.1,1745.0,668.1,0
295,16,player,1,1933.8,561.9,1991.5,715.5,1962.6,715.5,0
295,24,player,0,1138.8,1093.4,1289.2,1345.9,1214.0,1345.9,0
295,27,player,0,649.3,761.6,735.6,978.3,692.4,978.3,0
295,32,player,1,372.1,506.4,445.6,658.1,408.8,658.1,0
295,33,player,1,350.0,702.5,433.3,896.4,391.6,896.4,0
295,34,player,0,2754.0,1120.2,2879.1,1369.9,2816.6,1369.9,0
296,-1,ball,-1,1875.3,699.6,1887.3,711.6,1881.3,705.6,0
296,2,player,1,2030.5,707.9,2115.0,901.2,2072.8,901.2,0
296,3,player,0,1782.3,691.5,1891.9,877.6,1837.1,877.6,0
296,4,player,1,1089.0,793.2,1187.8,1006.4,1138.4,1006.4,0
296,5,player,1,1857.5,996.7,1954.1,1225.9,1905.8,1225.9,0
296,6,player,1,2550.4,447.4,2611.1,578.0,2580.8,578.0,0
296,7,player,1,2721.2,1000.5,2811.5,1231.2,2766.4,1231.2,0
296,10,player,0,1821.6,536.5,1893.0,713.4,1857.3,713.4,1
296,12,player,1,1176.5,523.4,1271.1,686.3,1223.8,686.3,0
296,13,player,1,1335.2,430.5,1401.4,580.2,1368.3,580.2,0
296,15,player,1,1716.8,499.3,1773.2,668.1,1745.0,668.1,0
296,16,player,1,1933.8,561.9,1991.5,715.5,1962.6,715.5,0
296,24,player,0,1138.8,1093.4,1289.2,1345.9,1214.0,1345.9,0
296,27,player,0,649.3,761.7,735.6,978.3,692.4,978.3,0
296,32,player,1,372.0,506.6,445.7,658.4,408.8,658.4,0
296,33,player,1,349.9,702.6,433.3,896.4,391.6,896.4,0
296,34,player,0,2754.1,1120.1,2879.1,1369.9,2816.6,1369.9,0
296,36,player,0,483.4,410.6,542.3,552.8,512.8,552.8,0
297,-1,ball,-1,1875.3,699.5,1887.3,711.5,1881.3,705.5,0
297,2,player,1,2030.2,707.9,2115.1,901.3,2072.6,901.3,0
297,3,player,0,1782.4,691.5,1891.8,877.5,1837.1,877.5,0
297,4,player,1,1089.0,793.2,1187.8,1006.1,1138.4,1006.1,0
297,5,player,1,1857.4,996.7,1954.0,1225.8,1905.7,1225.8,0
297,6,player,1,2550.5,448.5,2611.3,577.8,2580.9,577.8,0
297,7,player,1,2720.4,1000.6,2811.6,1231.4,2766.0,1231.4,0
297,10,player,0,1821.6,536.5,1893.1,713.4,1857.4,713.4,1
297,12,player,1,1176.8,523.3,1271.3,686.3,1224.0,686.3,0
297,13,player,1,1335.3,430.5,1401.5,580.3,1368.4,580.3,0
297,15,player,1,1716.8,499.4,1773.3,668.1,1745.0,668.1,0
297,16,player,1,1933.8,562.0,1991.5,715.4,1962.6,715.4,0
297,24,player,0,1138.8,1093.5,1289.2,1345.9,1214.0,1345.9,0
297,27,player,0,648.5,761.6,735.6,978.3,692.0,978.3,0
297,32,player,1,372.1,506.8,445.6,658.1,408.8,658.1,0
297,33,player,1,349.9,702.5,433.3,896.4,391.6,896.4,0
297,34,player,0,2754.9,1120.2,2879.1,1370.0,2817.0,1370.0,0
297,36,player,0,483.4,410.6,542.3,552.8,512.8,552.8,0
298,-1,ball,-1,1908.2,699.2,1920.2,711.2,1914.2,705.2,0
298,2,player,1,2060.6,706.9,2139.3,899.5,2100.0,899.5,0
298,3,player,0,1807.4,691.7,1923.8,877.1,1865.6,877.1,0
298,4,player,1,1112.7,790.7,1206.5,1003.6,1159.6,1003.6,0
298,5,player,1,1858.8,991.3,1985.0,1227.3,1921.9,1227.3,0
298,6,player,1,2584.4,440.3,2647.8,580.7,2616.1,580.7,0
298,7,player,1,2738.6,1002.1,2840.7,1232.1,2789.6,1232.1,0
298,10,player,0,1850.5,535.1,1915.9,707.4,1883.2,707.4,1
298,12,player,1,1213.5,523.5,1304.1,685.3,1258.8,685.3,0
298,13,player,1,1367.1,428.9,1426.1,576.5,1396.6,576.5,0
298,15,player,1,1747.0,500.8,1803.9,668.1,1775.4,668.1,0
298,16,player,1,1958.7,563.7,2022.5,718.3,1990.6,718.3,0
298,24,player,0,1144.3,1089.7,1305.4,1334.4,1224.8,1334.4,0
298,27,player,0,667.3,761.0,764.6,977.8,716.0,977.8,0
298,32,player,1,411.4,505.6,481.6,667.2,446.5,667.2,0
298,33,player,1,377.9,701.5,465.5,895.6,421.7,895.6,0
298,34,player,0,2780.3,1125.1,2879.4,1371.6,2829.9,1371.6,0
298,36,player,0,513.3,408.5,577.1,553.4,545.2,553.4,0
299,-1,ball,-1,1908.2,699.2,1920.2,711.2,1914.2,705.2,0
299,2,player,1,2060.4,706.8,2139.4,899.4,2099.9,899.4,0
299,3,player,0,1808.2,691.7,1923.8,877.1,1866.0,877.1,0
299,4,player,1,1112.7,791.0,1206.5,1003.6,1159.6,1003.6,0
299,5,player,1,1859.0,991.2,1984.9,1227.3,1922.0,1227.3,0
299,6,player,1,2583.2,435.6,2648.0,580.6,2615.6,580.6,0
299,7,player,1,2738.6,1002.1,2840.7,1232.2,2789.6,1232.2,0
299,10,player,0,1850.6,534.9,1916.2,707.5,1883.4,707.5,1
299,12,player,1,1213.8,523.5,1304.1,685.3,1258.9,685.3,0
299,13,player,1,1367.1,428.9,1426.1,576.6,1396.6,576.6,0
299,15,player,1,1747.0,500.8,1803.9,668.0,1775.4,668.0,0
299,16,player,1,1958.7,563.7,2022.5,718.2,1990.6,718.2,0
299,24,player,0,1144.3,1089.7,1305.4,1334.4,1224.8,1334.4,0
299,27,player,0,667.9,761.0,764.7,977.7,716.3,977.7,0
299,32,player,1,411.5,505.6,481.6,667.2,446.6,667.2,0
299,33,player,1,377.9,701.5,465.6,895.7,421.8,895.7,0
299,34,player,0,2780.2,1125.1,2879.4,1371.6,2829.8,1371.6,0
299,36,player,0,513.3,408.5,577.2,553.5,545.2,553.5,0
300,-1,ball,-1,1309.2,667.0,1321.2,679.0,1315.2,673.0,0
300,2,player,1,2078.8,705.7,2160.4,896.7,2119.6,896.7,0
300,3,player,0,1838.5,691.9,1953.8,876.2,1896.2,876.2,0
300,4,player,1,1135.3,788.2,1220.9,1001.9,1178.1,1001.9,0
300,5,player,1,1867.0,986.1,2009.9,1225.3,1938.4,1225.3,0
300,6,player,1,2618.5,440.5,2682.4,583.7,2650.4,583.7,0
300,7,player,1,2764.3,1004.6,2871.7,1230.7,2818.0,1230.7,0
300,10,player,0,1880.5,533.1,1936.3,702.8,1908.4,702.8,0
300,12,player,1,1237.5,523.3,1329.6,684.9,1283.6,684.9,1
300,13,player,1,1396.6,430.4,1451.5,575.4,1424.0,575.4,0
300,15,player,1,1777.1,501.4,1836.4,669.4,1806.8,669.4,0
300,16,player,1,1988.7,564.9,2057.0,716.2,2022.8,716.2,0
300,24,player,0,1165.5,1086.5,1316.2,1323.3,1240.8,1323.3,0
300,27,player,0,689.1,760.9,795.2,976.5,742.2,976.5,0
300,32,player,1,436.5,504.2,515.5,665.3,476.0,665.3,0
300,33,player,1,401.8,704.0,496.3,893.2,449.0,893.2,0
300,34,player,0,2764.1,1121.4,2879.2,1375.5,2821.6,1375.5,0
300,36,player,0,546.6,404.7,611.5,552.8,579.0,552.8,0
301,-1,ball,-1,1309.2,666.9,1321.2,678.9,1315.2,672.9,0
301,2,player,1,2078.8,705.7,2160.4,896.7,2119.6,896.7,0
301,3,player,0,1838.7,691.9,1953.8,876.2,1896.2,876.2,0
301,4,player,1,1135.3,788.2,1220.9,1001.9,1178.1,1001.9,0
301,5,player,1,1867.2,986.1,2009.9,1225.3,1938.6,1225.3,0
301,6,player,1,2618.6,440.6,2682.4,583.7,2650.5,583.7,0
301,7,player,1,2764.3,1004.6,2871.9,1230.7,2818.1,1230.7,0
301,10,player,0,1880.5,533.1,1937.9,703.3,1909.2,703.3,0
301,12,player,1,1237.5,523.3,1329.6,684.9,1283.6,684.9,1
301,13,player,1,1396.5,430.4,1451.1,575.5,1423.8,575.5,0
301,15,player,1,1777.1,501.4,1836.4,669.4,1806.8,669.4,0
301,16,player,1,1988.7,564.9,2056.9,716.3,2022.8,716.3,0
301,24,player,0,1165.5,1086.5,1316.2,1323.3,1240.8,1323.3,0
301,27,player,0,689.1,760.9,795.2,976.5,742.2,976.5,0
301,32,player,1,436.4,504.2,515.5,665.3,476.0,665.3,0
301,33,player,1,401.7,703.9,496.3,893.3,449.0,893.3,0
301,34,player,0,2764.1,1121.3,2879.2,1375.5,2821.6,1375.5,0
301,36,player,0,546.6,404.4,611.5,552.8,579.0,552.8,0
302,-1,ball,-1,2000.9,193.4,2012.9,205.4,2006.9,199.4,0
302,2,player,1,2101.3,705.9,2179.1,894.5,2140.2,894.5,0
302,3,player,0,1871.4,691.7,1982.4,876.8,1926.9,876.8,0
302,4,player,1,1159.5,787.0,1247.8,1000.1,1203.6,1000.1,0
302,5,player,1,1883.3,983.7,2028.2,1225.6,1955.8,1225.6,0
302,6,player,1,2653.2,436.3,2717.4,585.0,2685.3,585.0,0
302,7,player,1,2798.2,1006.2,2879.2,1272.3,2838.7,1272.3,0
302,10,player,0,1910.2,533.4,1976.3,709.7,1943.2,709.7,0
302,12,player,1,1269.3,522.5,1355.1,685.2,1312.2,685.2,0
302,13,player,1,1423.2,430.4,1476.1,574.3,1449.6,574.3,0
302,15,player,1,1796.5,502.2,1871.8,671.3,1834.2,671.3,0
302,16,player,1,2014.6,566.3,2089.6,717.8,2052.1,717.8,0
302,24,player,0,1193.6,1084.6,1318.5,1321.1,1256.0,1321.1,0
302,27,player,0,717.8,760.9,823.8,976.8,770.8,976.8,0
302,32,player,1,457.5,505.3,546.6,665.5,502.0,665.5,0
302,33,player,1,424.8,700.9,530.4,891.5,477.6,891.5,0
302,36,player,0,578.7,405.2,644.2,553.0,611.4,553.0,0
303,-1,ball,-1,2000.8,193.4,2012.8,205.4,2006.8,199.4,0
303,2,player,1,2101.4,705.9,2179.1,894.5,2140.2,894.5,0
303,3,player,0,1871.4,691.7,1982.4,876.7,1926.9,876.7,0
303,4,player,1,1159.5,787.0,1247.6,999.8,1203.6,999.8,0
303,5,player,1,1883.3,983.7,2028.4,1225.7,1955.8,1225.7,0
303,6,player,1,2653.2,436.3,2717.4,585.0,2685.3,585.0,0
303,7,player,1,2798.2,1006.2,2879.2,1278.0,2838.7,1278.0,0
303,10,player,0,1910.2,533.4,1976.3,709.7,1943.2,709.7,0
303,12,player,1,1269.4,522.5,1355.1,685.2,1312.2,685.2,0
303,13,player,1,1423.2,430.4,1476.1,574.3,1449.6,574.3,0
303,15,player,1,1796.5,502.2,1871.8,671.3,1834.2,671.3,0
303,16,player,1,2014.6,566.3,2089.6,717.9,2052.1,717.9,0
303,24,player,0,1193.6,1084.6,1318.4,1321.0,1256.0,1321.0,0
303,27,player,0,717.8,760.8,823.8,976.9,770.8,976.9,0
303,32,player,1,457.5,505.3,546.6,665.5,502.0,665.5,0
303,33,player,1,424.8,700.9,530.4,891.5,477.6,891.5,0
303,36,player,0,578.7,405.2,644.2,553.0,611.4,553.0,0
304,-1,ball,-1,2000.9,193.4,2012.9,205.4,2006.9,199.4,0
304,2,player,1,2101.3,705.9,2179.1,894.5,2140.2,894.5,0
304,3,player,0,1871.4,691.7,1982.4,876.8,1926.9,876.8,0
304,4,player,1,1159.5,787.0,1247.8,1000.1,1203.6,1000.1,0
304,5,player,1,1883.3,983.7,2028.2,1225.7,1955.8,1225.7,0
304,6,player,1,2653.2,436.3,2717.4,585.0,2685.3,585.0,0
304,7,player,1,2798.2,1006.2,2879.2,1282.1,2838.7,1282.1,0
304,10,player,0,1910.2,533.4,1976.3,709.7,1943.2,709.7,0
304,12,player,1,1269.3,522.4,1355.2,685.2,1312.2,685.2,0
304,13,player,1,1423.2,430.4,1476.1,574.3,1449.6,574.3,0
304,15,player,1,1796.5,502.2,1871.8,671.3,1834.2,671.3,0
304,16,player,1,2014.6,566.3,2089.6,717.8,2052.1,717.8,0
304,24,player,0,1193.7,1084.6,1318.4,1321.1,1256.1,1321.1,0
304,27,player,0,717.7,760.8,823.9,976.9,770.8,976.9,0
304,32,player,1,457.5,505.3,546.6,665.5,502.0,665.5,0
304,33,player,1,424.8,700.9,530.4,891.5,477.6,891.5,0
304,36,player,0,578.7,405.2,644.2,553.0,611.4,553.0,0
305,-1,ball,-1,2043.4,715.9,2055.4,727.9,2049.4,721.9,0
305,2,player,1,2125.5,704.0,2201.6,893.5,2163.6,893.5,0
305,3,player,0,1903.4,692.7,2008.4,875.7,1955.9,875.7,0
305,4,player,1,1185.6,785.2,1279.6,999.7,1232.6,999.7,0
305,5,player,1,1877.1,982.3,2046.0,1222.1,1961.6,1222.1,0
305,6,player,1,2686.7,432.9,2754.0,585.8,2720.4,585.8,0
305,10,player,0,1938.8,534.2,1993.2,705.8,1966.0,705.8,0
305,12,player,1,1314.1,522.1,1374.4,681.3,1344.2,681.3,0
305,13,player,1,1456.2,430.9,1500.8,573.6,1478.5,573.6,0
305,15,player,1,1818.9,504.4,1905.5,671.7,1862.2,671.7,0
305,16,player,1,2038.5,568.9,2122.0,723.8,2080.2,723.8,1
305,24,player,0,1216.1,1082.0,1315.4,1320.3,1265.8,1320.3,0
305,27,player,0,751.6,760.1,854.7,975.6,803.2,975.6,0
305,32,player,1,486.4,506.8,583.5,664.6,535.0,664.6,0
305,33,player,1,458.3,704.5,563.8,892.8,511.0,892.8,0
305,36,player,0,610.6,405.6,676.8,552.6,643.7,552.6,0
306,-1,ball,-1,2043.4,715.9,2055.4,727.9,2049.4,721.9,0
306,2,player,1,2125.5,704.0,2201.7,893.5,2163.6,893.5,0
306,3,player,0,1903.4,692.7,2008.4,875.8,1955.9,875.8,0
306,4,player,1,1185.6,785.2,1279.6,999.7,1232.6,999.7,0
306,5,player,1,1877.1,982.3,2045.9,1222.1,1961.5,1222.1,0
306,6,player,1,2686.5,432.4,2754.1,585.9,2720.3,585.9,0
306,7,player,1,2833.5,1008.3,2879.2,1240.5,2856.4,1240.5,0
306,10,player,0,1938.9,534.2,1993.2,705.7,1966.0,705.7,0
306,12,player,1,1314.1,522.1,1374.5,681.3,1344.3,681.3,0
306,13,player,1,1455.7,430.9,1500.8,573.6,1478.2,573.6,0
306,15,player,1,1818.9,504.4,1905.5,671.7,1862.2,671.7,0
306,16,player,1,2038.6,568.9,2122.8,723.2,2080.7,723.2,1
306,24,player,0,1216.1,1081.9,1315.4,1320.3,1265.8,1320.3,0
306,27,player,0,751.6,760.1,854.0,976.0,802.8,976.0,0
306,32,player,1,486.5,506.8,583.5,664.6,535.0,664.6,0
306,33,player,1,458.3,704.6,563.8,892.9,511.0,892.9,0
306,36,player,0,610.6,405.5,677.2,552.3,643.9,552.3,0
307,-1,ball,-1,2067.4,194.7,2079.4,206.7,2073.4,200.7,0
307,2,player,1,2147.1,706.1,2235.3,893.6,2191.2,893.6,0
307,3,player,0,1935.0,690.4,2032.0,875.5,1983.5,875.5,0
307,4,player,1,1212.9,784.5,1308.9,999.0,1260.9,999.0,0
307,5,player,1,1888.0,985.5,2059.2,1225.2,1973.6,1225.2,0
307,6,player,1,2719.6,434.5,2788.3,586.6,2754.0,586.6,0
307,10,player,0,1967.7,535.8,2020.1,705.7,1993.9,705.7,0
307,12,player,1,1340.5,522.4,1397.9,683.4,1369.2,683.4,0
307,13,player,1,1469.8,428.9,1531.5,575.3,1500.6,575.3,0
307,15,player,1,1845.6,504.8,1939.0,672.3,1892.3,672.3,0
307,16,player,1,2076.6,572.1,2151.1,716.5,2113.8,716.5,0
307,24,player,0,1235.6,1077.7,1321.2,1321.4,1278.4,1321.4,0
307,27,player,0,784.6,757.7,892.3,974.0,838.4,974.0,0
307,32,player,1,518.9,506.6,615.3,666.2,567.1,666.2,0
307,33,player,1,489.5,704.0,595.3,893.5,542.4,893.5,0
307,36,player,0,644.4,408.9,710.9,551.7,677.6,551.7,0
308,-1,ball,-1,2067.4,194.7,2079.4,206.7,2073.4,200.7,0
308,2,player,1,2147.1,706.0,2235.2,893.7,2191.1,893.7,0
308,3,player,0,1934.9,690.4,2032.0,875.4,1983.4,875.4,0
308,4,player,1,1212.9,784.5,1309.0,999.0,1261.0,999.0,0
308,5,player,1,1888.1,985.5,2059.4,1225.2,1973.8,1225.2,0
308,6,player,1,2719.1,435.1,2788.0,586.7,2753.6,586.7,0
308,10,player,0,1967.7,535.8,2020.1,705.7,1993.9,705.7,0
308,12,player,1,1340.5,522.4,1397.8,683.4,1369.2,683.4,0
308,13,player,1,1469.9,428.8,1531.5,575.3,1500.7,575.3,0
308,15,player,1,1845.6,504.8,1939.0,672.3,1892.3,672.3,0
308,16,player,1,2076.5,572.1,2151.1,716.7,2113.8,716.7,0
308,24,player,0,1235.6,1077.7,1321.3,1321.3,1278.4,1321.3,0
308,27,player,0,784.9,757.8,892.4,974.1,838.6,974.1,0
308,32,player,1,518.9,506.6,615.3,666.2,567.1,666.2,0
308,33,player,1,489.6,704.5,595.2,893.5,542.4,893.5,0
308,36,player,0,644.4,408.9,711.0,551.7,677.7,551.7,0
309,-1,ball,-1,2067.4,194.7,2079.4,206.7,2073.4,200.7,0
309,2,player,1,2147.1,706.0,2235.3,893.6,2191.2,893.6,0
309,3,player,0,1935.0,690.4,2032.1,875.3,1983.6,875.3,0
309,4,player,1,1212.9,784.5,1308.9,999.0,1260.9,999.0,0
309,5,player,1,1888.1,985.5,2059.3,1225.2,1973.7,1225.2,0
309,6,player,1,2719.1,435.1,2788.0,586.7,2753.6,586.7,0
309,10,player,0,1967.6,535.8,2020.2,705.7,1993.9,705.7,0
309,12,player,1,1340.6,522.4,1397.8,683.4,1369.2,683.4,0
309,13,player,1,1469.9,428.8,1531.5,575.3,1500.7,575.3,0
309,15,player,1,1845.6,504.8,1939.0,672.3,1892.3,672.3,0
309,16,player,1,2076.4,572.1,2151.1,716.6,2113.8,716.6,0
309,24,player,0,1235.5,1077.7,1321.3,1321.3,1278.4,1321.3,0
309,27,player,0,785.1,757.8,892.3,974.1,838.7,974.1,0
309,32,player,1,518.9,506.6,615.3,666.2,567.1,666.2,0
309,33,player,1,489.6,704.6,595.2,893.5,542.4,893.5,0
309,36,player,0,644.4,408.9,711.3,551.7,677.8,551.7,0
310,-1,ball,-1,625.8,648.6,637.8,660.6,631.8,654.6,0
310,2,player,1,2170.2,708.8,2269.3,895.6,2219.8,895.6,0
310,3,player,0,1967.6,691.5,2050.7,875.7,2009.2,875.7,0
310,4,player,1,1236.8,786.8,1337.3,1000.3,1287.0,1000.3,0
310,5,player,1,1912.2,993.1,2064.2,1228.9,1988.2,1228.9,0
310,6,player,1,2751.6,437.7,2821.5,590.4,2786.6,590.4,0
310,10,player,0,1994.2,536.6,2050.3,710.6,2022.2,710.6,0
310,12,player,1,1368.9,522.7,1418.9,685.9,1393.9,685.9,0
310,13,player,1,1495.8,432.9,1562.4,576.7,1529.1,576.7,0
310,15,player,1,1875.3,507.2,1968.8,675.1,1922.0,675.1,0
310,16,player,1,2107.0,572.8,2181.0,723.1,2144.0,723.1,0
310,24,player,0,1249.0,1075.5,1333.3,1322.0,1291.2,1322.0,0
310,27,player,0,828.1,757.2,925.9,971.7,877.0,971.7,0
310,32,player,1,551.2,507.9,644.2,665.9,597.7,665.9,1
310,33,player,1,520.0,707.0,621.9,899.3,571.0,899.3,0
310,36,player,0,673.9,407.4,740.8,552.8,707.3,552.8,0
311,-1,ball,-1,625.8,648.7,637.8,660.7,631.8,654.7,0
311,2,player,1,2170.3,708.8,2269.3,895.6,2219.8,895.6,0
311,3,player,0,1967.5,691.5,2050.7,875.7,2009.1,875.7,0
311,4,player,1,1236.8,786.9,1337.3,1000.3,1287.0,1000.3,0
311,5,player,1,1912.2,993.1,2064.2,1228.9,1988.2,1228.9,0
311,6,player,1,2751.6,437.6,2821.5,590.4,2786.6,590.4,0
311,10,player,0,1994.2,536.6,2050.3,710.6,2022.2,710.6,0
311,12,player,1,1368.9,522.7,1418.8,685.9,1393.8,685.9,0
311,13,player,1,1495.8,432.9,1562.4,576.7,1529.1,576.7,0
311,15,player,1,1875.3,507.2,1968.8,675.1,1922.0,675.1,0
311,16,player,1,2107.0,572.8,2181.0,723.4,2144.0,723.4,0
311,24,player,0,1249.0,1075.6,1333.3,1322.0,1291.2,1322.0,0
311,27,player,0,828.1,757.1,926.0,971.7,877.0,971.7,0
311,32,player,1,551.2,507.9,644.2,665.9,597.7,665.9,1
311,33,player,1,519.9,707.1,621.9,899.3,570.9,899.3,0
311,36,player,0,673.9,407.4,740.8,552.8,707.3,552.8,0
311,37,player,0,692.6,303.3,749.2,419.9,720.9,419.9,0
312,-1,ball,-1,2140.5,722.4,2152.5,734.4,2146.5,728.4,0
312,2,player,1,2192.7,712.0,2301.6,897.7,2247.1,897.7,0
312,3,player,0,1998.5,695.3,2066.6,878.3,2032.6,878.3,0
312,4,player,1,1257.7,790.1,1358.3,1002.1,1308.0,1002.1,0
312,5,player,1,1935.4,997.9,2059.0,1233.0,1997.2,1233.0,0
312,6,player,1,2784.3,440.5,2854.2,594.6,2819.2,594.6,0
312,10,player,0,2024.1,538.8,2076.2,713.6,2050.1,713.6,0
312,12,player,1,1393.4,525.1,1440.7,687.8,1417.1,687.8,0
312,13,player,1,1521.3,435.9,1594.0,577.5,1557.6,577.5,0
312,15,player,1,1903.7,508.5,1994.4,677.1,1949.0,677.1,0
312,16,player,1,2136.2,575.2,2209.6,718.5,2172.9,718.5,1
312,24,player,0,1260.1,1074.6,1350.7,1320.7,1305.4,1320.7,0
312,27,player,0,846.9,756.2,956.2,971.9,901.6,971.9,0
312,32,player,1,585.2,509.7,674.8,667.4,630.0,667.4,0
312,33,player,1,554.7,705.8,642.9,899.5,598.8,899.5,0
312,36,player,0,704.6,410.0,771.8,555.4,738.2,555.4,0
313,-1,ball,-1,2140.4,722.4,2152.4,734.4,2146.4,728.4,0
313,2,player,1,2192.7,712.0,2301.6,897.7,2247.1,897.7,0
313,3,player,0,1998.5,695.3,2066.6,878.2,2032.6,878.2,0
313,4,player,1,1257.7,790.1,1358.3,1002.1,1308.0,1002.1,0
313,5,player,1,1935.3,997.9,2059.0,1233.0,1997.2,1233.0,0
313,6,player,1,2784.3,440.5,2854.2,594.6,2819.2,594.6,0
313,10,player,0,2023.8,538.8,2076.1,713.6,2050.0,713.6,0
313,12,player,1,1393.3,525.0,1440.7,687.8,1417.0,687.8,0
313,13,player,1,1521.3,435.9,1593.9,577.5,1557.6,577.5,0
313,15,player,1,1903.6,508.5,1994.4,677.1,1949.0,677.1,0
313,16,player,1,2136.2,575.2,2209.6,718.5,2172.9,718.5,1
313,24,player,0,1260.1,1074.6,1350.8,1320.7,1305.4,1320.7,0
313,27,player,0,846.7,756.2,955.6,971.8,901.2,971.8,0
313,32,player,1,585.2,509.4,674.8,667.4,630.0,667.4,0
313,33,player,1,554.8,705.9,642.9,899.3,598.8,899.3,0
313,36,player,0,704.6,409.9,771.8,555.5,738.2,555.5,0
313,38,player,0,721.8,290.9,781.2,421.3,751.5,421.3,0
314,-1,ball,-1,682.0,650.6,694.0,662.6,688.0,656.6,0
314,2,player,1,2217.5,714.5,2334.5,900.1,2276.0,900.1,0
314,3,player,0,2026.4,696.5,2082.3,879.7,2054.4,879.7,0
314,4,player,1,1285.3,792.6,1378.3,1004.0,1331.8,1004.0,0
314,5,player,1,1937.6,1001.1,2044.8,1237.4,1991.2,1237.4,0
314,6,player,1,2815.1,440.3,2879.2,598.1,2847.1,598.1,0
314,10,player,0,2048.4,540.4,2108.3,714.0,2078.4,714.0,0
314,12,player,1,1418.5,527.2,1467.3,689.6,1442.9,689.6,0
314,13,player,1,1542.5,438.4,1622.9,579.1,1582.7,579.1,0
314,15,player,1,1936.6,510.6,2017.4,679.6,1977.0,679.6,0
314,16,player,1,2165.1,576.0,2228.7,724.1,2196.9,724.1,0
314,24,player,0,1264.5,1075.5,1365.6,1317.8,1315.0,1317.8,0
314,27,player,0,892.6,754.8,983.1,971.4,937.8,971.4,0
314,32,player,1,616.2,511.5,699.1,668.5,657.7,668.5,1
314,33,player,1,584.7,707.7,663.1,898.4,623.9,898.4,0
314,36,player,0,735.5,412.3,802.3,557.3,768.9,557.3,0
314,38,player,0,751.2,295.0,812.2,423.9,781.7,423.9,0
315,-1,ball,-1,682.0,650.6,694.0,662.6,688.0,656.6,0
315,2,player,1,2217.5,714.5,2334.4,900.1,2276.0,900.1,0
315,3,player,0,2026.4,696.5,2082.3,879.7,2054.4,879.7,0
315,4,player,1,1285.2,792.6,1378.3,1004.1,1331.8,1004.1,0
315,5,player,1,1937.3,1001.1,2044.9,1237.4,1991.1,1237.4,0
315,6,player,1,2815.1,440.3,2879.2,598.1,2847.1,598.1,0
315,10,player,0,2048.4,540.4,2108.3,714.0,2078.4,714.0,0
315,12,player,1,1418.5,527.2,1467.3,689.6,1442.9,689.6,0
315,13,player,1,1542.5,438.4,1622.9,579.1,1582.7,579.1,0
315,15,player,1,1936.6,510.6,2017.4,679.6,1977.0,679.6,0
315,16,player,1,2165.0,576.0,2228.8,724.5,2196.9,724.5,0
315,24,player,0,1264.4,1075.6,1365.6,1317.9,1315.0,1317.9,0
315,27,player,0,892.6,754.7,983.7,971.4,938.2,971.4,0
315,32,player,1,616.2,511.0,699.1,668.6,657.7,668.6,1
315,33,player,1,584.7,707.7,663.1,898.4,623.9,898.4,0
315,36,player,0,735.5,412.3,802.3,557.3,768.9,557.3,0
315,38,player,0,751.2,295.0,812.2,423.9,781.7,423.9,0
316,-1,ball,-1,682.0,650.6,694.0,662.6,688.0,656.6,0
316,2,player,1,2217.5,714.4,2334.4,900.2,2276.0,900.2,0
316,3,player,0,2026.4,696.5,2082.3,879.7,2054.4,879.7,0
316,4,player,1,1285.1,792.5,1378.3,1004.0,1331.7,1004.0,0
316,5,player,1,1937.8,1001.1,2044.9,1237.3,1991.4,1237.3,0
316,6,player,1,2815.1,440.3,2879.2,598.1,2847.1,598.1,0
316,10,player,0,2048.4,540.4,2108.3,714.0,2078.4,714.0,0
316,12,player,1,1418.5,527.2,1467.3,689.6,1442.9,689.6,0
316,13,player,1,1542.5,438.5,1622.9,579.1,1582.7,579.1,0
316,15,player,1,1936.6,510.6,2017.4,679.6,1977.0,679.6,0
316,16,player,1,2165.0,576.0,2228.8,724.7,2196.9,724.7,0
316,24,player,0,1264.4,1075.6,1365.6,1317.9,1315.0,1317.9,0
316,27,player,0,892.8,754.6,983.8,971.4,938.3,971.4,0
316,32,player,1,616.2,510.9,699.1,668.6,657.7,668.6,1
316,33,player,1,584.7,707.7,663.1,898.5,623.9,898.5,0
316,36,player,0,735.5,412.3,802.3,557.3,768.9,557.3,0
316,38,player,0,751.2,295.0,812.2,423.9,781.7,423.9,0
317,-1,ball,-1,2025.2,655.2,2037.2,667.2,2031.2,661.2,0
317,2,player,1,2242.2,717.4,2362.7,899.5,2302.4,899.5,0
317,3,player,0,2049.0,697.6,2103.7,882.5,2076.4,882.5,0
317,4,player,1,1307.5,793.5,1394.4,1003.4,1351.0,1003.4,0
317,5,player,1,1942.6,999.7,2050.1,1237.9,1996.4,1237.9,0
317,10,player,0,2073.9,541.8,2137.5,716.1,2105.7,716.1,0
317,12,player,1,1439.8,527.9,1497.0,689.9,1468.4,689.9,0
317,13,player,1,1565.8,439.3,1656.1,581.0,1610.9,581.0,0
317,15,player,1,1970.1,512.9,2038.0,681.5,2004.0,681.5,1
317,16,player,1,2192.4,575.8,2248.2,723.5,2220.3,723.5,0
317,24,player,0,1278.5,1074.8,1377.7,1320.2,1328.1,1320.2,0
317,27,player,0,919.6,753.7,1013.0,969.2,966.3,969.2,0
317,32,player,1,645.5,510.5,721.3,668.5,683.4,668.5,0
317,33,player,1,610.3,706.4,681.9,899.9,646.1,899.9,0
317,36,player,0,764.8,417.8,829.3,558.5,797.0,558.5,0
317,38,player,0,779.2,302.2,842.8,425.7,811.0,425.7,0
318,-1,ball,-1,2025.2,655.2,2037.2,667.2,2031.2,661.2,0
318,2,player,1,2242.2,717.4,2362.7,899.5,2302.4,899.5,0
318,3,player,0,2049.0,697.6,2103.7,882.5,2076.4,882.5,0
318,4,player,1,1307.6,793.5,1394.4,1003.2,1351.0,1003.2,0
318,5,player,1,1942.5,999.7,2050.1,1237.9,1996.3,1237.9,0
318,10,player,0,2073.9,541.8,2137.5,716.1,2105.7,716.1,0
318,12,player,1,1439.7,528.2,1497.3,690.3,1468.5,690.3,0
318,13,player,1,1565.8,439.3,1656.0,581.0,1610.9,581.0,0
318,15,player,1,1970.0,512.9,2038.0,681.5,2004.0,681.5,1
318,16,player,1,2192.4,576.1,2248.1,723.3,2220.2,723.3,0
318,24,player,0,1278.4,1074.9,1377.7,1320.2,1328.1,1320.2,0
318,27,player,0,919.6,753.7,1013.0,969.2,966.3,969.2,0
318,32,player,1,645.5,510.5,721.3,668.5,683.4,668.5,0
318,33,player,1,610.4,706.3,681.9,899.9,646.2,899.9,0
318,36,player,0,764.7,417.9,829.3,558.5,797.0,558.5,0
318,38,player,0,779.2,299.6,843.1,426.6,811.2,426.6,0
318,39,player,1,2846.4,449.6,2879.1,600.3,2862.8,600.3,0
318,40,player,0,0.1,555.3,59.6,724.3,29.8,724.3,0
319,-1,ball,-1,2044.8,655.8,2056.8,667.8,2050.8,661.8,0
319,2,player,1,2276.5,719.9,2390.5,900.3,2333.5,900.3,0
319,3,player,0,2066.1,699.6,2132.7,883.7,2099.4,883.7,0
319,4,player,1,1330.8,794.0,1407.8,1005.2,1369.3,1005.2,0
319,5,player,1,1946.8,996.5,2077.4,1239.8,2012.1,1239.8,0
319,10,player,0,2097.6,543.0,2167.2,717.6,2132.4,717.6,0
319,12,player,1,1450.2,529.3,1528.0,691.7,1489.1,691.7,0
319,13,player,1,1592.3,441.2,1683.2,582.4,1637.8,582.4,0
319,15,player,1,1997.5,511.3,2060.5,681.8,2029.0,681.8,1
319,16,player,1,2220.4,575.6,2270.2,729.7,2245.3,729.7,0
319,24,player,0,1296.9,1078.5,1396.4,1325.9,1346.6,1325.9,0
319,27,player,0,951.5,753.1,1040.9,967.0,996.2,967.0,0
319,32,player,1,668.1,511.7,737.9,669.6,703.0,669.6,0
319,33,player,1,636.7,706.4,703.2,900.9,670.0,900.9,0
319,36,player,0,790.5,418.0,847.9,560.4,819.2,560.4,0
319,38,player,0,809.3,301.5,869.5,425.6,839.4,425.6,0
319,40,player,0,14.9,555.8,83.2,728.5,49.1,728.5,0
320,-1,ball,-1,2044.8,655.9,2056.8,667.9,2050.8,661.9,0
320,2,player,1,2276.5,719.9,2390.5,900.3,2333.5,900.3,0
320,3,player,0,2066.1,699.6,2132.7,883.7,2099.4,883.7,0
320,4,player,1,1330.8,794.0,1407.8,1005.2,1369.3,1005.2,0
320,5,player,1,1946.8,996.5,2077.4,1239.8,2012.1,1239.8,0
320,10,player,0,2097.6,543.0,2167.1,717.5,2132.4,717.5,0
320,12,player,1,1450.2,529.3,1528.0,691.6,1489.1,691.6,0
320,13,player,1,1592.3,441.3,1683.2,582.4,1637.8,582.4,0
320,15,player,1,1997.5,511.3,2060.6,681.8,2029.0,681.8,1
320,16,player,1,2220.4,575.6,2270.1,729.7,2245.2,729.7,0
320,24,player,0,1296.9,1078.5,1396.3,1325.9,1346.6,1325.9,0
320,27,player,0,951.5,753.2,1040.8,966.8,996.2,966.8,0
320,32,player,1,668.2,511.8,738.0,669.6,703.1,669.6,0
320,33,player,1,636.7,706.4,703.1,900.9,669.9,900.9,0
320,36,player,0,790.6,417.9,847.8,560.3,819.2,560.3,0
320,38,player,0,809.2,301.5,869.5,425.6,839.4,425.6,0
320,40,player,0,14.9,555.9,83.2,728.4,49.1,728.4,0
321,-1,ball,-1,2044.8,655.9,2056.8,667.9,2050.8,661.9,0
321,2,player,1,2276.5,719.8,2390.5,900.4,2333.5,900.4,0
321,3,player,0,2066.1,699.6,2132.7,883.7,2099.4,883.7,0
321,4,player,1,1330.8,794.0,1407.8,1005.2,1369.3,1005.2,0
321,5,player,1,1946.8,996.4,2077.4,1239.8,2012.1,1239.8,0
321,10,player,0,2097.6,543.0,2167.1,717.5,2132.4,717.5,0
321,12,player,1,1450.2,529.3,1528.0,691.6,1489.1,691.6,0
321,13,player,1,1592.3,441.3,1683.2,582.4,1637.8,582.4,0
321,15,player,1,1997.5,511.3,2060.5,681.8,2029.0,681.8,1
321,16,player,1,2220.4,575.6,2270.1,729.8,2245.2,729.8,0
321,24,player,0,1296.9,1078.5,1396.3,1325.9,1346.6,1325.9,0
321,27,player,0,951.5,753.2,1041.0,966.8,996.2,966.8,0
321,32,player,1,668.2,511.8,737.9,669.6,703.0,669.6,0
321,33,player,1,636.8,706.4,703.1,900.9,670.0,900.9,0
321,36,player,0,790.6,418.0,848.1,560.5,819.4,560.5,0
321,38,player,0,809.3,301.5,869.5,425.5,839.4,425.5,0
321,40,player,0,14.9,556.0,83.3,728.5,49.1,728.5,0
322,-1,ball,-1,618.6,313.5,630.6,325.5,624.6,319.5,0
322,2,player,1,2306.0,719.6,2412.1,901.6,2359.0,901.6,0
322,3,player,0,2079.8,700.5,2163.4,885.3,2121.6,885.3,0
322,4,player,1,1352.4,792.7,1423.1,1007.2,1387.8,1007.2,0
322,5,player,1,1955.9,994.7,2096.3,1242.0,2026.1,1242.0,0
322,10,player,0,2123.2,546.9,2200.9,718.6,2162.0,718.6,0
322,12,player,1,1470.0,530.8,1558.3,693.5,1514.2,693.5,0
322,13,player,1,1622.0,442.1,1711.1,584.5,1666.6,584.5,0
322,15,player,1,2024.2,512.4,2076.3,684.7,2050.2,684.7,0
322,16,player,1,2246.4,576.8,2296.3,741.0,2271.4,741.0,0
322,24,player,0,1308.1,1078.4,1412.4,1329.1,1360.2,1329.1,0
322,27,player,0,982.2,754.1,1068.8,967.0,1025.5,967.0,0
322,32,player,1,689.5,510.1,757.1,670.0,723.3,670.0,0
322,33,player,1,658.6,706.2,726.4,901.4,692.5,901.4,0
322,36,player,0,818.6,419.0,871.6,560.4,845.1,560.4,0
322,38,player,0,837.0,303.8,896.2,426.0,866.6,426.0,0
322,40,player,0,41.4,554.8,112.6,728.8,77.0,728.8,0
323,-1,ball,-1,618.6,313.5,630.6,325.5,624.6,319.5,0
323,2,player,1,2306.1,719.7,2412.1,901.6,2359.1,901.6,0
323,3,player,0,2079.8,700.4,2163.2,885.2,2121.5,885.2,0
323,4,player,1,1352.3,792.7,1423.1,1007.1,1387.7,1007.1,0
323,5,player,1,1955.9,994.7,2096.3,1242.0,2026.1,1242.0,0
323,10,player,0,2123.2,546.9,2201.1,718.7,2162.1,718.7,0
323,12,player,1,1470.0,530.8,1558.3,693.6,1514.2,693.6,0
323,13,player,1,1622.0,442.1,1711.1,584.5,1666.6,584.5,0
323,15,player,1,2024.2,512.4,2076.3,684.7,2050.2,684.7,0
323,16,player,1,2246.3,576.9,2296.3,741.2,2271.3,741.2,0
323,24,player,0,1308.1,1078.4,1412.4,1329.1,1360.2,1329.1,0
323,27,player,0,982.2,754.1,1068.8,967.0,1025.5,967.0,0
323,32,player,1,689.5,510.2,757.1,670.0,723.3,670.0,0
323,33,player,1,657.7,706.5,725.8,901.1,691.8,901.1,0
323,36,player,0,818.6,419.0,871.6,560.2,845.1,560.2,0
323,38,player,0,837.0,303.6,896.2,426.0,866.6,426.0,0
323,40,player,0,41.4,554.8,112.6,728.8,77.0,728.8,0
324,-1,ball,-1,1021.1,651.9,1033.1,663.9,1027.1,657.9,0
324,2,player,1,2335.0,718.2,2431.8,903.2,2383.4,903.2,0
324,3,player,0,2091.0,701.7,2193.3,887.2,2142.2,887.2,0
324,4,player,1,1374.6,791.1,1450.4,1008.7,1412.5,1008.7,0
324,5,player,1,1953.7,995.8,2115.3,1238.7,2034.5,1238.7,0
324,10,player,0,2144.4,549.2,2232.7,724.3,2188.6,724.3,0
324,12,player,1,1493.1,531.8,1586.9,695.6,1540.0,695.6,0
324,13,player,1,1649.8,442.7,1740.1,586.6,1695.0,586.6,0
324,15,player,1,2050.0,513.5,2097.1,686.4,2073.6,686.4,0
324,16,player,1,2273.3,578.8,2323.3,742.0,2298.3,742.0,0
324,24,player,0,1321.9,1075.9,1426.5,1327.4,1374.2,1327.4,0
324,27,player,0,1010.5,754.4,1094.5,968.6,1052.5,968.6,0
324,32,player,1,711.1,510.1,773.3,671.9,742.2,671.9,0
324,33,player,1,681.5,707.8,750.9,900.7,716.2,900.7,0
324,36,player,0,846.0,419.6,896.6,563.6,871.3,563.6,0
324,38,player,0,865.5,309.8,920.6,426.7,893.0,426.7,0
324,40,player,0,71.3,555.0,143.2,729.2,107.2,729.2,0
325,-1,ball,-1,1423.6,990.2,1435.6,1002.2,1429.6,996.2,0
325,2,player,1,2335.2,718.8,2431.7,902.9,2383.4,902.9,0
325,3,player,0,2091.0,701.7,2193.3,887.2,2142.2,887.2,0
325,4,player,1,1374.5,791.2,1450.5,1008.6,1412.5,1008.6,1
325,5,player,1,1953.7,995.8,2115.5,1238.7,2034.6,1238.7,0
325,10,player,0,2144.6,549.2,2232.8,724.2,2188.7,724.2,0
325,12,player,1,1493.1,531.9,1586.9,695.5,1540.0,695.5,0
325,13,player,1,1649.9,442.7,1740.1,586.6,1695.0,586.6,0
325,15,player,1,2050.0,513.5,2097.1,686.4,2073.6,686.4,0
325,16,player,1,2273.3,578.8,2323.3,742.0,2298.3,742.0,0
325,24,player,0,1321.9,1075.9,1426.6,1327.4,1374.2,1327.4,0
325,27,player,0,1010.5,754.4,1094.4,968.5,1052.4,968.5,0
325,32,player,1,711.3,510.1,773.3,671.9,742.3,671.9,0
325,33,player,1,681.4,707.8,750.9,900.6,716.2,900.6,0
325,36,player,0,846.0,419.7,896.6,563.6,871.3,563.6,0
325,38,player,0,865.5,309.9,920.7,426.7,893.1,426.7,0
325,40,player,0,71.2,555.0,143.2,729.2,107.2,729.2,0
326,-1,ball,-1,756.0,889.6,768.0,901.6,762.0,895.6,0
326,2,player,1,2368.6,717.8,2450.1,905.1,2409.4,905.1,0
326,3,player,0,2107.5,704.9,2223.0,887.6,2165.2,887.6,0
326,4,player,1,1395.7,790.3,1474.6,1010.8,1435.2,1010.8,0
326,5,player,1,1949.3,998.4,2124.1,1239.0,2036.7,1239.0,0
326,10,player,0,2172.2,551.2,2257.9,724.7,2215.0,724.7,0
326,12,player,1,1520.0,534.0,1615.3,697.6,1567.6,697.6,0
326,13,player,1,1680.1,443.6,1765.2,588.1,1722.6,588.1,0
326,15,player,1,2074.4,514.3,2122.3,688.0,2098.4,688.0,0
326,16,player,1,2295.8,580.3,2351.3,743.6,2323.6,743.6,0
326,24,player,0,1337.5,1072.4,1434.2,1323.1,1385.8,1323.1,0
326,27,player,0,1034.0,756.6,1121.2,969.6,1077.6,969.6,0
326,32,player,1,734.2,514.8,801.3,673.1,767.8,673.1,0
326,33,player,1,705.9,708.2,779.9,901.9,742.9,901.9,1
326,36,player,0,869.6,422.0,925.4,562.8,897.5,562.8,0
326,40,player,0,97.6,559.5,175.2,731.1,136.4,731.1,0
327,-1,ball,-1,756.0,889.6,768.0,901.6,762.0,895.6,0
327,2,player,1,2368.6,717.7,2450.1,905.1,2409.4,905.1,0
327,3,player,0,2107.5,705.1,2223.0,887.6,2165.2,887.6,0
327,4,player,1,1395.7,790.2,1474.7,1010.9,1435.2,1010.9,0
327,5,player,1,1949.3,998.4,2124.1,1239.1,2036.7,1239.1,0
327,10,player,0,2172.0,551.2,2257.9,724.7,2215.0,724.7,0
327,12,player,1,1520.0,534.0,1615.2,697.6,1567.6,697.6,0
327,13,player,1,1680.1,443.6,1765.2,588.1,1722.6,588.1,0
327,15,player,1,2074.4,514.3,2122.3,688.0,2098.4,688.0,0
327,16,player,1,2295.8,580.3,2351.3,743.6,2323.6,743.6,0
327,24,player,0,1337.5,1072.4,1434.2,1323.2,1385.8,1323.2,0
327,27,player,0,1034.0,756.6,1121.2,969.5,1077.6,969.5,0
327,32,player,1,734.2,514.8,801.3,673.1,767.8,673.1,0
327,33,player,1,706.0,708.2,779.8,901.9,742.9,901.9,1
327,36,player,0,869.6,422.0,925.3,562.8,897.4,562.8,0
327,38,player,0,892.5,312.8,944.6,427.8,918.6,427.8,0
327,40,player,0,97.5,559.5,175.1,731.2,136.3,731.2,0
328,-1,ball,-1,756.0,889.6,768.0,901.6,762.0,895.6,0
328,2,player,1,2368.6,717.8,2450.2,905.1,2409.4,905.1,0
328,3,player,0,2107.5,705.1,2223.0,887.6,2165.2,887.6,0
328,4,player,1,1395.7,790.1,1474.8,1010.9,1435.2,1010.9,0
328,5,player,1,1949.3,998.4,2124.1,1239.0,2036.7,1239.0,0
328,10,player,0,2172.0,551.2,2257.9,724.7,2215.0,724.7,0
328,12,player,1,1520.0,534.1,1615.3,697.6,1567.6,697.6,0
328,13,player,1,1680.1,443.6,1765.2,588.1,1722.6,588.1,0
328,15,player,1,2074.3,514.3,2122.3,688.0,2098.3,688.0,0
328,16,player,1,2295.8,580.3,2351.3,743.5,2323.6,743.5,0
328,24,player,0,1337.5,1072.5,1434.2,1323.2,1385.8,1323.2,0
328,27,player,0,1033.7,756.4,1121.5,969.2,1077.6,969.2,0
328,32,player,1,734.3,514.7,801.3,673.1,767.8,673.1,0
328,33,player,1,705.9,708.2,779.9,901.9,742.9,901.9,1
328,36,player,0,869.6,422.0,925.4,562.8,897.5,562.8,0
328,40,player,0,97.5,559.5,175.2,731.1,136.4,731.1,0
329,-1,ball,-1,710.6,316.4,722.6,328.4,716.6,322.4,0
329,2,player,1,2396.3,718.1,2463.4,904.2,2429.9,904.2,0
329,3,player,0,2131.9,708.0,2251.2,889.8,2191.6,889.8,0
329,4,player,1,1417.0,786.4,1498.7,1012.1,1457.8,1012.1,0
329,5,player,1,1961.9,1002.0,2126.1,1241.0,2044.0,1241.0,0
329,10,player,0,2193.1,552.2,2288.7,727.2,2240.9,727.2,0
329,12,player,1,1546.1,535.4,1641.8,698.6,1593.9,698.6,0
329,13,player,1,1707.9,447.2,1789.3,588.2,1748.6,588.2,0
329,15,player,1,2093.2,515.5,2149.6,688.4,2121.4,688.4,0
329,16,player,1,2310.7,584.8,2378.4,746.2,2344.6,746.2,0
329,24,player,0,1351.1,1070.7,1443.1,1310.4,1397.1,1310.4,0
329,27,player,0,1060.1,756.9,1150.4,970.5,1105.2,970.5,0
329,32,player,1,757.3,516.9,831.1,675.7,794.2,675.7,0
329,33,player,1,720.3,708.2,808.6,902.3,764.4,902.3,0
329,36,player,0,893.0,423.3,958.4,565.7,925.7,565.7,0
329,38,player,0,918.1,314.2,971.7,427.6,944.9,427.6,0
329,40,player,0,124.9,560.0,207.2,730.7,166.0,730.7,0
330,-1,ball,-1,710.6,316.4,722.6,328.4,716.6,322.4,0
330,2,player,1,2396.7,718.7,2463.3,904.5,2430.0,904.5,0
330,3,player,0,2131.8,708.0,2251.2,889.8,2191.5,889.8,0
330,4,player,1,1417.0,786.4,1498.7,1012.1,1457.8,1012.1,0
330,5,player,1,1961.9,1002.0,2126.1,1241.0,2044.0,1241.0,0
330,10,player,0,2193.4,552.2,2288.7,727.3,2241.0,727.3,0
330,12,player,1,1546.3,535.3,1641.8,698.6,1594.0,698.6,0
330,13,player,1,1707.8,447.2,1789.3,588.2,1748.6,588.2,0
330,15,player,1,2093.2,515.5,2149.6,688.4,2121.4,688.4,0
330,16,player,1,2310.7,584.8,2378.4,746.2,2344.6,746.2,0
330,24,player,0,1351.1,1070.8,1443.2,1310.4,1397.2,1310.4,0
330,27,player,0,1060.2,757.3,1150.2,970.8,1105.2,970.8,0
330,32,player,1,757.3,516.9,831.1,675.7,794.2,675.7,0
330,33,player,1,720.3,708.2,808.6,902.3,764.4,902.3,0
330,36,player,0,893.3,423.0,958.2,566.1,925.8,566.1,0
330,38,player,0,918.1,314.2,971.7,427.6,944.9,427.6,0
330,40,player,0,124.9,560.2,207.2,730.7,166.0,730.7,0
331,-1,ball,-1,1748.4,576.4,1760.4,588.4,1754.4,582.4,0
331,2,player,1,2408.9,718.0,2472.6,903.9,2440.8,903.9,0
331,3,player,0,2157.0,710.4,2278.2,892.3,2217.6,892.3,0
331,4,player,1,1433.8,786.3,1518.4,1011.3,1476.1,1011.3,0
331,5,player,1,1987.2,1005.9,2124.9,1242.3,2056.0,1242.3,0
331,10,player,0,2221.4,554.6,2317.1,728.5,2269.2,728.5,0
331,12,player,1,1575.3,536.5,1662.8,701.1,1619.0,701.1,0
331,13,player,1,1736.0,447.6,1808.3,590.1,1772.2,590.1,1
331,15,player,1,2104.9,517.9,2179.3,691.0,2142.1,691.0,0
331,16,player,1,2325.2,587.5,2407.8,747.7,2366.5,747.7,0
331,24,player,0,1361.2,1068.7,1448.2,1307.3,1404.7,1307.3,0
331,27,player,0,1086.9,757.9,1174.3,971.3,1130.6,971.3,0
331,32,player,1,780.3,516.4,857.9,676.6,819.1,676.6,0
331,33,player,1,742.5,708.3,836.4,903.3,789.4,903.3,0
331,36,player,0,916.0,425.4,985.9,565.7,951.0,565.7,0
331,38,player,0,945.3,314.2,997.1,429.3,971.2,429.3,0
331,40,player,0,149.7,560.9,238.9,731.2,194.3,731.2,0
332,-1,ball,-1,1748.4,576.4,1760.4,588.4,1754.4,582.4,0
332,2,player,1,2408.9,718.0,2472.5,903.9,2440.7,903.9,0
332,3,player,0,2157.0,710.4,2278.2,892.3,2217.6,892.3,0
332,4,player,1,1433.8,786.3,1518.3,1011.2,1476.0,1011.2,0
332,5,player,1,1987.2,1005.9,2124.9,1242.3,2056.0,1242.3,0
332,10,player,0,2221.4,554.6,2317.1,728.5,2269.2,728.5,0
332,12,player,1,1575.3,536.5,1662.7,701.2,1619.0,701.2,0
332,13,player,1,1736.0,447.6,1808.3,590.1,1772.2,590.1,1
332,15,player,1,2104.9,517.9,2179.3,691.0,2142.1,691.0,0
332,16,player,1,2325.0,587.5,2407.8,747.9,2366.4,747.9,0
332,24,player,0,1361.3,1068.7,1448.2,1307.4,1404.8,1307.4,0
332,27,player,0,1086.8,757.9,1174.3,971.3,1130.6,971.3,0
332,32,player,1,780.2,516.4,857.9,676.6,819.0,676.6,0
332,33,player,1,742.5,708.3,836.4,903.3,789.4,903.3,0
332,36,player,0,916.0,425.4,985.9,565.7,951.0,565.7,0
332,38,player,0,945.3,314.2,997.1,429.3,971.2,429.3,0
332,40,player,0,149.5,560.6,239.6,730.9,194.6,730.9,0
333,-1,ball,-1,1748.4,576.4,1760.4,588.4,1754.4,582.4,0
333,2,player,1,2408.9,718.0,2472.6,904.0,2440.8,904.0,0
333,3,player,0,2157.0,710.4,2278.1,892.2,2217.6,892.2,0
333,4,player,1,1433.8,786.3,1518.4,1011.2,1476.1,1011.2,0
333,5,player,1,1987.1,1005.9,2124.9,1242.3,2056.0,1242.3,0
333,10,player,0,2221.5,554.6,2317.1,728.5,2269.3,728.5,0
333,12,player,1,1575.3,536.5,1662.8,701.2,1619.0,701.2,0
333,13,player,1,1736.0,447.6,1808.3,590.1,1772.2,590.1,1
333,15,player,1,2104.9,517.9,2179.3,691.1,2142.1,691.1,0
333,16,player,1,2324.9,587.5,2407.8,748.1,2366.4,748.1,0
333,24,player,0,1361.3,1068.7,1448.2,1307.3,1404.8,1307.3,0
333,27,player,0,1086.9,757.9,1175.0,971.3,1131.0,971.3,0
333,32,player,1,780.2,516.3,858.1,676.6,819.2,676.6,0
333,33,player,1,742.5,708.3,836.4,903.3,789.4,903.3,0
333,36,player,0,916.0,425.4,985.9,565.7,951.0,565.7,0
333,38,player,0,945.3,314.3,997.1,429.3,971.2,429.3,0
333,40,player,0,149.5,560.7,239.7,730.9,194.6,730.9,0
334,-1,ball,-1,1748.4,576.4,1760.4,588.4,1754.4,582.4,0
334,2,player,1,2408.9,718.0,2472.6,904.1,2440.8,904.1,0
334,3,player,0,2157.0,710.4,2278.2,892.3,2217.6,892.3,0
334,4,player,1,1433.8,786.4,1518.4,1011.2,1476.1,1011.2,0
334,5,player,1,1987.3,1005.9,2124.8,1242.3,2056.0,1242.3,0
334,10,player,0,2221.3,554.6,2317.1,728.5,2269.2,728.5,0
334,12,player,1,1575.4,536.5,1662.8,701.1,1619.1,701.1,0
334,13,player,1,1736.0,447.6,1808.3,590.1,1772.2,590.1,1
334,15,player,1,2104.9,517.9,2179.3,691.1,2142.1,691.1,0
334,16,player,1,2325.2,587.5,2407.7,747.6,2366.4,747.6,0
334,24,player,0,1361.3,1068.7,1448.2,1307.3,1404.8,1307.3,0
334,27,player,0,1086.8,757.9,1175.0,971.3,1130.9,971.3,0
334,32,player,1,780.2,516.3,858.1,676.6,819.2,676.6,0
334,33,player,1,742.5,708.3,836.4,903.3,789.4,903.3,0
334,36,player,0,916.0,425.4,985.9,565.7,951.0,565.7,0
334,38,player,0,945.3,314.2,997.1,429.3,971.2,429.3,0
334,40,player,0,149.5,560.7,239.7,730.9,194.6,730.9,0
335,-1,ball,-1,2350.4,738.6,2362.4,750.6,2356.4,744.6,0
335,2,player,1,2428.2,723.4,2496.5,912.7,2462.4,912.7,0
335,3,player,0,2187.3,712.2,2301.3,894.5,2244.3,894.5,0
335,4,player,1,1457.9,790.5,1535.0,1008.4,1496.4,1008.4,0
335,5,player,1,1991.3,1008.8,2110.9,1245.5,2051.1,1245.5,0
335,10,player,0,2242.4,555.3,2341.6,730.4,2292.0,730.4,0
335,12,player,1,1601.4,536.7,1680.9,701.4,1641.2,701.4,0
335,13,player,1,1764.0,448.9,1822.4,590.6,1793.2,590.6,0
335,15,player,1,2118.6,521.7,2207.5,693.2,2163.0,693.2,0
335,16,player,1,2352.6,589.6,2436.8,741.7,2394.7,741.7,1
335,24,player,0,1371.6,1066.3,1453.7,1307.6,1412.6,1307.6,0
335,27,player,0,1111.2,757.2,1194.7,971.5,1153.0,971.5,0
335,32,player,1,801.0,517.7,885.6,676.5,843.3,676.5,0
335,33,player,1,768.3,710.9,863.5,904.4,815.9,904.4,0
335,36,player,0,936.7,428.1,1011.6,564.5,974.2,564.5,0
335,38,player,0,969.6,315.9,1021.7,428.2,995.6,428.2,0
335,40,player,0,175.6,561.6,268.7,730.0,222.2,730.0,0
336,-1,ball,-1,2350.4,738.6,2362.4,750.6,2356.4,744.6,0
336,2,player,1,2428.2,723.4,2496.5,912.8,2462.4,912.8,0
336,3,player,0,2187.5,712.3,2301.3,894.4,2244.4,894.4,0
336,4,player,1,1457.9,790.7,1535.0,1008.3,1496.4,1008.3,0
336,5,player,1,1991.4,1008.8,2111.0,1245.5,2051.2,1245.5,0
336,10,player,0,2242.8,555.3,2341.7,730.5,2292.2,730.5,0
336,12,player,1,1601.5,536.8,1680.9,701.3,1641.2,701.3,0
336,13,player,1,1764.0,448.9,1822.4,590.6,1793.2,590.6,0
336,15,player,1,2118.6,521.8,2207.4,693.2,2163.0,693.2,0
336,16,player,1,2352.6,589.6,2436.7,741.8,2394.6,741.8,1
336,24,player,0,1371.5,1066.3,1453.7,1307.6,1412.6,1307.6,0
336,27,player,0,1111.3,757.2,1194.8,971.5,1153.0,971.5,0
336,32,player,1,801.0,517.8,885.6,676.5,843.3,676.5,0
336,33,player,1,768.2,710.9,863.6,904.4,815.9,904.4,0
336,36,player,0,936.6,428.2,1011.7,564.7,974.2,564.7,0
336,38,player,0,969.6,316.0,1021.7,428.1,995.6,428.1,0
336,40,player,0,175.6,561.5,268.7,729.9,222.2,729.9,0
337,-1,ball,-1,864.2,890.6,876.2,902.6,870.2,896.6,0
337,2,player,1,2442.7,724.8,2523.6,911.7,2483.1,911.7,0
337,3,player,0,2213.5,712.5,2321.1,895.5,2267.3,895.5,0
337,4,player,1,1481.4,794.0,1550.0,1005.4,1515.7,1005.4,0
337,5,player,1,1994.2,1005.9,2090.8,1246.7,2042.5,1246.7,0
337,10,player,0,2277.9,555.3,2364.7,731.4,2321.3,731.4,0
337,12,player,1,1632.3,537.5,1700.6,700.7,1666.4,700.7,0
337,13,player,1,1789.1,447.3,1840.6,591.2,1814.8,591.2,0
337,15,player,1,2132.6,522.9,2234.6,695.2,2183.6,695.2,0
337,16,player,1,2371.1,592.4,2463.2,754.5,2417.1,754.5,0
337,24,player,0,1384.7,1061.8,1477.5,1308.9,1431.1,1308.9,0
337,27,player,0,1136.4,757.5,1213.0,969.0,1174.7,969.0,0
337,32,player,1,824.2,519.8,913.2,676.8,868.7,676.8,0
337,33,player,1,792.5,711.1,888.5,905.4,840.5,905.4,1
337,36,player,0,956.1,429.5,1038.6,564.5,997.4,564.5,0
337,38,player,0,995.2,315.2,1046.2,430.5,1020.7,430.5,0
337,40,player,0,203.1,562.7,295.4,727.3,249.2,727.3,0
338,-1,ball,-1,2402.4,744.4,2414.4,756.4,2408.4,750.4,0
338,2,player,1,2457.0,724.5,2552.1,914.8,2504.6,914.8,0
338,3,player,0,2241.4,711.9,2338.4,895.5,2289.9,895.5,0
338,4,player,1,1493.9,796.0,1564.1,1005.7,1529.0,1005.7,0
338,5,player,1,2002.4,1002.7,2112.6,1248.9,2057.5,1248.9,0
338,10,player,0,2303.6,555.8,2384.8,730.3,2344.2,730.3,0
338,12,player,1,1654.7,538.3,1711.5,700.1,1683.1,700.1,0
338,13,player,1,1813.6,448.5,1852.5,592.7,1833.0,592.7,0
338,15,player,1,2155.5,526.3,2262.0,697.9,2208.8,697.9,0
338,16,player,1,2393.3,594.1,2491.4,756.9,2442.4,756.9,1
338,24,player,0,1396.7,1056.3,1500.7,1306.1,1448.7,1306.1,0
338,27,player,0,1160.7,755.2,1236.9,967.2,1198.8,967.2,0
338,32,player,1,847.7,520.7,939.8,679.2,893.8,679.2,0
338,33,player,1,818.5,710.1,912.5,905.4,865.5,905.4,0
338,36,player,0,977.4,431.1,1065.2,564.3,1021.3,564.3,0
338,38,player,0,1022.0,316.6,1071.1,429.5,1046.6,429.5,0
338,40,player,0,228.6,561.6,326.2,726.0,277.4,726.0,0
339,-1,ball,-1,2402.4,744.4,2414.4,756.4,2408.4,750.4,0
339,2,player,1,2457.0,724.5,2552.1,914.9,2504.6,914.9,0
339,3,player,0,2241.4,711.9,2338.4,895.5,2289.9,895.5,0
339,4,player,1,1493.9,796.0,1564.1,1005.7,1529.0,1005.7,0
339,5,player,1,2002.4,1002.7,2112.7,1248.9,2057.6,1248.9,0
339,10,player,0,2303.5,555.8,2384.7,730.3,2344.1,730.3,0
339,12,player,1,1654.7,538.3,1711.5,700.1,1683.1,700.1,0
339,13,player,1,1813.6,448.5,1852.4,592.7,1833.0,592.7,0
339,15,player,1,2155.5,526.3,2262.0,697.8,2208.8,697.8,0
339,16,player,1,2393.3,594.1,2491.4,756.9,2442.4,756.9,1
339,24,player,0,1396.7,1056.3,1500.8,1306.1,1448.8,1306.1,0
339,27,player,0,1160.7,755.2,1236.9,966.6,1198.8,966.6,0
339,32,player,1,847.7,520.7,939.8,679.2,893.8,679.2,0
339,33,player,1,818.5,710.1,912.5,905.3,865.5,905.3,0
339,36,player,0,977.4,430.9,1065.0,564.3,1021.2,564.3,0
339,38,player,0,1022.0,316.6,1071.1,429.5,1046.6,429.5,0
339,40,player,0,228.6,561.6,326.2,726.0,277.4,726.0,0
340,-1,ball,-1,2402.4,744.4,2414.4,756.4,2408.4,750.4,0
340,2,player,1,2457.0,724.5,2552.1,914.7,2504.6,914.7,0
340,3,player,0,2241.4,711.9,2338.4,895.5,2289.9,895.5,0
340,4,player,1,1493.9,796.0,1564.1,1005.7,1529.0,1005.7,0
340,5,player,1,2002.4,1002.7,2112.6,1248.9,2057.5,1248.9,0
340,10,player,0,2303.6,555.8,2384.7,730.3,2344.1,730.3,0
340,12,player,1,1654.7,538.3,1711.5,700.1,1683.1,700.1,0
340,13,player,1,1813.7,448.5,1852.5,592.7,1833.1,592.7,0
340,15,player,1,2155.5,526.2,2262.0,697.9,2208.8,697.9,0
340,16,player,1,2393.3,594.0,2491.4,756.9,2442.4,756.9,1
340,24,player,0,1396.7,1056.3,1500.8,1306.1,1448.8,1306.1,0
340,27,player,0,1160.7,755.2,1236.9,967.3,1198.8,967.3,0
340,32,player,1,847.7,520.7,939.8,679.2,893.8,679.2,0
340,33,player,1,818.6,710.1,912.5,905.3,865.6,905.3,0
340,36,player,0,977.4,431.1,1065.2,564.3,1021.3,564.3,0
340,38,player,0,1022.0,316.6,1071.1,429.5,1046.6,429.5,0
340,40,player,0,228.7,562.2,326.2,726.0,277.4,726.0,0
341,-1,ball,-1,915.2,889.7,927.2,901.7,921.2,895.7,0
341,2,player,1,2470.3,723.5,2581.1,918.0,2525.7,918.0,0
341,3,player,0,2269.0,711.2,2351.8,897.4,2310.4,897.4,0
341,4,player,1,1510.0,795.4,1575.6,1007.1,1542.8,1007.1,0
341,5,player,1,2014.1,996.8,2129.7,1248.5,2071.9,1248.5,0
341,10,player,0,2331.7,556.7,2403.4,730.5,2367.6,730.5,0
341,12,player,1,1680.8,538.1,1725.7,699.3,1703.2,699.3,0
341,13,player,1,1833.2,450.0,1879.4,594.1,1856.3,594.1,0
341,15,player,1,2187.2,529.0,2287.5,698.7,2237.4,698.7,0
341,16,player,1,2419.2,595.0,2511.8,759.2,2465.5,759.2,0
341,24,player,0,1409.2,1052.7,1511.8,1290.0,1460.5,1290.0,0
341,27,player,0,1185.1,755.2,1257.7,966.5,1221.4,966.5,0
341,32,player,1,871.7,522.5,962.3,681.2,917.0,681.2,0
341,33,player,1,845.4,709.6,934.0,905.7,889.7,905.7,1
341,36,player,0,998.8,432.2,1091.4,566.3,1045.1,566.3,0
341,38,player,0,1047.3,317.6,1095.8,429.9,1071.6,429.9,0
341,40,player,0,256.1,560.9,352.9,726.0,304.5,726.0,0
342,-1,ball,-1,915.2,889.8,927.2,901.8,921.2,895.8,0
342,2,player,1,2470.2,723.5,2581.1,918.0,2525.6,918.0,0
342,3,player,0,2269.0,711.3,2351.8,897.4,2310.4,897.4,0
342,4,player,1,1510.0,795.3,1575.6,1007.1,1542.8,1007.1,0
342,5,player,1,2014.1,996.8,2130.4,1248.5,2072.2,1248.5,0
342,10,player,0,2331.6,556.7,2403.4,730.5,2367.5,730.5,0
342,12,player,1,1680.8,538.2,1725.7,699.3,1703.2,699.3,0
342,13,player,1,1833.2,450.0,1879.4,594.2,1856.3,594.2,0
342,15,player,1,2187.2,529.1,2287.5,698.7,2237.4,698.7,0
342,16,player,1,2419.2,595.0,2511.7,759.2,2465.4,759.2,0
342,24,player,0,1409.2,1052.7,1511.8,1290.0,1460.5,1290.0,0
342,27,player,0,1185.1,755.2,1257.8,966.5,1221.4,966.5,0
342,32,player,1,871.7,522.5,962.3,681.2,917.0,681.2,0
342,33,player,1,845.5,709.6,934.1,905.7,889.8,905.7,1
342,36,player,0,998.8,432.2,1091.4,566.3,1045.1,566.3,0
342,38,player,0,1047.3,317.6,1095.8,429.9,1071.6,429.9,0
342,40,player,0,256.1,561.0,352.9,726.0,304.5,726.0,0
342,41,player,0,0.2,1091.5,34.3,1235.0,17.2,1235.0,0
343,-1,ball,-1,2457.2,749.0,2469.2,761.0,2463.2,755.0,0
343,2,player,1,2490.3,729.9,2607.9,921.6,2549.1,921.6,0
343,3,player,0,2295.5,710.9,2363.6,899.8,2329.6,899.8,0
343,4,player,1,1527.9,794.8,1602.0,1006.8,1565.0,1006.8,0
343,5,player,1,2000.5,994.4,2144.0,1241.0,2072.2,1241.0,0
343,10,player,0,2357.0,557.4,2421.3,731.7,2389.2,731.7,0
343,12,player,1,1700.2,539.4,1744.9,703.1,1722.6,703.1,0
343,13,player,1,1853.7,452.6,1904.8,594.6,1879.2,594.6,0
343,15,player,1,2210.7,529.2,2313.8,700.5,2262.2,700.5,0
343,16,player,1,2450.2,595.9,2534.1,758.6,2492.1,758.6,1
343,24,player,0,1416.9,1050.7,1514.3,1291.1,1465.6,1291.1,0
343,27,player,0,1209.6,752.8,1282.2,964.9,1245.9,964.9,0
343,32,player,1,895.0,523.0,981.6,681.9,938.3,681.9,0
343,33,player,1,871.6,709.5,955.2,903.3,913.4,903.3,0
343,36,player,0,1020.0,432.5,1116.4,567.6,1068.2,567.6,0
343,38,player,0,1071.3,317.3,1119.9,430.5,1095.6,430.5,0
343,40,player,0,282.6,561.3,378.4,726.8,330.5,726.8,0
343,41,player,0,0.1,985.3,63.8,1234.0,32.0,1234.0,0
344,-1,ball,-1,2457.2,749.0,2469.2,761.0,2463.2,755.0,0
344,2,player,1,2490.3,729.9,2607.9,921.6,2549.1,921.6,0
344,3,player,0,2295.5,710.9,2363.5,899.8,2329.5,899.8,0
344,4,player,1,1527.9,794.8,1602.5,1006.9,1565.2,1006.9,0
344,5,player,1,2000.5,994.5,2144.0,1241.0,2072.2,1241.0,0
344,10,player,0,2357.0,557.4,2421.3,731.7,2389.2,731.7,0
344,12,player,1,1700.2,539.4,1744.9,703.1,1722.6,703.1,0
344,13,player,1,1853.7,452.6,1904.8,594.6,1879.2,594.6,0
344,15,player,1,2210.7,529.2,2313.8,700.5,2262.2,700.5,0
344,16,player,1,2450.2,595.9,2534.1,758.6,2492.1,758.6,1
344,24,player,0,1416.9,1050.7,1514.2,1291.1,1465.6,1291.1,0
344,27,player,0,1209.6,752.8,1282.1,964.9,1245.8,964.9,0
344,32,player,1,894.9,523.0,981.6,681.9,938.2,681.9,0
344,33,player,1,871.7,709.4,955.2,903.3,913.4,903.3,0
344,36,player,0,1020.0,432.5,1116.4,567.6,1068.2,567.6,0
344,38,player,0,1071.3,317.3,1119.9,430.5,1095.6,430.5,0
344,40,player,0,282.6,561.3,378.4,726.8,330.5,726.8,0
344,41,player,0,0.1,985.3,63.8,1234.0,32.0,1234.0,0
345,-1,ball,-1,2457.2,749.0,2469.2,761.0,2463.2,755.0,0
345,2,player,1,2490.3,729.9,2607.8,921.6,2549.0,921.6,0
345,3,player,0,2295.3,710.9,2363.3,899.9,2329.3,899.9,0
345,4,player,1,1527.9,794.8,1602.0,1006.8,1565.0,1006.8,0
345,5,player,1,2000.8,994.7,2143.8,1241.0,2072.3,1241.0,0
345,10,player,0,2357.0,557.4,2421.3,731.6,2389.2,731.6,0
345,12,player,1,1700.4,539.4,1744.9,703.1,1722.6,703.1,0
345,13,player,1,1853.7,452.6,1904.8,594.6,1879.2,594.6,0
345,15,player,1,2210.7,529.3,2313.9,700.5,2262.3,700.5,0
345,16,player,1,2450.3,596.0,2533.9,758.4,2492.1,758.4,1
345,24,player,0,1416.9,1050.6,1514.3,1291.1,1465.6,1291.1,0
345,27,player,0,1209.6,752.8,1282.1,964.9,1245.8,964.9,0
345,32,player,1,894.9,523.0,981.6,681.9,938.2,681.9,0
345,33,player,1,871.6,709.4,955.2,903.3,913.4,903.3,0
345,36,player,0,1020.0,432.5,1116.4,567.6,1068.2,567.6,0
345,38,player,0,1071.3,317.3,1119.9,430.5,1095.6,430.5,0
345,40,player,0,282.6,561.2,378.4,726.9,330.5,726.9,0
345,41,player,0,0.2,985.4,63.8,1234.0,32.0,1234.0,0
346,-1,ball,-1,2485.2,750.2,2497.2,762.2,2491.2,756.2,0
346,2,player,1,2512.9,728.5,2633.3,922.1,2573.1,922.1,0
346,3,player,0,2319.6,711.5,2374.9,900.6,2347.2,900.6,0
346,4,player,1,1544.5,790.0,1626.7,1008.9,1585.6,1008.9,0
346,5,player,1,1991.5,994.3,2157.6,1232.6,2074.6,1232.6,0
346,10,player,0,2382.2,558.5,2437.6,733.1,2409.9,733.1,0
346,12,player,1,1716.4,540.0,1768.3,703.8,1742.4,703.8,0
346,13,player,1,1873.2,453.1,1930.4,595.4,1901.8,595.4,0
346,15,player,1,2237.7,529.4,2334.6,701.0,2286.1,701.0,0
346,16,player,1,2483.1,596.1,2545.6,748.4,2514.4,748.4,1
346,24,player,0,1423.1,1047.3,1524.4,1291.3,1473.8,1291.3,0
346,27,player,0,1233.9,750.7,1306.0,963.9,1270.0,963.9,0
346,32,player,1,916.1,525.2,1002.7,683.5,959.4,683.5,0
346,33,player,1,897.6,708.5,975.5,902.5,936.6,902.5,0
346,36,player,0,1043.3,433.4,1137.4,567.0,1090.4,567.0,0
346,38,player,0,1097.1,316.1,1145.2,431.6,1121.2,431.6,0
346,40,player,0,311.6,559.0,403.4,727.9,357.5,727.9,0
346,41,player,0,0.2,988.1,93.2,1233.8,46.7,1233.8,0
347,-1,ball,-1,2485.2,750.2,2497.2,762.2,2491.2,756.2,0
347,2,player,1,2512.9,728.5,2633.3,922.1,2573.1,922.1,0
347,3,player,0,2319.6,711.4,2375.0,900.6,2347.3,900.6,0
347,4,player,1,1544.4,789.9,1626.8,1008.8,1585.6,1008.8,0
347,5,player,1,1991.6,994.3,2157.6,1232.5,2074.6,1232.5,0
347,10,player,0,2382.2,558.5,2437.6,733.1,2409.9,733.1,0
347,12,player,1,1716.4,540.0,1768.3,703.8,1742.4,703.8,0
347,13,player,1,1873.3,453.1,1930.4,595.3,1901.8,595.3,0
347,15,player,1,2237.6,529.4,2334.6,701.0,2286.1,701.0,0
347,16,player,1,2483.2,596.1,2545.5,748.4,2514.4,748.4,1
347,24,player,0,1423.1,1047.3,1524.4,1291.4,1473.8,1291.4,0
347,27,player,0,1233.9,750.7,1306.0,964.0,1270.0,964.0,0
347,32,player,1,916.1,525.2,1002.7,683.5,959.4,683.5,0
347,33,player,1,897.6,708.5,975.5,902.5,936.6,902.5,0
347,36,player,0,1043.3,433.4,1137.4,567.0,1090.4,567.0,0
347,38,player,0,1097.7,316.1,1145.3,432.2,1121.5,432.2,0
347,40,player,0,311.7,559.0,403.4,727.9,357.5,727.9,0
347,41,player,0,0.2,988.0,93.2,1233.8,46.7,1233.8,0
348,-1,ball,-1,1708.9,538.4,1720.9,550.4,1714.9,544.4,0
348,2,player,1,2536.9,730.8,2655.6,923.8,2596.2,923.8,0
348,3,player,0,2339.9,713.5,2389.9,902.9,2364.9,902.9,0
348,4,player,1,1565.7,786.2,1649.0,1008.0,1607.4,1008.0,0
348,5,player,1,1995.4,996.8,2161.6,1229.8,2078.5,1229.8,0
348,10,player,0,2404.4,559.9,2454.2,736.6,2429.3,736.6,0
348,12,player,1,1728.9,541.9,1793.0,704.5,1761.0,704.5,0
348,13,player,1,1884.5,454.3,1956.8,596.3,1920.6,596.3,0
348,15,player,1,2264.0,527.5,2353.0,702.2,2308.5,702.2,0
348,16,player,1,2506.8,596.5,2560.9,759.3,2533.9,759.3,0
348,24,player,0,1426.3,1041.2,1534.5,1288.5,1480.4,1288.5,0
348,27,player,0,1256.9,750.4,1331.1,963.2,1294.0,963.2,0
348,32,player,1,941.9,523.0,1018.9,684.5,980.4,684.5,0
348,33,player,1,921.8,708.4,993.4,902.7,957.6,902.7,0
348,36,player,0,1066.1,433.3,1157.8,572.1,1111.9,572.1,0
348,38,player,0,1119.7,318.4,1168.7,432.9,1144.2,432.9,0
348,40,player,0,341.0,558.5,427.7,728.6,384.4,728.6,0
348,41,player,0,0.1,989.2,120.7,1235.1,60.4,1235.1,0
349,-1,ball,-1,932.6,326.6,944.6,338.6,938.6,332.6,0
349,2,player,1,2536.8,730.7,2655.6,923.8,2596.2,923.8,0
349,3,player,0,2339.7,713.5,2389.9,902.8,2364.8,902.8,0
349,4,player,1,1565.7,786.3,1649.0,1008.0,1607.4,1008.0,0
349,5,player,1,1995.4,996.9,2161.5,1229.9,2078.4,1229.9,0
349,10,player,0,2404.4,559.9,2454.2,736.5,2429.3,736.5,0
349,12,player,1,1728.9,541.9,1793.0,704.5,1761.0,704.5,0
349,13,player,1,1884.5,454.3,1956.8,596.3,1920.6,596.3,0
349,15,player,1,2264.0,527.5,2353.0,702.2,2308.5,702.2,0
349,16,player,1,2506.7,596.5,2560.9,759.3,2533.8,759.3,0
349,24,player,0,1426.3,1041.2,1534.5,1288.5,1480.4,1288.5,0
349,27,player,0,1257.2,750.6,1331.1,963.2,1294.2,963.2,0
349,32,player,1,941.9,522.9,1018.3,684.5,980.1,684.5,0
349,33,player,1,921.7,708.3,993.3,902.8,957.5,902.8,0
349,36,player,0,1066.2,433.5,1157.9,572.2,1112.1,572.2,0
349,38,player,0,1119.7,318.4,1168.7,432.9,1144.2,432.9,0
349,40,player,0,340.9,558.5,427.7,728.7,384.3,728.7,0
349,41,player,0,0.1,989.2,120.6,1235.0,60.4,1235.0,0
350,-1,ball,-1,2353.5,678.8,2365.5,690.8,2359.5,684.8,0
350,2,player,1,2561.4,731.1,2673.1,921.6,2617.2,921.6,0
350,3,player,0,2354.5,714.1,2413.9,903.4,2384.2,903.4,0
350,4,player,1,1577.9,783.7,1670.2,1006.7,1624.1,1006.7,0
350,5,player,1,2009.0,999.1,2162.2,1233.7,2085.6,1233.7,0
350,10,player,0,2424.7,561.3,2474.6,741.3,2449.6,741.3,0
350,12,player,1,1740.1,544.9,1818.1,705.0,1779.1,705.0,0
350,13,player,1,1899.1,455.7,1983.1,596.1,1941.1,596.1,0
350,15,player,1,2289.4,527.1,2368.8,701.9,2329.1,701.9,1
350,16,player,1,2529.0,596.5,2578.0,763.7,2553.5,763.7,0
350,24,player,0,1431.8,1035.9,1544.8,1283.2,1488.3,1283.2,0
350,27,player,0,1268.9,749.7,1353.2,962.1,1311.1,962.1,0
350,32,player,1,966.1,523.1,1031.4,685.1,998.8,685.1,0
350,33,player,1,947.7,709.6,1012.9,901.0,980.3,901.0,0
350,36,player,0,1089.4,432.9,1174.1,569.1,1131.8,569.1,0
350,38,player,0,1144.5,318.6,1191.0,432.2,1167.8,432.2,0
350,40,player,0,368.5,558.8,451.2,728.5,409.8,728.5,0
350,41,player,0,0.1,991.1,142.1,1235.9,71.1,1235.9,0
351,-1,ball,-1,2353.5,678.8,2365.5,690.8,2359.5,684.8,0
351,2,player,1,2561.4,731.1,2673.1,921.5,2617.2,921.5,0
351,3,player,0,2354.5,714.2,2413.9,903.4,2384.2,903.4,0
351,4,player,1,1577.8,783.8,1670.2,1006.6,1624.0,1006.6,0
351,5,player,1,2009.1,999.0,2162.2,1233.7,2085.6,1233.7,0
351,10,player,0,2424.7,561.3,2474.6,741.3,2449.6,741.3,0
351,12,player,1,1740.1,544.9,1818.1,705.0,1779.1,705.0,0
351,13,player,1,1899.1,455.7,1983.1,596.1,1941.1,596.1,0
351,15,player,1,2289.4,527.1,2368.8,701.9,2329.1,701.9,1
351,16,player,1,2529.0,596.5,2578.0,763.7,2553.5,763.7,0
351,24,player,0,1431.8,1035.9,1544.9,1283.1,1488.4,1283.1,0
351,27,player,0,1268.9,749.7,1353.2,962.1,1311.1,962.1,0
351,32,player,1,966.1,523.2,1031.4,685.1,998.8,685.1,0
351,33,player,1,947.7,709.6,1013.0,901.0,980.4,901.0,0
351,36,player,0,1089.4,432.8,1174.0,569.1,1131.7,569.1,0
351,38,player,0,1144.5,318.6,1190.9,432.2,1167.7,432.2,0
351,40,player,0,368.6,558.6,451.5,728.4,410.0,728.4,0
351,41,player,0,0.1,991.0,142.1,1236.0,71.1,1236.0,0
352,-1,ball,-1,2353.5,678.8,2365.5,690.8,2359.5,684.8,0
352,2,player,1,2561.3,731.1,2673.1,921.5,2617.2,921.5,0
352,3,player,0,2354.5,714.1,2414.0,903.4,2384.2,903.4,0
352,4,player,1,1577.7,783.7,1670.1,1006.6,1623.9,1006.6,0
352,5,player,1,2009.1,999.0,2162.1,1233.6,2085.6,1233.6,0
352,10,player,0,2424.7,561.3,2474.6,741.3,2449.6,741.3,0
352,12,player,1,1740.1,544.8,1818.1,705.0,1779.1,705.0,0
352,13,player,1,1899.1,455.7,1983.1,596.1,1941.1,596.1,0
352,15,player,1,2289.4,527.2,2368.8,701.9,2329.1,701.9,1
352,16,player,1,2529.0,596.5,2578.0,763.8,2553.5,763.8,0
352,24,player,0,1431.8,1035.9,1544.8,1283.2,1488.3,1283.2,0
352,27,player,0,1268.9,749.7,1353.2,962.1,1311.1,962.1,0
352,32,player,1,966.1,523.2,1031.4,685.1,998.8,685.1,0
352,33,player,1,947.7,709.6,1013.0,901.0,980.4,901.0,0
352,36,player,0,1089.4,432.9,1174.0,569.1,1131.7,569.1,0
352,38,player,0,1144.4,318.6,1191.0,432.2,1167.7,432.2,0
352,40,player,0,368.5,557.7,451.5,728.4,410.0,728.4,0
352,41,player,0,0.1,991.0,142.1,1235.9,71.1,1235.9,0
353,-1,ball,-1,984.6,328.0,996.6,340.0,990.6,334.0,0
353,2,player,1,2586.3,729.4,2686.2,919.3,2636.2,919.3,0
353,3,player,0,2357.7,716.4,2441.0,905.3,2399.4,905.3,0
353,4,player,1,1591.8,784.5,1693.9,1004.0,1642.8,1004.0,0
353,5,player,1,2036.8,999.3,2154.9,1236.9,2095.8,1236.9,0
353,10,player,0,2443.2,561.0,2498.3,741.9,2470.8,741.9,0
353,12,player,1,1760.2,546.1,1845.3,705.9,1802.8,705.9,0
353,13,player,1,1921.7,458.0,2008.3,598.1,1965.0,598.1,0
353,15,player,1,2314.9,527.9,2384.7,703.1,2349.8,703.1,0
353,16,player,1,2552.9,597.3,2600.1,763.4,2576.5,763.4,0
353,24,player,0,1440.1,1031.2,1554.2,1270.1,1497.2,1270.1,0
353,27,player,0,1285.6,750.3,1378.1,960.6,1331.8,960.6,0
353,32,player,1,990.0,522.7,1046.9,685.9,1018.4,685.9,0
353,33,player,1,971.2,709.8,1036.1,901.2,1003.6,901.2,0
353,36,player,0,1114.1,432.2,1190.8,568.4,1152.4,568.4,0
353,38,player,0,1168.8,317.8,1214.4,431.5,1191.6,431.5,0
353,40,player,0,394.5,559.4,475.0,726.7,434.8,726.7,0
353,41,player,0,16.3,990.5,156.6,1237.2,86.4,1237.2,0
354,-1,ball,-1,984.6,328.0,996.6,340.0,990.6,334.0,0
354,2,player,1,2586.3,729.4,2686.2,919.3,2636.2,919.3,0
354,3,player,0,2357.8,716.4,2441.0,905.3,2399.4,905.3,0
354,4,player,1,1592.1,784.6,1694.0,1004.0,1643.0,1004.0,0
354,5,player,1,2036.8,999.3,2154.9,1236.8,2095.8,1236.8,0
354,10,player,0,2443.2,561.0,2498.3,741.7,2470.8,741.7,0
354,12,player,1,1760.5,545.8,1845.3,706.1,1802.9,706.1,0
354,13,player,1,1921.7,458.0,2008.3,598.1,1965.0,598.1,0
354,15,player,1,2314.9,527.9,2384.8,703.0,2349.9,703.0,0
354,16,player,1,2552.9,597.3,2600.1,763.4,2576.5,763.4,0
354,24,player,0,1440.1,1031.2,1554.2,1270.1,1497.2,1270.1,0
354,27,player,0,1285.6,750.3,1378.1,960.7,1331.8,960.7,0
354,32,player,1,990.0,522.7,1046.9,685.9,1018.4,685.9,0
354,33,player,1,971.4,709.8,1036.1,901.2,1003.8,901.2,0
354,36,player,0,1114.2,432.2,1190.8,568.4,1152.5,568.4,0
354,38,player,0,1168.8,317.8,1214.4,431.5,1191.6,431.5,0
354,40,player,0,394.6,559.4,474.9,726.8,434.8,726.8,0
354,41,player,0,16.4,990.5,157.0,1237.2,86.7,1237.2,0
355,-1,ball,-1,1247.5,391.5,1259.5,403.5,1253.5,397.5,0
355,2,player,1,2611.4,728.2,2697.4,919.1,2654.4,919.1,0
355,3,player,0,2364.8,718.8,2466.3,907.0,2415.6,907.0,0
355,4,player,1,1616.1,785.7,1713.9,999.6,1665.0,999.6,0
355,5,player,1,2055.2,999.7,2137.1,1236.9,2096.1,1236.9,0
355,10,player,0,2461.3,561.4,2525.5,743.7,2493.4,743.7,0
355,12,player,1,1779.3,548.6,1871.1,706.9,1825.2,706.9,0
355,13,player,1,1945.4,458.6,2032.3,597.2,1988.8,597.2,0
355,15,player,1,2342.8,528.1,2399.4,702.2,2371.1,702.2,0
355,16,player,1,2574.2,598.4,2623.9,766.6,2599.0,766.6,0
355,24,player,0,1434.1,1026.7,1561.9,1264.7,1498.0,1264.7,0
355,27,player,0,1302.7,752.2,1403.9,961.6,1353.3,961.6,0
355,32,player,1,1014.9,524.1,1072.3,685.8,1043.6,685.8,0
355,33,player,1,995.1,710.0,1058.9,902.0,1027.0,902.0,0
355,36,player,0,1141.3,431.1,1204.6,569.1,1172.9,569.1,0
355,38,player,0,1192.7,317.1,1238.7,431.8,1215.7,431.8,1
355,40,player,0,422.9,559.7,494.6,726.8,458.8,726.8,0
355,41,player,0,42.3,986.5,167.3,1236.4,104.8,1236.4,0
356,-1,ball,-1,1510.4,455.0,1522.4,467.0,1516.4,461.0,0
356,2,player,1,2611.4,728.2,2697.3,919.1,2654.4,919.1,0
356,3,player,0,2364.8,718.8,2466.3,907.0,2415.6,907.0,0
356,4,player,1,1616.1,785.7,1713.9,999.6,1665.0,999.6,0
356,5,player,1,2055.3,999.7,2137.2,1236.9,2096.2,1236.9,0
356,10,player,0,2461.2,561.4,2525.5,743.7,2493.4,743.7,0
356,12,player,1,1779.3,548.6,1871.1,706.9,1825.2,706.9,0
356,13,player,1,1945.4,458.6,2032.3,597.2,1988.8,597.2,0
356,15,player,1,2342.8,528.1,2399.4,702.2,2371.1,702.2,0
356,16,player,1,2574.2,598.4,2623.9,766.6,2599.0,766.6,0
356,24,player,0,1434.1,1026.7,1562.0,1264.7,1498.0,1264.7,0
356,27,player,0,1302.7,752.2,1403.9,961.6,1353.3,961.6,0
356,32,player,1,1014.9,524.1,1072.3,685.5,1043.6,685.5,0
356,33,player,1,995.1,709.9,1058.9,902.0,1027.0,902.0,0
356,36,player,0,1141.3,431.1,1204.6,569.1,1172.9,569.1,0
356,38,player,0,1192.7,317.1,1238.7,431.8,1215.7,431.8,0
356,40,player,0,422.9,559.6,494.6,726.8,458.8,726.8,0
356,41,player,0,42.3,986.5,167.3,1236.4,104.8,1236.4,0
357,-1,ball,-1,1773.4,518.4,1785.4,530.4,1779.4,524.4,0
357,2,player,1,2611.3,728.2,2697.2,919.1,2654.2,919.1,0
357,3,player,0,2364.8,718.8,2466.3,907.1,2415.6,907.1,0
357,4,player,1,1616.1,785.7,1713.9,999.6,1665.0,999.6,0
357,5,player,1,2055.3,999.8,2137.1,1236.8,2096.2,1236.8,0
357,10,player,0,2461.3,561.4,2525.5,743.7,2493.4,743.7,0
357,12,player,1,1779.4,548.6,1871.1,706.9,1825.2,706.9,0
357,13,player,1,1945.4,458.6,2032.3,597.3,1988.8,597.3,0
357,15,player,1,2342.8,527.9,2399.4,702.3,2371.1,702.3,0
357,16,player,1,2574.2,598.4,2623.9,766.6,2599.0,766.6,0
357,24,player,0,1434.1,1026.7,1561.9,1264.6,1498.0,1264.6,0
357,27,player,0,1302.7,752.2,1403.9,961.6,1353.3,961.6,0
357,32,player,1,1014.9,524.1,1072.3,685.7,1043.6,685.7,0
357,33,player,1,995.1,710.0,1058.9,902.0,1027.0,902.0,0
357,36,player,0,1141.2,431.1,1204.6,569.1,1172.9,569.1,0
357,38,player,0,1192.7,317.1,1238.7,431.8,1215.7,431.8,0
357,40,player,0,422.9,559.7,494.6,726.8,458.8,726.8,0
357,41,player,0,42.3,986.5,167.5,1236.4,104.9,1236.4,0
358,-1,ball,-1,2036.4,581.8,2048.4,593.8,2042.4,587.8,0
358,2,player,1,2634.5,725.9,2706.5,920.7,2670.5,920.7,0
358,3,player,0,2385.2,720.8,2494.6,909.4,2439.9,909.4,0
358,4,player,1,1639.0,790.5,1729.6,998.7,1684.3,998.7,0
358,5,player,1,2054.2,996.4,2128.0,1236.1,2091.1,1236.1,0
358,10,player,0,2478.4,562.6,2551.6,743.1,2515.0,743.1,0
358,12,player,1,1803.5,549.5,1896.5,708.6,1850.0,708.6,0
358,13,player,1,1971.5,458.5,2054.4,598.8,2013.0,598.8,1
358,15,player,1,2365.5,527.9,2413.4,703.4,2389.4,703.4,0
358,16,player,1,2594.1,600.9,2646.8,766.2,2620.4,766.2,0
358,24,player,0,1431.0,1022.6,1566.9,1266.8,1499.0,1266.8,0
358,27,player,0,1326.8,752.3,1429.1,964.1,1377.9,964.1,0
358,32,player,1,1036.1,525.0,1096.1,684.0,1066.1,684.0,0
358,33,player,1,1019.2,709.8,1082.0,902.0,1050.6,902.0,0
358,36,player,0,1165.8,431.8,1219.4,569.5,1192.6,569.5,0
358,38,player,0,1215.7,317.3,1261.7,432.2,1238.7,432.2,0
358,40,player,0,448.8,561.3,516.4,726.4,482.6,726.4,0
358,41,player,0,71.6,982.9,169.4,1232.8,120.5,1232.8,0
359,-1,ball,-1,2036.4,581.8,2048.4,593.8,2042.4,587.8,0
359,2,player,1,2634.5,725.9,2706.5,920.7,2670.5,920.7,0
359,3,player,0,2385.4,720.8,2494.5,909.4,2440.0,909.4,0
359,4,player,1,1639.1,790.6,1729.6,998.7,1684.4,998.7,0
359,5,player,1,2054.2,996.3,2128.0,1236.1,2091.1,1236.1,0
359,10,player,0,2478.3,562.6,2551.6,743.1,2515.0,743.1,0
359,12,player,1,1803.6,549.5,1896.6,708.6,1850.1,708.6,0
359,13,player,1,1971.5,458.5,2054.3,598.8,2012.9,598.8,1
359,15,player,1,2365.5,528.0,2413.4,703.4,2389.4,703.4,0
359,16,player,1,2594.1,600.9,2646.9,766.6,2620.5,766.6,0
359,24,player,0,1431.0,1022.6,1566.9,1266.8,1499.0,1266.8,0
359,27,player,0,1326.8,752.6,1429.2,964.2,1378.0,964.2,0
359,32,player,1,1036.1,525.1,1096.1,684.0,1066.1,684.0,0
359,33,player,1,1019.2,709.8,1082.0,902.0,1050.6,902.0,0
359,36,player,0,1165.9,431.8,1219.4,569.5,1192.6,569.5,0
359,38,player,0,1215.7,317.3,1261.6,432.2,1238.6,432.2,0
359,40,player,0,448.8,561.5,516.4,726.4,482.6,726.4,0
359,41,player,0,71.6,982.8,169.4,1232.8,120.5,1232.8,0
360,-1,ball,-1,1532.4,1199.8,1544.4,1211.8,1538.4,1205.8,0
360,2,player,1,2660.3,727.3,2717.4,923.2,2688.9,923.2,0
360,3,player,0,2407.6,723.7,2519.8,910.5,2463.7,910.5,0
360,4,player,1,1651.7,792.8,1741.8,1000.9,1696.8,1000.9,0
360,5,player,1,2054.6,990.0,2150.5,1238.2,2102.6,1238.2,0
360,10,player,0,2492.8,564.3,2578.5,746.0,2535.6,746.0,0
360,12,player,1,1830.6,551.5,1920.4,709.4,1875.5,709.4,0
360,13,player,1,1994.7,459.3,2075.6,599.0,2035.2,599.0,0
360,15,player,1,2387.4,529.3,2436.9,705.8,2412.2,705.8,0
360,16,player,1,2605.2,602.9,2670.9,770.3,2638.0,770.3,0
360,24,player,0,1445.4,1019.0,1592.7,1263.0,1519.1,1263.0,1
360,27,player,0,1351.4,753.2,1452.8,964.2,1402.1,964.2,0
360,32,player,1,1051.3,524.9,1119.6,683.9,1085.4,683.9,0
360,33,player,1,1042.8,710.4,1103.3,901.8,1073.0,901.8,0
360,36,player,0,1188.1,432.2,1242.6,570.4,1215.4,570.4,0
360,38,player,0,1239.3,318.1,1284.9,433.0,1262.1,433.0,0
360,40,player,0,473.1,562.2,536.8,726.9,505.0,726.9,0
360,41,player,0,90.5,975.4,169.8,1230.6,130.2,1230.6,0
361,-1,ball,-1,1532.4,1199.8,1544.4,1211.8,1538.4,1205.8,0
361,2,player,1,2660.3,727.2,2717.4,923.2,2688.9,923.2,0
361,3,player,0,2407.7,723.7,2519.8,910.5,2463.8,910.5,0
361,4,player,1,1651.7,792.8,1741.8,1000.9,1696.8,1000.9,0
361,5,player,1,2054.5,990.0,2150.5,1238.0,2102.5,1238.0,0
361,10,player,0,2492.8,564.4,2578.5,746.0,2535.6,746.0,0
361,12,player,1,1830.6,551.5,1920.4,709.4,1875.5,709.4,0
361,13,player,1,1994.7,459.3,2075.6,599.0,2035.2,599.0,0
361,15,player,1,2387.4,529.3,2436.9,705.8,2412.2,705.8,0
361,16,player,1,2605.2,603.0,2670.9,770.3,2638.0,770.3,0
361,24,player,0,1445.9,1018.9,1592.7,1263.0,1519.3,1263.0,1
361,27,player,0,1351.4,753.2,1452.8,964.1,1402.1,964.1,0
361,32,player,1,1051.3,524.9,1119.6,683.9,1085.4,683.9,0
361,33,player,1,1042.8,710.4,1103.3,901.8,1073.0,901.8,0
361,36,player,0,1188.4,432.2,1242.6,570.4,1215.5,570.4,0
361,38,player,0,1239.2,318.1,1285.0,433.0,1262.1,433.0,0
361,40,player,0,473.1,562.2,536.8,726.9,505.0,726.9,0
361,41,player,0,90.4,975.3,170.4,1230.7,130.4,1230.7,0
362,-1,ball,-1,1545.6,1197.4,1557.6,1209.4,1551.6,1203.4,0
362,2,player,1,2673.9,729.8,2741.9,925.0,2707.9,925.0,0
362,3,player,0,2426.8,724.5,2543.8,912.4,2485.3,912.4,0
362,4,player,1,1664.8,792.4,1749.8,1001.9,1707.3,1001.9,0
362,5,player,1,2058.1,984.6,2170.5,1238.6,2114.3,1238.6,0
362,10,player,0,2512.4,565.5,2606.8,746.7,2559.6,746.7,0
362,12,player,1,1853.6,553.1,1937.3,710.3,1895.4,710.3,0
362,13,player,1,2016.4,460.6,2093.1,598.6,2054.8,598.6,0
362,15,player,1,2404.3,530.3,2462.5,706.7,2433.4,706.7,0
362,16,player,1,2630.9,608.0,2694.6,770.1,2662.8,770.1,0
362,24,player,0,1455.0,1017.3,1619.8,1246.6,1537.4,1246.6,1
362,27,player,0,1375.9,752.8,1477.7,964.5,1426.8,964.5,0
362,32,player,1,1062.2,526.0,1143.5,684.8,1102.8,684.8,0
362,33,player,1,1065.3,710.2,1125.3,901.3,1095.3,901.3,0
362,36,player,0,1208.4,434.3,1268.6,569.8,1238.5,569.8,0
362,38,player,0,1262.2,318.7,1309.0,433.9,1285.6,433.9,0
362,40,player,0,497.0,561.9,558.8,727.5,527.9,727.5,0
362,41,player,0,107.6,971.6,185.7,1232.7,146.6,1232.7,0
363,-1,ball,-1,1545.6,1197.4,1557.6,1209.4,1551.6,1203.4,0
363,2,player,1,2673.9,729.9,2742.0,925.0,2708.0,925.0,0
363,3,player,0,2426.9,724.5,2543.8,912.4,2485.4,912.4,0
363,4,player,1,1664.9,792.3,1749.8,1001.9,1707.4,1001.9,0
363,5,player,1,2058.1,984.5,2170.5,1238.5,2114.3,1238.5,0
363,10,player,0,2512.4,565.5,2606.9,746.7,2559.6,746.7,0
363,12,player,1,1853.6,553.1,1937.1,710.3,1895.4,710.3,0
363,13,player,1,2016.4,460.6,2093.1,598.5,2054.8,598.5,0
363,15,player,1,2404.3,530.3,2462.6,706.7,2433.4,706.7,0
363,16,player,1,2630.9,607.9,2694.6,770.2,2662.8,770.2,0
363,24,player,0,1455.0,1017.3,1619.8,1246.6,1537.4,1246.6,1
363,27,player,0,1375.9,752.8,1477.7,964.4,1426.8,964.4,0
363,32,player,1,1062.2,525.9,1143.5,684.8,1102.8,684.8,0
363,33,player,1,1065.3,710.3,1125.3,901.2,1095.3,901.2,0
363,36,player,0,1208.5,434.3,1268.6,569.8,1238.6,569.8,0
363,38,player,0,1262.2,318.7,1308.9,434.0,1285.6,434.0,0
363,40,player,0,497.0,561.9,558.7,727.4,527.8,727.4,0
363,41,player,0,107.5,971.6,185.7,1232.7,146.6,1232.7,0
364,-1,ball,-1,1545.6,1197.4,1557.6,1209.4,1551.6,1203.4,0
364,2,player,1,2673.9,729.8,2742.0,925.0,2708.0,925.0,0
364,3,player,0,2426.9,724.5,2543.9,912.4,2485.4,912.4,0
364,4,player,1,1664.9,792.4,1749.8,1001.9,1707.4,1001.9,0
364,5,player,1,2058.1,984.6,2170.5,1238.6,2114.3,1238.6,0
364,10,player,0,2512.4,565.5,2606.9,746.7,2559.6,746.7,0
364,12,player,1,1853.6,553.1,1937.2,710.4,1895.4,710.4,0
364,13,player,1,2016.4,460.6,2093.1,598.6,2054.8,598.6,0
364,15,player,1,2404.3,530.3,2462.6,706.7,2433.4,706.7,0
364,16,player,1,2630.8,608.0,2694.6,770.2,2662.7,770.2,0
364,24,player,0,1455.0,1017.4,1619.8,1246.6,1537.4,1246.6,1
364,27,player,0,1376.5,752.8,1477.7,964.5,1427.1,964.5,0
364,32,player,1,1062.2,525.8,1143.5,684.8,1102.8,684.8,0
364,33,player,1,1065.3,710.3,1125.3,901.2,1095.3,901.2,0
364,36,player,0,1208.4,434.3,1268.6,569.8,1238.5,569.8,0
364,38,player,0,1262.1,318.8,1309.1,433.9,1285.6,433.9,0
364,40,player,0,497.0,561.9,558.8,727.4,527.9,727.4,0
364,41,player,0,107.5,971.6,185.8,1232.7,146.6,1232.7,0
365,-1,ball,-1,1556.0,1196.2,1568.0,1208.2,1562.0,1202.2,0
365,2,player,1,2683.9,732.6,2769.4,926.4,2726.6,926.4,0
365,3,player,0,2449.0,726.0,2568.6,914.6,2508.8,914.6,0
365,4,player,1,1684.3,789.3,1760.6,1004.2,1722.4,1004.2,0
365,5,player,1,2045.7,982.6,2188.8,1226.6,2117.2,1226.6,0
365,10,player,0,2534.1,566.7,2630.4,748.8,2582.2,748.8,0
365,12,player,1,1873.9,554.8,1952.1,710.2,1913.0,710.2,0
365,13,player,1,2035.6,465.3,2107.5,598.4,2071.6,598.4,0
365,15,player,1,2411.4,532.3,2487.9,710.0,2449.6,710.0,0
365,16,player,1,2632.6,609.6,2717.5,774.9,2675.0,774.9,0
365,24,player,0,1463.7,1019.2,1643.6,1223.7,1553.6,1223.7,1
365,27,player,0,1404.9,753.6,1501.5,960.6,1453.2,960.6,0
365,32,player,1,1080.8,526.2,1168.2,685.9,1124.5,685.9,0
365,33,player,1,1087.3,709.6,1146.5,899.5,1116.9,899.5,0
365,36,player,0,1226.8,437.0,1292.4,572.4,1259.6,572.4,0
365,38,player,0,1281.7,321.4,1334.3,435.3,1308.0,435.3,0
365,40,player,0,519.3,562.0,582.0,727.3,550.6,727.3,0
365,41,player,0,123.3,969.1,204.9,1233.6,164.1,1233.6,0
366,-1,ball,-1,1556.0,1196.2,1568.0,1208.2,1562.0,1202.2,0
366,2,player,1,2683.9,732.5,2769.4,926.4,2726.6,926.4,0
366,3,player,0,2449.0,725.9,2568.6,914.6,2508.8,914.6,0
366,4,player,1,1684.3,789.3,1760.6,1004.2,1722.4,1004.2,0
366,5,player,1,2045.7,982.6,2188.8,1226.7,2117.2,1226.7,0
366,10,player,0,2534.1,566.7,2630.4,748.8,2582.2,748.8,0
366,12,player,1,1873.9,554.8,1952.1,710.2,1913.0,710.2,0
366,13,player,1,2035.6,465.2,2107.8,598.4,2071.7,598.4,0
366,15,player,1,2411.4,532.2,2487.9,710.0,2449.6,710.0,0
366,16,player,1,2632.7,609.6,2717.5,774.9,2675.1,774.9,0
366,24,player,0,1463.7,1019.2,1643.5,1223.7,1553.6,1223.7,1
366,27,player,0,1405.1,753.5,1501.5,960.7,1453.3,960.7,0
366,32,player,1,1080.9,526.2,1168.2,685.9,1124.6,685.9,0
366,33,player,1,1087.3,709.6,1146.5,899.5,1116.9,899.5,0
366,36,player,0,1226.7,437.0,1292.4,572.4,1259.6,572.4,0
366,38,player,0,1281.7,321.4,1334.3,435.3,1308.0,435.3,0
366,40,player,0,519.3,562.1,582.0,727.3,550.6,727.3,0
366,41,player,0,123.3,969.1,204.9,1233.6,164.1,1233.6,0
367,-1,ball,-1,1569.0,1195.9,1581.0,1207.9,1575.0,1201.9,0
367,2,player,1,2686.9,736.3,2795.1,927.0,2741.0,927.0,0
367,3,player,0,2473.9,726.9,2588.4,915.7,2531.2,915.7,0
367,4,player,1,1704.4,787.3,1780.2,1004.5,1742.3,1004.5,0
367,5,player,1,2040.6,981.4,2207.0,1220.0,2123.8,1220.0,0
367,10,player,0,2555.1,567.5,2657.5,751.1,2606.3,751.1,0
367,12,player,1,1885.9,557.9,1963.7,709.7,1924.8,709.7,0
367,13,player,1,2048.5,466.7,2120.1,600.8,2084.3,600.8,0
367,15,player,1,2424.2,534.8,2512.2,711.2,2468.2,711.2,0
367,16,player,1,2658.2,611.4,2736.9,779.7,2697.6,779.7,0
367,24,player,0,1464.3,1023.3,1654.8,1224.1,1559.6,1224.1,1
367,27,player,0,1439.5,752.0,1525.3,960.9,1482.4,960.9,0
367,32,player,1,1107.1,528.7,1188.5,686.5,1147.8,686.5,0
367,33,player,1,1109.5,709.5,1167.2,897.9,1138.4,897.9,0
367,36,player,0,1246.5,438.2,1316.0,572.9,1281.2,572.9,0
367,38,player,0,1300.3,323.7,1358.2,436.7,1329.2,436.7,0
367,40,player,0,540.0,562.3,608.3,727.4,574.2,727.4,0
367,41,player,0,137.0,970.9,226.4,1234.0,181.7,1234.0,0
368,-1,ball,-1,1569.0,1195.9,1581.0,1207.9,1575.0,1201.9,0
368,2,player,1,2687.0,736.3,2795.1,927.0,2741.0,927.0,0
368,3,player,0,2474.2,727.7,2587.2,915.6,2530.7,915.6,0
368,4,player,1,1704.4,787.3,1780.2,1004.4,1742.3,1004.4,0
368,5,player,1,2040.7,981.3,2206.5,1219.9,2123.6,1219.9,0
368,10,player,0,2555.1,567.5,2657.5,751.1,2606.3,751.1,0
368,12,player,1,1885.9,557.9,1963.7,709.7,1924.8,709.7,0
368,13,player,1,2048.5,466.7,2120.1,600.9,2084.3,600.9,0
368,15,player,1,2424.2,534.8,2512.2,711.2,2468.2,711.2,0
368,16,player,1,2658.2,611.4,2737.0,779.8,2697.6,779.8,0
368,24,player,0,1464.4,1023.3,1654.8,1224.1,1559.6,1224.1,1
368,27,player,0,1439.7,752.0,1525.3,960.9,1482.5,960.9,0
368,32,player,1,1107.0,528.7,1188.5,686.6,1147.8,686.6,0
368,33,player,1,1109.5,709.5,1167.2,897.9,1138.4,897.9,0
368,36,player,0,1246.5,438.2,1316.0,572.9,1281.2,572.9,0
368,38,player,0,1300.3,323.8,1358.2,436.7,1329.2,436.7,0
368,40,player,0,539.9,562.3,608.3,727.4,574.1,727.4,0
368,41,player,0,136.9,970.9,226.5,1234.0,181.7,1234.0,0
369,-1,ball,-1,1568.9,1195.9,1580.9,1207.9,1574.9,1201.9,0
369,2,player,1,2687.0,736.2,2795.1,927.4,2741.0,927.4,0
369,3,player,0,2473.9,726.9,2588.4,915.6,2531.2,915.6,0
369,4,player,1,1704.4,787.4,1780.2,1004.5,1742.3,1004.5,0
369,5,player,1,2040.8,981.4,2206.6,1219.9,2123.7,1219.9,0
369,10,player,0,2555.0,567.5,2657.5,751.1,2606.2,751.1,0
369,12,player,1,1885.9,557.8,1963.7,709.7,1924.8,709.7,0
369,13,player,1,2048.5,466.7,2120.1,600.8,2084.3,600.8,0
369,15,player,1,2424.2,534.8,2512.2,711.2,2468.2,711.2,0
369,16,player,1,2658.2,611.5,2736.9,779.8,2697.6,779.8,0
369,24,player,0,1464.3,1023.3,1654.8,1224.1,1559.6,1224.1,1
369,27,player,0,1440.3,752.0,1525.3,960.9,1482.8,960.9,0
369,32,player,1,1107.0,528.7,1188.4,686.5,1147.7,686.5,0
369,33,player,1,1109.5,709.5,1167.3,897.9,1138.4,897.9,0
369,36,player,0,1246.4,438.2,1316.1,572.9,1281.2,572.9,0
369,38,player,0,1300.3,323.7,1358.3,436.7,1329.3,436.7,0
369,40,player,0,539.9,562.3,608.3,727.5,574.1,727.5,0
369,41,player,0,137.1,970.9,226.4,1233.9,181.8,1233.9,0
370,-1,ball,-1,1579.2,1194.4,1591.2,1206.4,1585.2,1200.4,0
370,2,player,1,2701.7,736.4,2822.9,929.3,2762.3,929.3,0
370,3,player,0,2499.0,728.2,2604.2,916.1,2551.6,916.1,0
370,4,player,1,1722.3,782.5,1799.5,1005.1,1760.9,1005.1,0
370,5,player,1,2044.5,984.2,2211.8,1218.7,2128.2,1218.7,0
370,10,player,0,2581.8,569.9,2679.9,752.3,2630.9,752.3,0
370,12,player,1,1895.8,558.4,1974.4,711.5,1935.1,711.5,0
370,13,player,1,2062.5,466.2,2132.2,601.4,2097.4,601.4,0
370,15,player,1,2441.5,537.8,2537.7,712.5,2489.6,712.5,0
370,16,player,1,2685.1,613.9,2755.3,780.0,2720.2,780.0,0
370,24,player,0,1472.7,1026.4,1656.1,1222.6,1564.4,1222.6,1
370,27,player,0,1462.1,748.8,1546.2,959.9,1504.2,959.9,0
370,32,player,1,1127.5,529.7,1208.0,687.6,1167.8,687.6,0
370,33,player,1,1130.7,708.8,1189.1,898.3,1159.9,898.3,0
370,36,player,0,1265.2,441.1,1339.7,573.3,1302.4,573.3,0
370,38,player,0,1322.7,330.2,1380.4,438.1,1351.6,438.1,0
370,40,player,0,561.4,563.6,633.4,726.0,597.4,726.0,0
370,41,player,0,152.8,973.6,245.3,1237.2,199.0,1237.2,0
371,-1,ball,-1,1579.2,1194.4,1591.2,1206.4,1585.2,1200.4,0
371,2,player,1,2701.7,736.4,2822.9,929.3,2762.3,929.3,0
371,3,player,0,2499.0,728.2,2604.2,916.1,2551.6,916.1,0
371,4,player,1,1722.3,782.4,1799.5,1005.1,1760.9,1005.1,0
371,5,player,1,2044.5,984.3,2211.8,1218.6,2128.2,1218.6,0
371,10,player,0,2581.8,569.9,2679.9,752.3,2630.9,752.3,0
371,12,player,1,1895.8,558.4,1974.5,711.4,1935.2,711.4,0
371,13,player,1,2062.4,466.1,2132.2,601.4,2097.3,601.4,0
371,15,player,1,2441.5,537.8,2537.7,712.5,2489.6,712.5,0
371,16,player,1,2685.0,613.9,2755.3,780.0,2720.2,780.0,0
371,24,player,0,1472.7,1026.5,1656.0,1222.7,1564.4,1222.7,1
371,27,player,0,1462.1,748.8,1546.2,959.9,1504.2,959.9,0
371,32,player,1,1127.5,529.7,1208.3,687.6,1167.9,687.6,0
371,33,player,1,1130.7,708.8,1188.8,898.3,1159.8,898.3,0
371,36,player,0,1265.1,441.1,1339.8,573.3,1302.4,573.3,0
371,38,player,0,1322.8,330.2,1380.4,438.2,1351.6,438.2,0
371,40,player,0,561.4,563.7,633.3,725.9,597.3,725.9,0
371,41,player,0,152.8,973.6,245.3,1237.2,199.0,1237.2,0
372,-1,ball,-1,1579.2,1194.4,1591.2,1206.4,1585.2,1200.4,0
372,2,player,1,2701.7,736.4,2822.9,929.3,2762.3,929.3,0
372,3,player,0,2499.1,728.2,2604.2,916.1,2551.6,916.1,0
372,4,player,1,1722.3,782.3,1799.5,1005.1,1760.9,1005.1,0
372,5,player,1,2044.5,984.1,2211.8,1218.7,2128.2,1218.7,0
372,10,player,0,2581.8,569.9,2679.9,752.3,2630.9,752.3,0
372,12,player,1,1895.8,558.4,1974.5,711.5,1935.2,711.5,0
372,13,player,1,2062.5,466.2,2132.2,601.4,2097.4,601.4,0
372,15,player,1,2441.5,537.8,2537.7,712.5,2489.6,712.5,0
372,16,player,1,2685.1,613.9,2755.3,780.0,2720.2,780.0,0
372,24,player,0,1472.7,1026.5,1655.7,1222.7,1564.2,1222.7,1
372,27,player,0,1462.2,748.8,1546.2,959.8,1504.2,959.8,0
372,32,player,1,1127.5,529.6,1208.3,687.6,1167.9,687.6,0
372,33,player,1,1130.7,708.8,1189.1,898.3,1159.9,898.3,0
372,36,player,0,1265.1,441.1,1339.7,573.3,1302.4,573.3,0
372,38,player,0,1322.8,330.3,1380.4,438.1,1351.6,438.1,0
372,40,player,0,561.5,563.7,633.3,725.9,597.4,725.9,0
372,41,player,0,152.6,973.6,245.3,1237.2,199.0,1237.2,0
373,-1,ball,-1,2716.0,772.2,2728.0,784.2,2722.0,778.2,0
373,2,player,1,2722.3,737.9,2849.4,930.1,2785.9,930.1,0
373,3,player,0,2527.6,727.8,2617.1,916.6,2572.4,916.6,0
373,4,player,1,1744.2,780.6,1814.4,1002.8,1779.3,1002.8,0
373,5,player,1,2061.4,985.8,2212.6,1219.0,2137.0,1219.0,0
373,10,player,0,2607.2,569.4,2703.7,753.7,2655.4,753.7,0
373,12,player,1,1906.0,557.8,1987.8,710.9,1946.9,710.9,0
373,13,player,1,2080.8,464.7,2150.3,600.2,2115.6,600.2,0
373,15,player,1,2464.1,540.1,2561.6,714.7,2512.8,714.7,0
373,16,player,1,2722.1,614.6,2775.7,774.8,2748.9,774.8,1
373,24,player,0,1489.7,1026.8,1643.0,1224.5,1566.4,1224.5,0
373,27,player,0,1492.9,744.6,1568.0,958.7,1530.4,958.7,0
373,32,player,1,1145.3,530.2,1229.3,686.4,1187.3,686.4,0
373,33,player,1,1151.5,708.2,1210.6,897.5,1181.0,897.5,0
373,36,player,0,1283.7,441.5,1362.5,573.9,1323.1,573.9,0
373,38,player,0,1343.6,330.5,1405.2,438.8,1374.4,438.8,0
373,40,player,0,583.5,563.4,658.5,725.4,621.0,725.4,0
373,41,player,0,167.6,978.5,267.3,1239.6,217.4,1239.6,0
374,-1,ball,-1,1212.6,334.9,1224.6,346.9,1218.6,340.9,0
374,2,player,1,2748.0,744.0,2873.9,932.8,2811.0,932.8,0
374,3,player,0,2555.7,727.6,2628.0,919.5,2591.8,919.5,0
374,4,player,1,1760.7,781.1,1832.6,996.3,1796.6,996.3,0
374,5,player,1,2086.3,988.4,2207.7,1221.8,2147.0,1221.8,0
374,10,player,0,2635.4,568.8,2724.0,753.5,2679.7,753.5,0
374,12,player,1,1926.3,556.1,2012.9,713.2,1969.6,713.2,0
374,13,player,1,2095.3,462.5,2176.1,602.7,2135.7,602.7,0
374,15,player,1,2489.4,540.5,2585.6,715.9,2537.5,715.9,0
374,16,player,1,2744.4,613.9,2794.7,774.6,2769.6,774.6,0
374,24,player,0,1509.4,1024.8,1656.1,1225.6,1582.8,1225.6,0
374,27,player,0,1524.0,742.2,1591.1,957.8,1557.6,957.8,0
374,32,player,1,1167.9,529.8,1247.8,686.7,1207.8,686.7,0
374,33,player,1,1174.5,708.3,1234.1,896.9,1204.3,896.9,0
374,36,player,0,1305.7,442.6,1383.1,572.6,1344.4,572.6,0
374,38,player,0,1364.9,330.8,1428.5,439.9,1396.7,439.9,0
374,40,player,0,606.5,564.2,681.2,726.5,643.8,726.5,0
374,41,player,0,173.0,985.2,289.3,1240.9,231.2,1240.9,0
375,-1,ball,-1,1212.7,334.9,1224.7,346.9,1218.7,340.9,0
375,2,player,1,2747.8,743.9,2873.9,932.8,2810.9,932.8,0
375,3,player,0,2555.7,727.6,2628.0,919.5,2591.8,919.5,0
375,4,player,1,1760.8,781.1,1832.7,996.3,1796.8,996.3,0
375,5,player,1,2086.5,988.4,2207.6,1221.8,2147.0,1221.8,0
375,10,player,0,2635.4,568.9,2724.1,753.5,2679.8,753.5,0
375,12,player,1,1926.4,556.1,2012.9,713.1,1969.6,713.1,0
375,13,player,1,2095.3,462.5,2176.1,602.8,2135.7,602.8,0
375,15,player,1,2489.4,540.5,2585.4,715.9,2537.4,715.9,0
375,16,player,1,2744.4,613.9,2794.7,774.6,2769.6,774.6,0
375,24,player,0,1509.4,1024.7,1656.1,1225.7,1582.8,1225.7,0
375,27,player,0,1524.0,742.2,1591.1,957.8,1557.6,957.8,0
375,32,player,1,1167.9,529.8,1247.8,686.7,1207.8,686.7,0
375,33,player,1,1174.5,708.3,1234.1,896.9,1204.3,896.9,0
375,36,player,0,1305.6,442.6,1383.1,572.6,1344.4,572.6,0
375,38,player,0,1364.8,331.2,1428.5,439.9,1396.6,439.9,0
375,40,player,0,606.5,564.2,681.2,726.5,643.8,726.5,0
375,41,player,0,173.0,985.2,289.3,1240.9,231.2,1240.9,0
376,-1,ball,-1,1212.7,334.9,1224.7,346.9,1218.7,340.9,0
376,2,player,1,2747.8,744.0,2873.8,932.8,2810.8,932.8,0
376,3,player,0,2555.7,727.6,2628.0,919.5,2591.8,919.5,0
376,4,player,1,1760.8,781.1,1832.7,996.2,1796.8,996.2,0
376,5,player,1,2086.4,988.4,2207.6,1221.8,2147.0,1221.8,0
376,10,player,0,2635.4,568.9,2724.1,753.5,2679.8,753.5,0
376,12,player,1,1926.4,556.1,2012.9,713.1,1969.6,713.1,0
376,13,player,1,2095.3,462.4,2176.1,602.8,2135.7,602.8,0
376,15,player,1,2489.4,540.6,2585.6,715.9,2537.5,715.9,0
376,16,player,1,2744.4,613.9,2794.7,774.6,2769.6,774.6,0
376,24,player,0,1509.4,1024.8,1656.1,1225.7,1582.8,1225.7,0
376,27,player,0,1524.0,742.2,1591.1,957.9,1557.6,957.9,0
376,32,player,1,1167.9,529.8,1247.8,686.7,1207.8,686.7,0
376,33,player,1,1174.6,708.3,1234.1,896.9,1204.4,896.9,0
376,36,player,0,1305.6,442.6,1383.1,572.6,1344.4,572.6,0
376,38,player,0,1364.9,330.8,1428.5,440.0,1396.7,440.0,0
376,40,player,0,606.5,564.2,681.2,726.5,643.8,726.5,0
376,41,player,0,173.0,985.2,289.3,1240.9,231.2,1240.9,0
377,-1,ball,-1,1466.4,1148.6,1478.4,1160.6,1472.4,1154.6,0
377,2,player,1,2769.2,740.4,2879.1,929.5,2824.1,929.5,0
377,3,player,0,2581.6,729.0,2639.6,920.6,2610.6,920.6,0
377,4,player,1,1781.7,782.6,1850.2,993.3,1816.0,993.3,0
377,5,player,1,2111.3,987.3,2200.1,1223.8,2155.7,1223.8,0
377,10,player,0,2664.6,571.0,2744.6,754.0,2704.6,754.0,0
377,12,player,1,1948.1,554.4,2037.7,715.5,1992.9,715.5,0
377,13,player,1,2117.6,463.6,2200.0,602.3,2158.8,602.3,0
377,15,player,1,2518.2,542.5,2607.5,716.4,2562.8,716.4,0
377,16,player,1,2767.7,615.0,2816.1,737.8,2791.9,737.8,0
377,24,player,0,1531.8,1022.2,1666.8,1224.4,1599.3,1224.4,0
377,27,player,0,1552.3,742.4,1615.7,955.8,1584.0,955.8,0
377,32,player,1,1191.9,528.8,1263.3,688.1,1227.6,688.1,0
377,33,player,1,1197.0,710.6,1258.8,898.2,1227.9,898.2,0
377,36,player,0,1324.7,443.8,1401.7,576.7,1363.2,576.7,0
377,38,player,0,1385.4,329.2,1450.2,440.7,1417.8,440.7,0
377,40,player,0,629.4,564.6,702.6,726.7,666.0,726.7,0
377,41,player,0,183.6,988.2,311.2,1241.6,247.4,1241.6,0
378,-1,ball,-1,1466.2,1148.6,1478.2,1160.6,1472.2,1154.6,0
378,2,player,1,2769.3,740.4,2879.1,929.5,2824.2,929.5,0
378,3,player,0,2581.5,728.9,2639.6,920.7,2610.6,920.7,0
378,4,player,1,1781.7,782.6,1850.2,993.3,1816.0,993.3,0
378,5,player,1,2111.3,987.3,2200.1,1223.8,2155.7,1223.8,0
378,10,player,0,2664.6,571.0,2744.6,754.0,2704.6,754.0,0
378,12,player,1,1948.1,554.4,2037.7,715.5,1992.9,715.5,0
378,13,player,1,2117.2,463.6,2200.0,602.4,2158.6,602.4,0
378,15,player,1,2518.2,542.5,2607.5,716.5,2562.8,716.5,0
378,16,player,1,2767.8,615.1,2816.1,737.7,2792.0,737.7,0
378,24,player,0,1531.8,1022.1,1666.7,1224.3,1599.2,1224.3,0
378,27,player,0,1552.3,742.4,1615.8,955.8,1584.0,955.8,0
378,32,player,1,1192.0,528.8,1263.3,688.1,1227.6,688.1,0
378,33,player,1,1197.0,710.6,1258.8,898.2,1227.9,898.2,0
378,36,player,0,1324.7,443.8,1401.7,576.6,1363.2,576.6,0
378,38,player,0,1385.5,329.2,1450.2,440.7,1417.8,440.7,0
378,40,player,0,629.4,564.8,702.9,727.0,666.2,727.0,0
378,41,player,0,183.6,988.2,311.2,1241.6,247.4,1241.6,0
379,-1,ball,-1,1403.2,1128.0,1415.2,1140.0,1409.2,1134.0,0
379,2,player,1,2798.7,745.2,2879.1,931.0,2838.9,931.0,0
379,3,player,0,2600.9,728.0,2659.0,923.4,2630.0,923.4,0
379,4,player,1,1805.4,788.5,1866.3,995.7,1835.8,995.7,0
379,5,player,1,2119.2,982.6,2208.9,1225.8,2164.0,1225.8,0
379,10,player,0,2694.1,573.1,2764.4,756.2,2729.2,756.2,0
379,12,player,1,1980.5,553.8,2063.2,717.1,2021.8,717.1,0
379,13,player,1,2147.4,459.5,2226.2,602.4,2186.8,602.4,0
379,15,player,1,2552.1,543.5,2629.9,717.4,2591.0,717.4,0
379,16,player,1,2791.5,615.6,2840.6,779.1,2816.0,779.1,0
379,24,player,0,1554.1,1020.2,1679.2,1224.5,1616.6,1224.5,0
379,27,player,0,1578.4,743.5,1642.9,953.9,1610.6,953.9,0
379,32,player,1,1217.9,529.1,1281.8,688.3,1249.8,688.3,0
379,33,player,1,1221.5,711.3,1288.4,898.2,1255.0,898.2,0
379,36,player,0,1336.5,446.7,1417.3,574.0,1376.9,574.0,0
379,38,player,0,1412.2,331.7,1474.8,441.5,1443.5,441.5,0
379,40,player,0,654.4,565.6,727.5,728.9,691.0,728.9,0
379,41,player,0,197.4,991.7,336.3,1241.3,266.8,1241.3,0
380,-1,ball,-1,1403.2,1128.0,1415.2,1140.0,1409.2,1134.0,0
380,2,player,1,2798.7,745.2,2879.1,931.0,2838.9,931.0,0
380,3,player,0,2600.9,728.0,2659.0,923.3,2630.0,923.3,0
380,4,player,1,1805.4,788.5,1866.6,995.7,1836.0,995.7,0
380,5,player,1,2119.0,982.6,2208.9,1225.8,2164.0,1225.8,0
380,10,player,0,2694.1,573.1,2764.4,756.2,2729.2,756.2,0
380,12,player,1,1980.5,553.8,2063.2,717.1,2021.8,717.1,0
380,13,player,1,2147.4,459.5,2226.2,602.4,2186.8,602.4,0
380,15,player,1,2552.1,543.5,2629.9,717.4,2591.0,717.4,0
380,16,player,1,2791.5,615.6,2840.6,779.1,2816.0,779.1,0
380,24,player,0,1554.1,1020.3,1679.2,1224.5,1616.6,1224.5,0
380,27,player,0,1578.4,743.5,1642.9,953.8,1610.6,953.8,0
380,32,player,1,1217.9,529.1,1281.8,688.3,1249.8,688.3,0
380,33,player,1,1221.5,711.3,1288.4,898.2,1255.0,898.2,0
380,36,player,0,1336.5,446.6,1417.3,574.0,1376.9,574.0,0
380,38,player,0,1412.2,331.7,1474.8,441.5,1443.5,441.5,0
380,40,player,0,654.4,565.6,727.5,728.9,691.0,728.9,0
380,41,player,0,197.4,991.7,336.3,1241.3,266.8,1241.3,0
381,-1,ball,-1,1403.2,1128.0,1415.2,1140.0,1409.2,1134.0,0
381,2,player,1,2798.6,745.2,2879.1,931.0,2838.8,931.0,0
381,3,player,0,2600.9,728.0,2659.0,923.3,2630.0,923.3,0
381,4,player,1,1805.4,788.5,1866.3,995.7,1835.8,995.7,0
381,5,player,1,2119.2,982.6,2208.9,1225.8,2164.0,1225.8,0
381,10,player,0,2694.1,573.1,2764.4,756.2,2729.2,756.2,0
381,12,player,1,1980.5,553.8,2063.3,717.1,2021.9,717.1,0
381,13,player,1,2147.4,459.6,2226.3,602.4,2186.9,602.4,0
381,15,player,1,2552.1,543.5,2629.9,717.4,2591.0,717.4,0
381,16,player,1,2791.5,615.6,2840.6,779.1,2816.0,779.1,0
381,24,player,0,1554.1,1020.2,1679.2,1224.3,1616.6,1224.3,0
381,27,player,0,1578.4,743.5,1642.9,953.8,1610.6,953.8,0
381,32,player,1,1218.0,528.8,1281.8,688.2,1249.9,688.2,0
381,33,player,1,1221.5,711.3,1288.4,898.1,1255.0,898.1,0
381,36,player,0,1336.5,446.7,1417.3,574.0,1376.9,574.0,0
381,38,player,0,1412.2,331.7,1474.8,441.5,1443.5,441.5,0
381,40,player,0,654.4,565.6,727.5,728.9,691.0,728.9,0
381,41,player,0,197.4,991.7,336.3,1241.3,266.8,1241.3,0
382,-1,ball,-1,1403.2,1128.0,1415.2,1140.0,1409.2,1134.0,0
382,2,player,1,2798.6,745.3,2879.1,931.0,2838.8,931.0,0
382,3,player,0,2600.9,728.0,2658.8,923.3,2629.9,923.3,0
382,4,player,1,1805.4,788.5,1866.3,995.8,1835.8,995.8,0
382,5,player,1,2119.1,982.6,2208.9,1225.8,2164.0,1225.8,0
382,10,player,0,2694.1,573.0,2764.4,756.2,2729.2,756.2,0
382,12,player,1,1980.6,553.8,2063.3,717.1,2022.0,717.1,0
382,13,player,1,2147.4,459.5,2226.3,602.4,2186.9,602.4,0
382,15,player,1,2551.5,543.7,2630.0,717.5,2590.8,717.5,0
382,16,player,1,2791.5,615.6,2840.6,779.0,2816.0,779.0,0
382,24,player,0,1554.2,1020.2,1679.2,1224.5,1616.7,1224.5,0
382,27,player,0,1578.3,743.5,1642.9,953.8,1610.6,953.8,0
382,32,player,1,1218.0,529.2,1281.9,688.3,1250.0,688.3,0
382,33,player,1,1221.5,711.3,1288.4,898.2,1255.0,898.2,0
382,36,player,0,1336.6,446.6,1417.3,574.0,1376.9,574.0,0
382,38,player,0,1412.2,331.7,1474.8,441.6,1443.5,441.6,0
382,40,player,0,654.4,565.6,727.5,729.0,691.0,729.0,0
382,41,player,0,197.4,991.7,336.2,1241.3,266.8,1241.3,0
383,-1,ball,-1,1345.2,1112.8,1357.2,1124.8,1351.2,1118.8,0
383,2,player,1,2828.5,764.9,2879.4,934.2,2854.0,934.2,0
383,3,player,0,2626.6,728.0,2689.0,926.8,2657.8,926.8,0
383,4,player,1,1826.3,790.7,1883.8,997.4,1855.0,997.4,0
383,5,player,1,2136.6,976.8,2228.0,1227.9,2182.3,1227.9,0
383,10,player,0,2727.5,572.0,2785.3,756.3,2756.4,756.3,0
383,12,player,1,2009.0,553.6,2086.7,713.1,2047.8,713.1,0
383,13,player,1,2167.3,462.6,2256.7,602.6,2212.0,602.6,0
383,15,player,1,2585.3,544.0,2653.0,717.3,2619.2,717.3,0
383,16,player,1,2816.4,616.5,2868.2,787.4,2842.3,787.4,0
383,24,player,0,1573.0,1017.9,1692.5,1223.6,1632.8,1223.6,0
383,27,player,0,1605.8,746.4,1675.4,955.4,1640.6,955.4,0
383,32,player,1,1244.4,529.3,1303.4,689.2,1273.9,689.2,0
383,33,player,1,1247.1,711.8,1317.8,896.5,1282.4,896.5,0
383,36,player,0,1352.3,447.2,1435.0,573.3,1393.6,573.3,0
383,40,player,0,681.5,564.2,754.2,728.6,717.8,728.6,0
383,41,player,0,217.8,991.7,357.3,1240.7,287.6,1240.7,0
384,-1,ball,-1,1345.2,1112.6,1357.2,1124.6,1351.2,1118.6,0
384,2,player,1,2828.2,763.9,2879.1,934.6,2853.6,934.6,0
384,3,player,0,2626.8,727.8,2689.0,926.8,2657.9,926.8,0
384,4,player,1,1826.1,790.6,1884.0,997.5,1855.0,997.5,0
384,5,player,1,2136.6,976.9,2228.2,1227.9,2182.4,1227.9,0
384,10,player,0,2727.5,571.9,2785.3,756.3,2756.4,756.3,0
384,12,player,1,2009.0,553.5,2086.7,712.9,2047.8,712.9,0
384,13,player,1,2167.5,462.6,2256.7,602.5,2212.1,602.5,0
384,15,player,1,2585.3,544.0,2653.0,717.3,2619.2,717.3,0
384,16,player,1,2816.4,616.5,2868.2,787.4,2842.3,787.4,0
384,24,player,0,1573.1,1017.8,1692.5,1223.5,1632.8,1223.5,0
384,27,player,0,1605.8,746.3,1675.6,955.5,1640.7,955.5,0
384,32,player,1,1244.4,529.3,1303.4,689.3,1273.9,689.3,0
384,33,player,1,1247.4,711.9,1317.8,896.4,1282.6,896.4,0
384,36,player,0,1352.3,447.2,1435.0,573.2,1393.6,573.2,0
384,38,player,0,1440.8,332.8,1497.2,441.3,1469.0,441.3,0
384,40,player,0,681.5,564.3,754.2,728.6,717.8,728.6,0
384,41,player,0,217.8,991.7,357.3,1240.7,287.6,1240.7,0
385,-1,ball,-1,1291.9,1094.4,1303.9,1106.4,1297.9,1100.4,0
385,3,player,0,2644.1,729.5,2722.1,926.7,2683.1,926.7,0
385,4,player,1,1845.8,789.7,1909.8,998.1,1877.8,998.1,0
385,5,player,1,2158.8,970.9,2245.7,1218.3,2202.2,1218.3,0
385,10,player,0,2756.0,571.2,2813.4,758.0,2784.7,758.0,0
385,12,player,1,2036.4,553.2,2109.7,709.5,2073.0,709.5,0
385,13,player,1,2192.8,461.0,2286.2,601.7,2239.5,601.7,0
385,15,player,1,2620.9,544.2,2668.5,715.2,2644.7,715.2,0
385,16,player,1,2842.6,620.6,2879.3,791.4,2861.0,791.4,0
385,24,player,0,1589.6,1015.6,1708.1,1220.2,1648.8,1220.2,0
385,27,player,0,1636.6,749.7,1709.0,956.7,1672.8,956.7,0
385,32,player,1,1273.6,530.4,1328.4,689.7,1301.0,689.7,0
385,33,player,1,1276.7,712.6,1349.9,896.1,1313.3,896.1,0
385,36,player,0,1371.0,445.4,1468.3,575.0,1419.6,575.0,0
385,40,player,0,712.4,560.3,780.6,728.2,746.5,728.2,0
385,41,player,0,243.5,987.3,379.6,1238.0,311.6,1238.0,0
386,-1,ball,-1,1244.6,1075.8,1256.6,1087.8,1250.6,1081.8,0
386,3,player,0,2658.9,734.3,2764.5,929.5,2711.7,929.5,0
386,4,player,1,1870.3,784.7,1939.2,997.8,1904.8,997.8,0
386,5,player,1,2165.1,969.8,2270.4,1215.4,2217.8,1215.4,0
386,10,player,0,2789.2,575.5,2849.1,759.5,2819.1,759.5,0
386,12,player,1,2067.1,555.3,2132.8,710.1,2100.0,710.1,0
386,13,player,1,2227.1,465.9,2315.5,601.8,2271.3,601.8,0
386,15,player,1,2652.7,542.0,2705.2,720.5,2679.0,720.5,0
386,24,player,0,1605.1,1014.9,1725.8,1218.6,1665.4,1218.6,0
386,27,player,0,1668.5,752.7,1743.6,957.5,1706.0,957.5,0
386,32,player,1,1297.6,529.8,1359.9,689.7,1328.8,689.7,0
386,33,player,1,1303.4,711.5,1378.5,891.3,1341.0,891.3,0
386,36,player,0,1400.5,443.1,1499.4,574.3,1450.0,574.3,0
386,40,player,0,744.0,559.7,811.1,723.6,777.6,723.6,0
386,41,player,0,270.5,985.7,399.2,1235.9,334.8,1235.9,0
387,-1,ball,-1,1244.6,1075.8,1256.6,1087.8,1250.6,1081.8,0
387,3,player,0,2658.9,734.3,2764.5,929.5,2711.7,929.5,0
387,4,player,1,1870.4,784.8,1938.8,997.8,1904.6,997.8,0
387,5,player,1,2165.3,969.8,2270.5,1215.4,2217.9,1215.4,0
387,10,player,0,2789.1,575.5,2849.1,759.5,2819.1,759.5,0
387,12,player,1,2067.1,555.2,2132.9,710.1,2100.0,710.1,0
387,13,player,1,2226.5,465.9,2315.9,601.5,2271.2,601.5,0
387,15,player,1,2652.6,541.9,2705.2,720.6,2678.9,720.6,0
387,24,player,0,1605.0,1014.9,1725.8,1218.8,1665.4,1218.8,0
387,27,player,0,1668.5,752.7,1743.6,957.6,1706.0,957.6,0
387,32,player,1,1297.7,529.9,1359.9,689.8,1328.8,689.8,0
387,33,player,1,1303.3,710.3,1378.2,891.2,1340.8,891.2,0
387,36,player,0,1400.5,443.0,1499.4,574.3,1450.0,574.3,0
387,40,player,0,743.9,559.6,811.2,723.7,777.6,723.7,0
387,41,player,0,270.6,985.7,399.2,1236.2,334.9,1236.2,0
387,42,player,0,1501.6,315.8,1548.5,438.3,1525.0,438.3,0
388,-1,ball,-1,1244.6,1075.8,1256.6,1087.8,1250.6,1081.8,0
388,3,player,0,2659.0,734.3,2764.4,929.5,2711.7,929.5,0
388,4,player,1,1870.3,784.7,1939.2,997.9,1904.8,997.9,0
388,5,player,1,2165.3,969.7,2270.5,1215.4,2217.9,1215.4,0
388,10,player,0,2789.2,575.5,2849.1,759.5,2819.1,759.5,0
388,12,player,1,2067.0,555.2,2132.9,710.1,2100.0,710.1,0
388,13,player,1,2226.5,465.9,2315.8,601.5,2271.2,601.5,0
388,15,player,1,2652.6,542.0,2705.2,720.6,2678.9,720.6,0
388,24,player,0,1605.0,1014.9,1725.8,1218.8,1665.4,1218.8,0
388,27,player,0,1668.4,752.8,1743.6,957.5,1706.0,957.5,0
388,32,player,1,1297.7,529.8,1359.9,689.7,1328.8,689.7,0
388,33,player,1,1303.4,711.5,1378.5,891.3,1341.0,891.3,0
388,36,player,0,1400.4,443.0,1499.4,574.3,1449.9,574.3,0
388,40,player,0,743.9,559.6,811.1,723.7,777.5,723.7,0
388,41,player,0,270.5,985.7,399.3,1236.3,334.9,1236.3,0
388,42,player,0,1501.7,315.9,1548.5,438.3,1525.1,438.3,0
389,-1,ball,-1,1203.3,1059.8,1215.3,1071.8,1209.3,1065.8,0
389,3,player,0,2683.2,735.5,2803.3,930.9,2743.2,930.9,0
389,4,player,1,1898.3,779.4,1975.1,997.1,1936.7,997.1,0
389,5,player,1,2177.5,969.4,2299.2,1204.1,2238.4,1204.1,0
389,10,player,0,2822.4,577.1,2879.2,759.8,2850.8,759.8,0
389,12,player,1,2095.0,555.6,2155.9,710.7,2125.4,710.7,0
389,13,player,1,2257.1,467.8,2341.0,602.8,2299.0,602.8,0
389,15,player,1,2687.9,544.5,2735.8,722.2,2711.9,722.2,0
389,24,player,0,1631.9,1014.2,1740.1,1216.1,1686.0,1216.1,0
389,27,player,0,1696.5,753.5,1780.7,959.8,1738.6,959.8,0
389,32,player,1,1324.6,530.1,1393.7,691.4,1359.2,691.4,0
389,33,player,1,1331.5,710.9,1408.7,890.8,1370.1,890.8,0
389,36,player,0,1430.0,440.3,1531.9,573.9,1481.0,573.9,0
389,40,player,0,778.4,560.0,844.3,722.5,811.3,722.5,0
389,41,player,0,305.4,983.5,429.6,1236.4,367.5,1236.4,0
390,-1,ball,-1,1203.3,1059.7,1215.3,1071.7,1209.3,1065.7,0
390,3,player,0,2683.2,735.5,2803.2,930.9,2743.2,930.9,0
390,4,player,1,1898.3,779.4,1975.1,997.2,1936.7,997.2,0
390,5,player,1,2177.5,969.4,2299.2,1204.1,2238.4,1204.1,0
390,10,player,0,2822.4,577.1,2879.2,759.8,2850.8,759.8,0
390,12,player,1,2095.0,555.6,2155.9,710.7,2125.4,710.7,0
390,13,player,1,2257.2,467.8,2341.0,602.8,2299.1,602.8,0
390,15,player,1,2688.0,544.4,2735.8,722.3,2711.9,722.3,0
390,24,player,0,1631.8,1014.2,1740.1,1216.1,1686.0,1216.1,0
390,27,player,0,1696.5,753.5,1780.7,959.7,1738.6,959.7,0
390,32,player,1,1324.7,530.1,1393.7,691.3,1359.2,691.3,0
390,33,player,1,1331.6,710.9,1408.7,890.8,1370.2,890.8,0
390,36,player,0,1430.0,440.3,1531.9,573.9,1481.0,573.9,0
390,40,player,0,778.4,560.0,844.3,722.5,811.3,722.5,0
390,41,player,0,305.4,983.5,429.6,1236.4,367.5,1236.4,0
390,43,player,0,1531.3,317.9,1579.2,437.5,1555.2,437.5,0
390,44,player,1,2257.3,468.6,2305.7,604.3,2281.5,604.3,0
391,-1,ball,-1,1162.1,1045.0,1174.1,1057.0,1168.1,1051.0,0
391,3,player,0,2728.2,742.2,2847.4,934.0,2787.8,934.0,0
391,4,player,1,1926.0,776.6,2012.6,999.1,1969.3,999.1,0
391,5,player,1,2197.9,971.1,2324.3,1201.4,2261.1,1201.4,0
391,12,player,1,2126.2,555.2,2188.1,710.8,2157.1,710.8,0
391,13,player,1,2288.3,470.8,2363.3,603.0,2325.8,603.0,0
391,15,player,1,2719.4,544.2,2775.4,721.5,2747.4,721.5,0
391,24,player,0,1661.1,1010.5,1756.6,1214.4,1708.8,1214.4,0
391,27,player,0,1712.6,752.9,1816.6,960.5,1764.6,960.5,0
391,32,player,1,1356.1,532.0,1431.3,691.5,1393.7,691.5,0
391,33,player,1,1366.5,707.4,1435.9,890.4,1401.2,890.4,0
391,36,player,0,1463.0,439.5,1562.8,573.3,1512.9,573.3,0
391,40,player,0,811.9,559.7,874.3,722.0,843.1,722.0,0
391,41,player,0,340.4,980.4,459.1,1226.2,399.8,1226.2,0
392,-1,ball,-1,1162.2,1045.0,1174.2,1057.0,1168.2,1051.0,0
392,3,player,0,2728.3,742.3,2847.3,934.0,2787.8,934.0,0
392,4,player,1,1925.9,776.7,2012.6,999.1,1969.2,999.1,0
392,5,player,1,2197.9,971.1,2324.5,1201.4,2261.2,1201.4,0
392,12,player,1,2126.5,555.4,2188.0,710.8,2157.2,710.8,0
392,13,player,1,2288.4,470.8,2363.2,603.0,2325.8,603.0,0
392,15,player,1,2719.4,544.3,2775.4,721.5,2747.4,721.5,0
392,24,player,0,1661.1,1010.6,1756.6,1214.4,1708.8,1214.4,0
392,27,player,0,1712.1,752.9,1816.5,960.4,1764.3,960.4,0
392,32,player,1,1356.1,532.0,1431.3,691.5,1393.7,691.5,0
392,33,player,1,1366.5,707.4,1435.9,890.4,1401.2,890.4,0
392,36,player,0,1463.1,439.5,1562.8,573.3,1512.9,573.3,0
392,40,player,0,811.7,560.2,874.7,722.1,843.2,722.1,0
392,41,player,0,340.3,980.4,459.1,1226.0,399.7,1226.0,0
392,45,player,0,2848.9,576.5,2879.3,757.1,2864.1,757.1,0
392,46,player,0,1564.1,317.8,1610.6,436.8,1587.4,436.8,0
393,-1,ball,-1,1162.1,1045.0,1174.1,1057.0,1168.1,1051.0,0
393,3,player,0,2725.2,742.4,2847.6,933.8,2786.4,933.8,0
393,4,player,1,1926.0,776.8,2012.5,998.9,1969.2,998.9,0
393,5,player,1,2197.9,971.0,2324.5,1201.5,2261.2,1201.5,0
393,12,player,1,2126.1,555.4,2188.1,710.8,2157.1,710.8,0
393,13,player,1,2288.3,470.8,2363.3,603.0,2325.8,603.0,0
393,15,player,1,2719.4,544.2,2775.5,721.5,2747.4,721.5,0
393,24,player,0,1661.1,1010.5,1756.6,1214.5,1708.8,1214.5,0
393,27,player,0,1712.5,753.0,1816.6,960.5,1764.6,960.5,0
393,32,player,1,1356.1,532.0,1431.2,691.5,1393.6,691.5,0
393,33,player,1,1366.5,707.5,1435.9,890.6,1401.2,890.6,0
393,36,player,0,1462.9,439.4,1562.8,573.3,1512.8,573.3,0
393,40,player,0,811.9,560.3,874.5,722.0,843.2,722.0,0
393,41,player,0,340.2,980.4,459.0,1225.9,399.6,1225.9,0
393,45,player,0,2848.9,576.5,2879.3,757.1,2864.1,757.1,0
393,46,player,0,1564.1,318.2,1610.6,436.8,1587.4,436.8,0
394,-1,ball,-1,1125.8,1033.0,1137.8,1045.0,1131.8,1039.0,0
394,3,player,0,2757.8,742.3,2879.1,937.8,2818.4,937.8,0
394,4,player,1,1951.4,773.8,2045.6,996.5,1998.5,996.5,0
394,5,player,1,2225.4,975.2,2346.9,1204.5,2286.2,1204.5,0
394,12,player,1,2158.5,553.7,2224.2,710.2,2191.4,710.2,0
394,13,player,1,2320.7,467.4,2384.3,603.5,2352.5,603.5,0
394,15,player,1,2749.6,545.3,2815.1,724.1,2782.4,724.1,0
394,24,player,0,1682.2,1005.4,1777.9,1215.6,1730.0,1215.6,0
394,27,player,0,1759.2,752.7,1849.4,960.2,1804.3,960.2,0
394,32,player,1,1377.5,532.6,1463.0,690.8,1420.2,690.8,0
394,33,player,1,1399.6,700.8,1465.2,890.5,1432.4,890.5,0
394,36,player,0,1494.9,438.9,1592.2,572.1,1543.6,572.1,0
394,40,player,0,845.6,559.5,905.9,718.6,875.8,718.6,0
394,41,player,0,376.3,977.5,478.0,1221.3,427.2,1221.3,0
395,-1,ball,-1,1125.7,1033.0,1137.7,1045.0,1131.7,1039.0,0
395,3,player,0,2757.4,742.3,2879.1,937.8,2818.2,937.8,0
395,4,player,1,1951.3,773.9,2045.0,996.2,1998.2,996.2,0
395,5,player,1,2225.2,975.1,2346.8,1204.5,2286.0,1204.5,0
395,12,player,1,2158.5,553.6,2224.2,710.2,2191.4,710.2,0
395,13,player,1,2320.5,467.4,2384.1,603.4,2352.3,603.4,0
395,15,player,1,2749.6,545.3,2815.1,724.1,2782.4,724.1,0
395,24,player,0,1682.2,1005.4,1777.9,1215.6,1730.0,1215.6,0
395,27,player,0,1759.2,752.5,1849.9,960.4,1804.6,960.4,0
395,32,player,1,1377.4,532.6,1463.0,690.8,1420.2,690.8,0
395,33,player,1,1399.8,700.6,1465.3,890.5,1432.6,890.5,0
395,36,player,0,1494.8,439.0,1592.1,572.2,1543.4,572.2,0
395,40,player,0,845.6,559.5,905.9,718.6,875.8,718.6,0
395,41,player,0,376.3,977.4,477.9,1221.4,427.1,1221.4,0
395,47,player,0,1597.2,314.0,1641.9,433.9,1619.6,433.9,0
396,-1,ball,-1,1092.5,1016.8,1104.5,1028.8,1098.5,1022.8,0
396,3,player,0,2793.3,744.1,2879.5,934.7,2836.4,934.7,0
396,4,player,1,1980.3,774.5,2078.5,987.5,2029.4,987.5,0
396,5,player,1,2265.3,975.8,2356.5,1205.5,2310.9,1205.5,0
396,12,player,1,2187.7,551.1,2262.9,713.5,2225.3,713.5,0
396,13,player,1,2351.6,464.2,2421.0,605.9,2386.3,605.9,0
396,15,player,1,2779.1,545.7,2857.2,724.7,2818.1,724.7,0
396,24,player,0,1693.3,998.3,1813.7,1216.7,1753.5,1216.7,0
396,27,player,0,1779.8,748.1,1881.1,959.1,1830.4,959.1,0
396,32,player,1,1411.5,534.0,1492.5,689.9,1452.0,689.9,0
396,33,player,1,1434.2,696.8,1496.1,890.3,1465.2,890.3,0
396,36,player,0,1528.0,438.8,1617.9,571.9,1573.0,571.9,0
396,40,player,0,877.4,554.9,940.4,719.0,908.9,719.0,0
396,41,player,0,413.9,973.5,504.5,1217.9,459.2,1217.9,0
397,-1,ball,-1,1092.6,1017.0,1104.6,1029.0,1098.6,1023.0,0
397,3,player,0,2793.3,744.2,2879.5,934.7,2836.4,934.7,0
397,4,player,1,1980.3,774.5,2078.4,987.5,2029.4,987.5,0
397,5,player,1,2265.3,976.2,2356.5,1205.4,2310.9,1205.4,0
397,12,player,1,2187.7,551.0,2262.9,713.6,2225.3,713.6,0
397,13,player,1,2351.6,464.2,2421.0,605.9,2386.3,605.9,0
397,15,player,1,2779.2,545.8,2857.0,724.5,2818.1,724.5,0
397,24,player,0,1693.3,998.4,1813.7,1216.7,1753.5,1216.7,0
397,27,player,0,1779.7,748.1,1881.2,959.1,1830.4,959.1,0
397,32,player,1,1411.5,533.9,1492.5,689.9,1452.0,689.9,0
397,33,player,1,1434.2,696.8,1496.1,890.4,1465.2,890.4,0
397,36,player,0,1528.0,438.7,1617.9,571.9,1573.0,571.9,0
397,40,player,0,877.5,554.9,940.3,719.0,908.9,719.0,0
397,41,player,0,413.9,973.5,504.5,1217.7,459.2,1217.7,0
397,48,player,0,1629.7,316.6,1677.0,432.3,1653.4,432.3,0
398,-1,ball,-1,1063.8,1004.3,1075.8,1016.3,1069.8,1010.3,0
398,4,player,1,2015.7,776.7,2110.4,984.7,2063.0,984.7,0
398,5,player,1,2298.2,974.0,2377.8,1207.4,2338.0,1207.4,0
398,12,player,1,2209.9,546.2,2298.6,711.3,2254.2,711.3,0
398,13,player,1,2381.8,456.1,2457.0,605.7,2419.4,605.7,0
398,15,player,1,2810.5,547.3,2879.2,727.7,2844.8,727.7,0
398,24,player,0,1706.4,992.7,1846.7,1214.4,1776.6,1214.4,0
398,27,player,0,1828.6,743.5,1907.7,957.3,1868.2,957.3,0
398,32,player,1,1446.7,535.3,1517.4,689.6,1482.1,689.6,0
398,33,player,1,1466.9,694.3,1525.9,887.0,1496.4,887.0,0
398,36,player,0,1561.3,439.6,1640.3,571.9,1600.8,571.9,0
398,40,player,0,909.2,552.5,975.0,718.1,942.1,718.1,0
398,41,player,0,446.6,970.5,532.6,1217.6,489.6,1217.6,0
399,-1,ball,-1,1063.8,1004.3,1075.8,1016.3,1069.8,1010.3,0
399,4,player,1,2015.8,776.7,2110.4,984.8,2063.1,984.8,0
399,5,player,1,2298.1,974.0,2377.8,1207.4,2338.0,1207.4,0
399,12,player,1,2209.9,546.2,2298.7,711.2,2254.3,711.2,0
399,13,player,1,2381.8,456.1,2457.0,606.2,2419.4,606.2,0
399,15,player,1,2810.5,547.3,2879.2,727.7,2844.8,727.7,0
399,24,player,0,1706.4,992.7,1845.9,1214.2,1776.2,1214.2,0
399,27,player,0,1828.6,743.5,1907.7,957.3,1868.2,957.3,0
399,32,player,1,1446.7,535.3,1517.4,689.6,1482.1,689.6,0
399,33,player,1,1466.9,694.3,1525.9,887.0,1496.4,887.0,0
399,36,player,0,1561.3,439.6,1640.3,571.8,1600.8,571.8,0
399,40,player,0,909.3,552.6,974.8,717.9,942.0,717.9,0
399,41,player,0,446.6,970.5,532.5,1217.6,489.6,1217.6,0
399,49,player,1,2808.2,549.2,2879.3,935.3,2843.8,935.3,0
400,-1,ball,-1,1063.8,1004.2,1075.8,1016.2,1069.8,1010.2,0
400,4,player,1,2015.8,776.7,2110.4,984.7,2063.1,984.7,0
400,5,player,1,2298.2,974.1,2377.8,1207.4,2338.0,1207.4,0
400,12,player,1,2209.9,546.2,2298.6,711.3,2254.2,711.3,0
400,13,player,1,2381.8,456.1,2457.0,606.0,2419.4,606.0,0
400,15,player,1,2810.5,547.3,2879.2,727.7,2844.8,727.7,0
400,24,player,0,1706.4,992.7,1845.9,1214.2,1776.2,1214.2,0
400,27,player,0,1828.6,743.5,1907.6,957.3,1868.1,957.3,0
400,32,player,1,1446.7,535.3,1517.4,689.6,1482.1,689.6,0
400,33,player,1,1466.9,694.3,1525.9,887.1,1496.4,887.1,0
400,36,player,0,1561.3,439.6,1640.3,571.9,1600.8,571.9,0
400,40,player,0,909.3,552.5,974.9,717.9,942.1,717.9,0
400,41,player,0,446.6,970.5,532.5,1217.6,489.6,1217.6,0
400,49,player,1,2808.2,549.2,2879.3,935.3,2843.8,935.3,0
401,-1,ball,-1,1034.0,991.3,1046.0,1003.3,1040.0,997.3,0
401,4,player,1,2046.6,779.8,2137.3,987.6,2092.0,987.6,0
401,5,player,1,2321.8,970.3,2399.5,1210.3,2360.6,1210.3,0
401,12,player,1,2232.1,545.1,2330.3,709.4,2281.2,709.4,0
401,13,player,1,2412.7,452.7,2490.8,603.6,2451.8,603.6,0
401,24,player,0,1729.2,989.5,1876.9,1212.5,1803.0,1212.5,0
401,27,player,0,1858.6,740.2,1935.4,954.3,1897.0,954.3,0
401,32,player,1,1483.0,537.0,1541.1,678.4,1512.0,678.4,0
401,33,player,1,1500.4,694.5,1558.5,884.7,1529.4,884.7,0
401,36,player,0,1594.0,440.7,1659.2,573.0,1626.6,573.0,0
401,40,player,0,940.4,552.4,1011.4,716.3,975.9,716.3,0
401,41,player,0,477.0,970.0,562.3,1218.5,519.6,1218.5,0
402,-1,ball,-1,1034.0,991.3,1046.0,1003.3,1040.0,997.3,0
402,4,player,1,2046.6,779.8,2137.2,987.6,2091.9,987.6,0
402,5,player,1,2321.4,970.9,2399.7,1209.8,2360.6,1209.8,0
402,12,player,1,2232.1,545.1,2330.3,709.4,2281.2,709.4,0
402,13,player,1,2412.7,452.7,2490.8,603.5,2451.8,603.5,0
402,24,player,0,1729.3,989.4,1876.9,1212.5,1803.1,1212.5,0
402,27,player,0,1858.6,740.2,1935.4,954.3,1897.0,954.3,0
402,32,player,1,1483.2,537.0,1541.2,678.4,1512.2,678.4,0
402,33,player,1,1500.3,694.2,1558.5,884.7,1529.4,884.7,0
402,36,player,0,1594.0,440.7,1659.1,572.9,1626.6,572.9,0
402,40,player,0,940.4,552.4,1011.4,716.2,975.9,716.2,0
402,41,player,0,477.0,970.0,562.3,1218.5,519.6,1218.5,0
403,-1,ball,-1,1005.8,982.7,1017.8,994.7,1011.8,988.7,0
403,4,player,1,2074.3,782.8,2160.1,990.9,2117.2,990.9,0
403,5,player,1,2347.6,966.2,2424.8,1212.0,2386.2,1212.0,0
403,12,player,1,2262.4,546.6,2361.2,707.3,2311.8,707.3,0
403,13,player,1,2442.9,450.9,2526.1,604.7,2484.5,604.7,0
403,24,player,0,1757.7,989.9,1902.3,1218.5,1830.0,1218.5,0
403,27,player,0,1891.9,734.0,1965.4,952.9,1928.6,952.9,0
403,32,player,1,1513.1,541.1,1577.0,692.3,1545.0,692.3,0
403,33,player,1,1531.7,698.4,1591.7,890.1,1561.7,890.1,0
403,36,player,0,1619.1,439.9,1682.1,573.2,1650.6,573.2,0
403,40,player,0,967.9,552.1,1043.2,713.3,1005.6,713.3,0
403,41,player,0,505.4,969.8,593.0,1219.6,549.2,1219.6,0
404,-1,ball,-1,1005.9,982.7,1017.9,994.7,1011.9,988.7,0
404,4,player,1,2074.3,782.8,2160.1,990.9,2117.2,990.9,0
404,5,player,1,2347.6,966.2,2424.8,1211.9,2386.2,1211.9,0
404,12,player,1,2262.3,546.6,2361.3,707.3,2311.8,707.3,0
404,13,player,1,2442.9,450.9,2526.1,604.7,2484.5,604.7,0
404,24,player,0,1757.7,989.9,1902.3,1218.6,1830.0,1218.6,0
404,27,player,0,1891.9,734.0,1965.4,952.9,1928.6,952.9,0
404,32,player,1,1513.1,541.1,1577.0,692.3,1545.0,692.3,0
404,33,player,1,1531.7,698.4,1591.7,889.9,1561.7,889.9,0
404,36,player,0,1619.1,439.9,1682.0,573.3,1650.6,573.3,0
404,40,player,0,967.9,552.1,1043.2,713.3,1005.6,713.3,0
404,41,player,0,505.4,969.8,593.0,1219.7,549.2,1219.7,0
404,50,player,0,0.1,673.3,46.9,848.4,23.5,848.4,0
404,51,player,0,1722.4,316.6,1782.9,436.0,1752.6,436.0,0
405,-1,ball,-1,1005.8,982.7,1017.8,994.7,1011.8,988.7,0
405,4,player,1,2074.3,782.8,2160.1,990.9,2117.2,990.9,0
405,5,player,1,2347.6,966.3,2424.8,1212.0,2386.2,1212.0,0
405,12,player,1,2262.0,546.6,2361.2,707.2,2311.6,707.2,0
405,13,player,1,2442.9,450.9,2526.1,604.7,2484.5,604.7,0
405,24,player,0,1757.7,989.9,1902.3,1218.5,1830.0,1218.5,0
405,27,player,0,1891.9,734.0,1965.4,952.9,1928.6,952.9,0
405,32,player,1,1513.1,541.0,1576.8,692.3,1544.9,692.3,0
405,33,player,1,1531.7,698.4,1591.6,889.9,1561.6,889.9,0
405,36,player,0,1619.1,439.9,1682.1,573.5,1650.6,573.5,0
405,40,player,0,968.0,552.1,1043.2,713.3,1005.6,713.3,0
405,41,player,0,505.4,969.8,593.0,1219.6,549.2,1219.6,0
405,50,player,0,0.1,673.3,46.9,848.5,23.5,848.5,0
405,51,player,0,1722.4,316.7,1783.0,436.1,1752.7,436.1,0
406,-1,ball,-1,981.0,971.4,993.0,983.4,987.0,977.4,0
406,4,player,1,2108.0,781.8,2189.6,995.1,2148.8,995.1,0
406,5,player,1,2368.7,962.6,2458.8,1214.9,2413.8,1214.9,0
406,12,player,1,2307.2,549.6,2385.9,707.7,2346.6,707.7,0
406,13,player,1,2467.4,452.0,2560.0,603.1,2513.7,603.1,0
406,24,player,0,1784.1,991.7,1922.8,1221.3,1853.4,1221.3,0
406,27,player,0,1923.9,731.7,1997.8,951.1,1960.8,951.1,0
406,32,player,1,1540.2,544.0,1601.8,693.5,1571.0,693.5,0
406,33,player,1,1561.8,703.3,1626.5,891.7,1594.2,891.7,0
406,36,player,0,1645.6,437.7,1704.5,573.4,1675.0,573.4,0
406,40,player,0,997.4,553.6,1070.1,715.4,1033.8,715.4,0
406,41,player,0,534.1,971.6,621.6,1221.9,577.8,1221.9,0
406,50,player,0,15.2,671.1,82.4,849.4,48.8,849.4,0
407,-1,ball,-1,981.0,971.3,993.0,983.3,987.0,977.3,0
407,4,player,1,2107.9,781.6,2189.3,994.5,2148.6,994.5,0
407,5,player,1,2368.7,962.6,2458.8,1214.9,2413.8,1214.9,0
407,12,player,1,2305.8,550.5,2385.6,708.4,2345.7,708.4,0
407,13,player,1,2467.4,452.0,2560.2,603.2,2513.8,603.2,0
407,24,player,0,1784.1,991.7,1922.9,1221.3,1853.5,1221.3,0
407,27,player,0,1923.9,731.6,1997.8,951.0,1960.8,951.0,0
407,32,player,1,1540.2,543.9,1601.8,693.5,1571.0,693.5,0
407,33,player,1,1561.8,703.3,1626.5,891.6,1594.2,891.6,0
407,36,player,0,1645.5,437.7,1704.4,573.4,1675.0,573.4,0
407,40,player,0,997.3,553.6,1070.2,715.4,1033.8,715.4,0
407,41,player,0,534.2,971.6,621.7,1221.9,578.0,1221.9,0
407,50,player,0,15.2,671.1,82.4,849.3,48.8,849.3,0
407,52,player,0,1753.5,316.8,1817.4,437.0,1785.4,437.0,0
408,-1,ball,-1,958.4,960.3,970.4,972.3,964.4,966.3,0
408,4,player,1,2135.6,779.2,2221.6,996.3,2178.6,996.3,0
408,5,player,1,2380.9,961.3,2495.3,1215.6,2438.1,1215.6,0
408,12,player,1,2327.9,549.9,2410.1,711.7,2369.0,711.7,0
408,13,player,1,2499.6,454.1,2592.9,604.2,2546.2,604.2,0
408,24,player,0,1800.6,992.8,1937.6,1224.0,1869.1,1224.0,0
408,27,player,0,1962.4,731.7,2028.9,950.0,1995.6,950.0,0
408,32,player,1,1566.7,541.6,1629.2,689.4,1598.0,689.4,0
408,33,player,1,1592.4,708.6,1661.3,890.7,1626.8,890.7,0
408,36,player,0,1673.2,433.9,1736.8,574.6,1705.0,574.6,0
408,40,player,0,1026.2,553.3,1096.0,716.1,1061.1,716.1,0
408,41,player,0,563.2,972.5,651.9,1222.7,607.6,1222.7,0
408,50,player,0,49.7,667.3,118.5,848.9,84.1,848.9,0
408,52,player,0,1783.2,313.5,1849.1,437.0,1816.2,437.0,0
409,-1,ball,-1,958.4,960.3,970.4,972.3,964.4,966.3,0
409,4,player,1,2135.6,779.1,2221.6,996.3,2178.6,996.3,0
409,5,player,1,2380.9,961.4,2495.3,1215.6,2438.1,1215.6,0
409,12,player,1,2327.8,549.9,2410.1,711.7,2369.0,711.7,0
409,13,player,1,2499.6,454.1,2592.9,604.2,2546.2,604.2,0
409,24,player,0,1800.5,992.8,1937.6,1224.0,1869.0,1224.0,0
409,27,player,0,1962.4,731.7,2028.9,950.0,1995.6,950.0,0
409,32,player,1,1566.7,541.5,1629.2,689.7,1598.0,689.7,0
409,33,player,1,1592.4,708.6,1661.2,890.7,1626.8,890.7,0
409,36,player,0,1673.1,433.8,1736.8,574.6,1705.0,574.6,0
409,40,player,0,1026.2,553.3,1096.0,716.1,1061.1,716.1,0
409,41,player,0,563.2,972.5,651.9,1222.7,607.6,1222.7,0
409,50,player,0,49.8,667.3,118.5,848.9,84.2,848.9,0
409,52,player,0,1783.1,313.5,1849.1,437.0,1816.1,437.0,0
410,-1,ball,-1,958.4,960.3,970.4,972.3,964.4,966.3,0
410,4,player,1,2135.6,779.1,2221.6,996.3,2178.6,996.3,0
410,5,player,1,2380.9,961.3,2495.3,1215.5,2438.1,1215.5,0
410,12,player,1,2327.8,549.9,2410.2,711.7,2369.0,711.7,0
410,13,player,1,2499.6,454.1,2592.9,604.2,2546.2,604.2,0
410,24,player,0,1800.5,992.8,1937.7,1224.0,1869.1,1224.0,0
410,27,player,0,1962.5,731.8,2028.9,950.0,1995.7,950.0,0
410,32,player,1,1566.6,541.5,1629.2,689.4,1597.9,689.4,0
410,33,player,1,1592.3,708.6,1661.3,890.8,1626.8,890.8,0
410,36,player,0,1673.2,433.9,1736.9,574.6,1705.0,574.6,0
410,40,player,0,1026.2,553.3,1096.0,716.1,1061.1,716.1,0
410,41,player,0,563.2,972.5,651.9,1222.7,607.6,1222.7,0
410,50,player,0,50.0,667.3,118.5,848.9,84.2,848.9,0
410,52,player,0,1783.2,313.5,1849.1,437.0,1816.2,437.0,0
411,-1,ball,-1,937.9,951.1,949.9,963.1,943.9,957.1,0
411,4,player,1,2165.4,775.0,2252.7,998.1,2209.0,998.1,0
411,5,player,1,2400.0,961.1,2529.6,1210.4,2464.8,1210.4,0
411,12,player,1,2353.4,550.4,2429.4,710.1,2391.4,710.1,0
411,13,player,1,2533.7,458.1,2616.7,605.9,2575.2,605.9,0
411,24,player,0,1817.4,992.8,1946.6,1227.3,1882.0,1227.3,0
411,27,player,0,1994.1,731.3,2062.1,950.3,2028.1,950.3,0
411,32,player,1,1593.8,540.0,1652.0,682.7,1622.9,682.7,0
411,33,player,1,1620.2,714.9,1695.6,894.7,1657.9,894.7,0
411,36,player,0,1700.3,432.3,1765.6,571.7,1733.0,571.7,0
411,40,player,0,1056.1,553.7,1123.3,716.2,1089.7,716.2,0
411,41,player,0,593.9,972.4,681.7,1223.4,637.8,1223.4,0
411,50,player,0,85.2,663.2,153.6,848.9,119.4,848.9,0
411,52,player,0,1815.4,317.7,1874.4,437.3,1844.9,437.3,0
412,-1,ball,-1,937.9,951.1,949.9,963.1,943.9,957.1,0
412,4,player,1,2165.4,775.0,2252.6,998.1,2209.0,998.1,0
412,5,player,1,2400.0,961.1,2528.4,1210.9,2464.2,1210.9,0
412,12,player,1,2353.1,550.2,2429.7,710.2,2391.4,710.2,0
412,13,player,1,2533.6,458.1,2616.7,605.8,2575.1,605.8,0
412,24,player,0,1817.4,993.2,1946.7,1227.3,1882.0,1227.3,0
412,27,player,0,1994.0,731.2,2062.1,950.4,2028.0,950.4,0
412,32,player,1,1593.8,540.1,1652.0,682.8,1622.9,682.8,0
412,33,player,1,1619.9,714.7,1695.5,894.6,1657.7,894.6,0
412,36,player,0,1700.3,432.3,1765.6,571.6,1733.0,571.6,0
412,40,player,0,1055.9,553.9,1123.3,716.2,1089.6,716.2,0
412,41,player,0,594.0,972.4,681.9,1223.5,638.0,1223.5,0
412,50,player,0,85.0,663.1,153.6,848.9,119.3,848.9,0
412,52,player,0,1815.4,317.6,1874.4,437.4,1844.9,437.4,0
413,-1,ball,-1,917.1,942.2,929.1,954.2,923.1,948.2,0
413,4,player,1,2194.3,771.3,2280.1,987.3,2237.2,987.3,0
413,5,player,1,2426.0,963.6,2560.6,1204.2,2493.3,1204.2,0
413,12,player,1,2377.7,549.6,2461.9,715.4,2419.8,715.4,0
413,13,player,1,2567.5,461.3,2638.4,608.2,2603.0,608.2,0
413,24,player,0,1836.8,990.0,1949.4,1230.2,1893.1,1230.2,0
413,27,player,0,2022.9,734.5,2095.5,951.0,2059.2,951.0,0
413,32,player,1,1624.6,538.6,1682.8,683.2,1653.7,683.2,0
413,33,player,1,1648.2,717.2,1728.6,897.9,1688.4,897.9,0
413,36,player,0,1727.7,432.5,1794.5,572.2,1761.1,572.2,0
413,40,player,0,1082.1,553.1,1149.3,716.6,1115.7,716.6,0
413,41,player,0,620.6,972.6,709.1,1223.6,664.8,1223.6,0
413,50,player,0,119.1,661.1,195.5,849.2,157.3,849.2,0
413,52,player,0,1841.9,318.0,1897.7,438.6,1869.8,438.6,0
414,-1,ball,-1,917.2,942.2,929.2,954.2,923.2,948.2,0
414,4,player,1,2194.3,771.3,2280.1,988.2,2237.2,988.2,0
414,5,player,1,2426.0,963.6,2560.6,1204.2,2493.3,1204.2,0
414,12,player,1,2377.7,549.6,2462.0,715.4,2419.8,715.4,0
414,13,player,1,2567.5,461.3,2638.4,608.0,2603.0,608.0,0
414,24,player,0,1836.9,990.0,1949.4,1230.2,1893.2,1230.2,0
414,27,player,0,2022.8,734.5,2095.5,951.0,2059.2,951.0,0
414,32,player,1,1624.5,538.6,1682.8,682.9,1653.6,682.9,0
414,33,player,1,1648.2,717.2,1728.6,898.0,1688.4,898.0,0
414,36,player,0,1727.7,432.4,1794.5,572.2,1761.1,572.2,0
414,40,player,0,1082.1,553.1,1149.3,716.6,1115.7,716.6,0
414,41,player,0,620.6,972.7,709.1,1223.6,664.8,1223.6,0
414,50,player,0,119.2,661.1,195.7,849.2,157.4,849.2,0
414,52,player,0,1841.9,318.0,1897.7,438.6,1869.8,438.6,0
415,-1,ball,-1,897.8,933.2,909.8,945.2,903.8,939.2,0
415,4,player,1,2223.7,771.4,2304.5,988.6,2264.1,988.6,0
415,5,player,1,2458.4,969.2,2586.9,1201.9,2522.6,1201.9,0
415,12,player,1,2406.3,547.8,2492.3,715.7,2449.3,715.7,0
415,13,player,1,2595.7,464.4,2658.9,613.0,2627.3,613.0,0
415,24,player,0,1856.9,986.1,1974.2,1233.4,1915.6,1233.4,0
415,27,player,0,2052.6,740.2,2129.8,953.0,2091.2,953.0,0
415,32,player,1,1654.4,536.5,1719.4,684.6,1686.9,684.6,0
415,33,player,1,1674.7,719.2,1757.4,900.4,1716.0,900.4,0
415,36,player,0,1751.8,432.6,1821.4,573.1,1786.6,573.1,0
415,40,player,0,1109.9,551.5,1176.5,717.3,1143.2,717.3,0
415,41,player,0,648.7,974.2,737.2,1225.4,693.0,1225.4,0
415,50,player,0,151.0,661.0,218.8,850.0,184.9,850.0,0
415,52,player,0,1871.2,311.3,1923.1,438.5,1897.2,438.5,0
416,-1,ball,-1,897.8,933.2,909.8,945.2,903.8,939.2,0
416,4,player,1,2223.8,771.5,2304.5,988.5,2264.2,988.5,0
416,5,player,1,2458.4,969.1,2586.9,1201.9,2522.6,1201.9,0
416,12,player,1,2406.4,547.9,2492.3,715.7,2449.4,715.7,0
416,13,player,1,2595.6,464.4,2658.9,613.0,2627.2,613.0,0
416,24,player,0,1856.9,986.1,1974.2,1233.4,1915.6,1233.4,0
416,27,player,0,2052.6,740.2,2129.8,953.0,2091.2,953.0,0
416,32,player,1,1654.5,536.6,1719.4,684.7,1687.0,684.7,0
416,33,player,1,1674.7,719.2,1757.4,900.4,1716.0,900.4,0
416,36,player,0,1751.8,432.5,1821.4,573.1,1786.6,573.1,0
416,40,player,0,1109.9,551.5,1176.5,717.2,1143.2,717.2,0
416,41,player,0,648.7,974.3,737.2,1225.5,693.0,1225.5,0
416,50,player,0,151.0,660.9,218.8,850.0,184.9,850.0,0
416,52,player,0,1871.1,311.2,1923.1,438.4,1897.1,438.4,0
417,-1,ball,-1,897.8,933.2,909.8,945.2,903.8,939.2,0
417,4,player,1,2223.7,771.5,2304.5,988.9,2264.1,988.9,0
417,5,player,1,2458.5,969.2,2586.9,1201.9,2522.7,1201.9,0
417,12,player,1,2406.4,547.9,2492.3,715.7,2449.4,715.7,0
417,13,player,1,2595.6,464.4,2658.9,613.0,2627.2,613.0,0
417,24,player,0,1856.9,986.1,1974.2,1233.4,1915.6,1233.4,0
417,27,player,0,2052.5,740.2,2129.8,953.0,2091.2,953.0,0
417,32,player,1,1654.4,536.6,1719.2,684.7,1686.8,684.7,0
417,33,player,1,1674.7,719.2,1757.4,900.3,1716.0,900.3,0
417,36,player,0,1751.8,432.4,1821.5,573.1,1786.6,573.1,0
417,40,player,0,1109.9,551.5,1176.5,717.2,1143.2,717.2,0
417,41,player,0,648.7,974.3,737.2,1225.5,693.0,1225.5,0
417,50,player,0,151.0,660.8,218.7,849.9,184.8,849.9,0
417,52,player,0,1871.2,311.3,1923.1,438.4,1897.2,438.4,0
418,-1,ball,-1,879.8,926.2,891.8,938.2,885.8,932.2,0
418,4,player,1,2253.3,774.0,2331.9,984.6,2292.6,984.6,0
418,5,player,1,2494.9,973.1,2607.4,1205.3,2551.2,1205.3,0
418,12,player,1,2438.7,545.6,2522.3,717.2,2480.5,717.2,0
418,13,player,1,2625.8,463.8,2679.4,614.4,2652.6,614.4,0
418,24,player,0,1875.9,985.0,1999.4,1236.7,1937.6,1236.7,0
418,27,player,0,2082.8,746.4,2168.9,956.1,2125.9,956.1,0
418,32,player,1,1682.9,534.9,1745.7,689.1,1714.3,689.1,0
418,33,player,1,1703.8,721.8,1779.7,890.7,1741.8,890.7,0
418,36,player,0,1777.1,433.1,1844.5,573.5,1810.8,573.5,0
418,40,player,0,1136.9,550.7,1202.7,716.9,1169.8,716.9,0
418,41,player,0,675.0,973.8,765.7,1223.2,720.4,1223.2,0
418,50,player,0,182.3,661.4,268.9,850.7,225.6,850.7,0
418,52,player,0,1899.1,308.8,1950.2,439.5,1924.6,439.5,0
419,-1,ball,-1,879.8,926.3,891.8,938.3,885.8,932.3,0
419,4,player,1,2253.3,773.8,2331.9,984.7,2292.6,984.7,0
419,5,player,1,2494.9,973.1,2607.4,1205.3,2551.2,1205.3,0
419,12,player,1,2438.7,545.5,2522.4,717.2,2480.6,717.2,0
419,13,player,1,2625.9,463.9,2679.2,614.3,2652.6,614.3,0
419,24,player,0,1875.9,985.0,1999.7,1236.6,1937.8,1236.6,0
419,27,player,0,2082.8,746.4,2168.9,956.1,2125.9,956.1,0
419,32,player,1,1682.9,534.9,1745.4,689.0,1714.2,689.0,0
419,33,player,1,1703.8,721.8,1779.8,890.8,1741.8,890.8,0
419,36,player,0,1777.1,433.1,1844.6,573.5,1810.8,573.5,0
419,40,player,0,1137.0,550.7,1203.2,716.8,1170.1,716.8,0
419,41,player,0,675.0,973.8,765.4,1223.2,720.2,1223.2,0
419,50,player,0,182.3,661.5,269.3,850.7,225.8,850.7,0
419,52,player,0,1899.1,308.8,1950.2,439.4,1924.6,439.4,0
420,-1,ball,-1,879.8,926.3,891.8,938.3,885.8,932.3,0
420,4,player,1,2253.3,773.8,2331.9,984.7,2292.6,984.7,0
420,5,player,1,2494.9,973.1,2607.4,1205.4,2551.2,1205.4,0
420,12,player,1,2438.7,545.5,2522.3,717.2,2480.5,717.2,0
420,13,player,1,2626.1,464.1,2679.3,614.8,2652.7,614.8,0
420,24,player,0,1876.1,985.0,1999.6,1236.6,1937.8,1236.6,0
420,27,player,0,2082.8,746.3,2168.8,956.1,2125.8,956.1,0
420,32,player,1,1682.8,534.9,1745.4,689.0,1714.1,689.0,0
420,33,player,1,1703.8,721.8,1779.8,891.6,1741.8,891.6,0
420,36,player,0,1777.1,433.2,1844.7,573.5,1810.9,573.5,0
420,40,player,0,1137.0,550.7,1203.2,716.9,1170.1,716.9,0
420,41,player,0,675.0,973.8,765.5,1223.2,720.2,1223.2,0
420,50,player,0,182.3,661.5,269.2,850.7,225.8,850.7,0
420,52,player,0,1899.1,308.8,1950.2,439.6,1924.6,439.6,0
421,-1,ball,-1,862.4,919.4,874.4,931.4,868.4,925.4,0
421,4,player,1,2283.3,779.1,2357.8,986.4,2320.6,986.4,0
421,5,player,1,2528.3,973.5,2622.8,1208.3,2575.6,1208.3,0
421,12,player,1,2466.0,544.1,2550.2,711.1,2508.1,711.1,0
421,13,player,1,2648.6,461.3,2715.9,612.9,2682.2,612.9,0
421,24,player,0,1894.9,984.2,2022.8,1231.6,1958.8,1231.6,0
421,27,player,0,2111.0,753.1,2204.0,958.2,2157.5,958.2,0
421,32,player,1,1709.1,535.3,1769.4,690.9,1739.2,690.9,0
421,33,player,1,1729.9,722.7,1804.7,889.8,1767.3,889.8,0
421,36,player,0,1804.6,435.0,1865.8,574.7,1835.2,574.7,0
421,40,player,0,1165.1,550.7,1228.5,715.4,1196.8,715.4,0
421,41,player,0,701.6,973.7,794.2,1226.9,747.9,1226.9,0
421,50,player,0,211.0,661.6,301.3,851.9,256.2,851.9,0
421,52,player,0,1926.4,316.1,1976.9,439.1,1951.6,439.1,0
422,-1,ball,-1,845.0,913.2,857.0,925.2,851.0,919.2,0
422,4,player,1,2309.6,780.3,2383.0,992.2,2346.3,992.2,0
422,5,player,1,2556.3,971.7,2639.2,1215.3,2597.8,1215.3,0
422,12,player,1,2491.4,544.3,2576.9,708.1,2534.2,708.1,0
422,13,player,1,2671.4,458.1,2747.1,610.8,2709.2,610.8,0
422,24,player,0,1911.4,986.6,2040.8,1227.1,1976.1,1227.1,0
422,27,player,0,2135.5,755.7,2236.0,962.7,2185.8,962.7,0
422,32,player,1,1734.6,536.3,1794.0,692.2,1764.3,692.2,0
422,33,player,1,1753.8,722.7,1822.3,889.8,1788.0,889.8,0
422,36,player,0,1825.8,436.8,1884.9,573.4,1855.4,573.4,0
422,40,player,0,1191.2,551.5,1253.5,716.6,1222.4,716.6,0
422,41,player,0,723.6,972.2,825.8,1218.2,774.7,1218.2,0
422,50,player,0,241.8,664.2,336.4,852.4,289.1,852.4,0
422,52,player,0,1952.7,318.2,2002.1,437.1,1977.4,437.1,0
423,-1,ball,-1,845.0,913.2,857.0,925.2,851.0,919.2,0
423,4,player,1,2309.7,780.3,2383.0,992.1,2346.4,992.1,0
423,5,player,1,2556.3,971.7,2639.2,1215.3,2597.8,1215.3,0
423,12,player,1,2491.4,544.3,2577.0,708.1,2534.2,708.1,0
423,13,player,1,2671.4,458.1,2747.0,610.8,2709.2,610.8,0
423,24,player,0,1911.4,986.5,2040.8,1227.1,1976.1,1227.1,0
423,27,player,0,2135.5,755.7,2236.0,962.7,2185.8,962.7,0
423,32,player,1,1734.6,536.3,1794.0,692.2,1764.3,692.2,0
423,33,player,1,1753.8,722.7,1822.3,889.8,1788.0,889.8,0
423,36,player,0,1825.9,436.9,1884.9,573.4,1855.4,573.4,0
423,40,player,0,1191.2,551.6,1253.5,716.6,1222.4,716.6,0
423,41,player,0,723.6,972.2,825.8,1218.4,774.7,1218.4,0
423,50,player,0,241.8,664.2,336.4,852.4,289.1,852.4,0
423,52,player,0,1952.7,318.2,2002.1,437.1,1977.4,437.1,0
423,53,player,0,0.0,261.1,18.2,384.6,9.1,384.6,0
424,-1,ball,-1,845.0,913.2,857.0,925.2,851.0,919.2,0
424,4,player,1,2309.7,780.3,2383.0,992.3,2346.4,992.3,0
424,5,player,1,2556.3,971.7,2639.1,1215.3,2597.7,1215.3,0
424,12,player,1,2491.3,544.3,2577.0,708.1,2534.2,708.1,0
424,13,player,1,2671.4,458.1,2747.1,610.8,2709.2,610.8,0
424,24,player,0,1911.4,986.5,2040.8,1227.0,1976.1,1227.0,0
424,27,player,0,2135.5,755.7,2236.1,962.7,2185.8,962.7,0
424,32,player,1,1734.6,536.3,1794.0,692.2,1764.3,692.2,0
424,33,player,1,1753.8,722.7,1822.0,889.8,1787.9,889.8,0
424,36,player,0,1825.9,436.9,1884.9,573.4,1855.4,573.4,0
424,40,player,0,1191.2,551.5,1253.5,716.6,1222.4,716.6,0
424,41,player,0,723.7,972.2,825.7,1218.3,774.7,1218.3,0
424,50,player,0,241.8,664.1,336.3,852.4,289.0,852.4,0
424,52,player,0,1952.7,317.6,2002.2,437.1,1977.4,437.1,0
424,53,player,0,0.0,261.1,18.2,384.6,9.1,384.6,0
425,-1,ball,-1,829.9,905.6,841.9,917.6,835.9,911.6,0
425,4,player,1,2333.1,781.5,2403.3,995.7,2368.2,995.7,0
425,5,player,1,2577.3,968.6,2665.7,1219.2,2621.5,1219.2,0
425,12,player,1,2518.2,547.7,2600.1,711.4,2559.1,711.4,0
425,13,player,1,2693.7,454.5,2779.3,612.3,2736.5,612.3,0
425,24,player,0,1926.7,993.9,2049.3,1233.2,1988.0,1233.2,0
425,27,player,0,2160.8,756.7,2263.4,965.4,2212.1,965.4,0
425,32,player,1,1759.5,538.3,1813.8,687.2,1786.6,687.2,0
425,33,player,1,1773.9,719.0,1850.0,892.4,1812.0,892.4,0
425,36,player,0,1847.3,436.7,1901.3,574.0,1874.3,574.0,0
425,40,player,0,1214.6,551.8,1281.3,717.0,1247.9,717.0,0
425,41,player,0,740.0,970.2,851.8,1212.1,795.9,1212.1,0
425,50,player,0,268.2,665.0,362.8,854.5,315.5,854.5,0
425,52,player,0,1977.5,317.9,2025.8,437.6,2001.6,437.6,0
425,53,player,0,0.0,269.9,23.8,392.2,11.9,392.2,0
426,-1,ball,-1,829.9,905.6,841.9,917.6,835.9,911.6,0
426,4,player,1,2333.1,781.6,2403.3,995.6,2368.2,995.6,0
426,5,player,1,2577.3,968.5,2665.7,1219.1,2621.5,1219.1,0
426,12,player,1,2518.2,547.7,2600.1,711.4,2559.1,711.4,0
426,13,player,1,2693.7,454.5,2779.3,612.3,2736.5,612.3,0
426,24,player,0,1926.7,993.8,2049.3,1233.2,1988.0,1233.2,0
426,27,player,0,2160.8,756.7,2263.4,965.4,2212.1,965.4,0
426,32,player,1,1759.2,538.3,1813.7,687.3,1786.4,687.3,0
426,33,player,1,1773.9,719.0,1850.0,892.5,1812.0,892.5,0
426,36,player,0,1847.3,436.7,1901.3,574.0,1874.3,574.0,0
426,40,player,0,1214.6,551.8,1281.2,717.1,1247.9,717.1,0
426,41,player,0,739.8,970.2,851.8,1212.0,795.8,1212.0,0
426,50,player,0,268.2,665.1,362.8,854.5,315.5,854.5,0
426,52,player,0,1977.4,317.8,2025.8,437.7,2001.6,437.7,0
426,53,player,0,0.0,269.9,23.8,392.2,11.9,392.2,0
426,54,player,1,214.3,265.8,258.4,395.9,236.4,395.9,0
426,55,player,0,6.0,260.5,48.2,389.6,27.1,389.6,0
427,-1,ball,-1,829.8,905.6,841.8,917.6,835.8,911.6,0
427,4,player,1,2333.1,781.6,2403.1,995.6,2368.1,995.6,0
427,5,player,1,2577.3,968.5,2665.7,1219.1,2621.5,1219.1,0
427,12,player,1,2518.2,547.7,2600.1,711.4,2559.1,711.4,0
427,13,player,1,2693.7,454.5,2779.3,612.3,2736.5,612.3,0
427,24,player,0,1926.6,994.0,2049.2,1233.2,1987.9,1233.2,0
427,27,player,0,2160.8,756.7,2263.5,965.4,2212.2,965.4,0
427,32,player,1,1759.0,538.3,1813.7,687.4,1786.4,687.4,0
427,33,player,1,1773.9,719.0,1849.9,892.4,1811.9,892.4,0
427,36,player,0,1847.3,436.7,1901.2,574.0,1874.2,574.0,0
427,40,player,0,1214.6,551.8,1281.2,717.1,1247.9,717.1,0
427,41,player,0,739.8,970.3,852.0,1212.1,795.9,1212.1,0
427,50,player,0,268.2,665.1,362.8,854.6,315.5,854.6,0
427,52,player,0,1977.5,317.9,2025.7,437.6,2001.6,437.6,0
427,53,player,0,0.0,269.9,23.8,392.2,11.9,392.2,0
427,54,player,1,214.2,265.8,258.3,395.8,236.2,395.8,0
427,55,player,0,6.0,260.5,48.2,389.6,27.1,389.6,0
428,-1,ball,-1,813.6,898.6,825.6,910.6,819.6,904.6,0
428,4,player,1,2356.3,778.4,2424.1,994.8,2390.2,994.8,0
428,5,player,1,2599.8,964.8,2688.1,1222.2,2644.0,1222.2,0
428,12,player,1,2546.4,550.0,2616.5,712.2,2581.4,712.2,0
428,13,player,1,2710.9,454.9,2808.0,615.3,2759.4,615.3,0
428,24,player,0,1941.0,999.4,2051.8,1239.2,1996.4,1239.2,0
428,27,player,0,2183.5,757.2,2281.8,964.9,2232.6,964.9,0
428,32,player,1,1783.4,541.1,1832.1,664.9,1807.8,664.9,0
428,33,player,1,1797.1,718.9,1875.0,894.4,1836.0,894.4,0
428,36,player,0,1864.2,434.9,1919.8,577.8,1892.0,577.8,0
428,40,player,0,1234.9,554.3,1304.1,717.0,1269.5,717.0,0
428,41,player,0,753.5,969.3,870.8,1214.9,812.2,1214.9,0
428,50,player,0,294.2,666.5,389.7,855.2,342.0,855.2,0
428,52,player,0,2000.1,313.1,2050.8,438.3,2025.4,438.3,0
428,55,player,0,0.0,276.9,44.8,395.1,22.4,395.1,0
429,-1,ball,-1,813.6,898.6,825.6,910.6,819.6,904.6,0
429,4,player,1,2356.3,778.4,2424.0,994.8,2390.2,994.8,0
429,5,player,1,2599.7,964.8,2688.0,1222.2,2643.8,1222.2,0
429,12,player,1,2546.4,550.0,2616.5,712.2,2581.4,712.2,0
429,13,player,1,2710.9,454.9,2808.0,615.3,2759.4,615.3,0
429,24,player,0,1941.0,999.4,2051.8,1239.2,1996.4,1239.2,0
429,27,player,0,2183.5,757.2,2281.6,964.8,2232.6,964.8,0
429,32,player,1,1783.3,541.0,1832.1,665.0,1807.7,665.0,0
429,33,player,1,1797.1,718.9,1875.0,894.4,1836.0,894.4,0
429,36,player,0,1864.2,435.0,1919.8,577.8,1892.0,577.8,0
429,40,player,0,1235.0,554.3,1304.1,717.0,1269.6,717.0,0
429,41,player,0,753.5,969.3,870.8,1215.0,812.2,1215.0,0
429,50,player,0,294.2,666.5,389.7,855.2,342.0,855.2,0
429,52,player,0,2000.1,313.1,2050.8,438.3,2025.4,438.3,0
429,55,player,0,0.0,276.9,44.8,395.1,22.4,395.1,0
429,56,player,0,29.1,261.5,73.1,392.3,51.1,392.3,0
429,57,player,1,239.1,263.9,284.6,396.6,261.8,396.6,0
430,-1,ball,-1,797.0,893.0,809.0,905.0,803.0,899.0,0
430,4,player,1,2379.5,775.3,2445.4,997.4,2412.4,997.4,0
430,5,player,1,2620.3,962.9,2709.4,1220.3,2664.9,1220.3,0
430,12,player,1,2571.5,551.8,2626.8,716.9,2599.2,716.9,0
430,13,player,1,2726.2,456.8,2833.7,612.7,2780.0,612.7,0
430,24,player,0,1956.1,1003.9,2048.4,1243.3,2002.2,1243.3,0
430,27,player,0,2204.2,758.3,2296.4,957.9,2250.3,957.9,0
430,32,player,1,1805.8,544.0,1850.3,669.9,1828.0,669.9,0
430,33,player,1,1813.7,712.5,1897.3,892.8,1855.5,892.8,0
430,36,player,0,1881.9,434.2,1947.6,578.9,1914.8,578.9,0
430,40,player,0,1255.7,552.9,1328.4,717.1,1292.1,717.1,0
430,41,player,0,772.7,969.0,885.8,1219.2,829.2,1219.2,0
430,50,player,0,319.7,667.0,412.9,856.5,366.3,856.5,0
430,52,player,0,2023.9,314.4,2072.8,446.7,2048.4,446.7,0
430,56,player,0,9.4,275.6,69.0,398.6,39.2,398.6,0
431,-1,ball,-1,797.0,893.0,809.0,905.0,803.0,899.0,0
431,4,player,1,2379.5,775.2,2445.4,997.4,2412.4,997.4,0
431,5,player,1,2620.2,963.0,2709.4,1220.5,2664.8,1220.5,0
431,12,player,1,2571.6,551.8,2626.7,717.0,2599.1,717.0,0
431,13,player,1,2726.2,456.8,2833.7,612.7,2780.0,612.7,0
431,24,player,0,1956.1,1004.0,2048.7,1243.2,2002.4,1243.2,0
431,27,player,0,2204.3,758.3,2296.4,957.9,2250.4,957.9,0
431,32,player,1,1805.8,544.0,1850.3,669.9,1828.0,669.9,0
431,33,player,1,1813.5,712.5,1897.3,892.7,1855.4,892.7,0
431,36,player,0,1881.8,434.1,1947.6,578.9,1914.7,578.9,0
431,40,player,0,1255.7,553.0,1328.4,717.1,1292.1,717.1,0
431,41,player,0,772.7,968.9,885.9,1219.2,829.3,1219.2,0
431,50,player,0,319.8,667.0,412.9,856.4,366.4,856.4,0
431,52,player,0,2023.9,314.6,2072.8,446.1,2048.4,446.1,0
431,56,player,0,9.4,275.7,69.0,398.6,39.2,398.6,0
431,58,player,0,58.3,265.8,98.3,391.4,78.3,391.4,0
431,59,player,1,262.4,262.9,309.5,397.3,286.0,397.3,0
432,-1,ball,-1,782.0,886.0,794.0,898.0,788.0,892.0,0
432,4,player,1,2398.3,770.3,2472.7,1000.4,2435.5,1000.4,0
432,5,player,1,2640.1,963.4,2731.2,1210.1,2685.6,1210.1,0
432,12,player,1,2594.3,552.1,2642.6,718.8,2618.4,718.8,0
432,13,player,1,2745.0,458.9,2856.3,613.2,2800.6,613.2,0
432,24,player,0,1974.8,1003.9,2055.7,1246.4,2015.2,1246.4,0
432,27,player,0,2224.5,759.2,2308.6,957.4,2266.6,957.4,0
432,32,player,1,1826.8,542.1,1870.1,675.6,1848.4,675.6,0
432,33,player,1,1831.0,707.8,1921.1,893.9,1876.0,893.9,0
432,36,player,0,1901.2,431.9,1969.4,578.8,1935.3,578.8,0
432,40,player,0,1273.3,550.9,1353.7,718.5,1313.5,718.5,0
432,41,player,0,791.8,968.8,905.4,1220.6,848.6,1220.6,0
432,50,player,0,347.4,667.9,432.5,854.8,390.0,854.8,0
432,52,player,0,2045.3,318.1,2093.3,446.2,2069.3,446.2,0
432,58,player,0,34.1,277.3,93.3,397.7,63.7,397.7,0
432,59,player,1,284.9,261.5,332.9,397.7,308.9,397.7,0
433,-1,ball,-1,782.0,886.0,794.0,898.0,788.0,892.0,0
433,4,player,1,2398.3,770.3,2472.7,1000.5,2435.5,1000.5,0
433,5,player,1,2640.1,963.4,2731.2,1210.2,2685.6,1210.2,0
433,12,player,1,2594.3,552.1,2642.5,718.5,2618.4,718.5,0
433,13,player,1,2745.0,458.9,2856.3,613.3,2800.6,613.3,0
433,24,player,0,1974.8,1003.9,2055.7,1246.4,2015.2,1246.4,0
433,27,player,0,2224.4,759.1,2308.6,957.4,2266.5,957.4,0
433,32,player,1,1826.8,542.1,1870.1,675.7,1848.4,675.7,0
433,33,player,1,1831.0,707.8,1921.2,893.9,1876.1,893.9,0
433,36,player,0,1901.2,431.9,1969.4,578.8,1935.3,578.8,0
433,40,player,0,1273.2,550.9,1353.7,718.5,1313.4,718.5,0
433,41,player,0,791.8,968.8,905.4,1220.6,848.6,1220.6,0
433,50,player,0,347.4,667.9,432.6,854.9,390.0,854.9,0
433,52,player,0,2045.3,318.1,2093.3,446.2,2069.3,446.2,0
433,58,player,0,34.1,277.3,93.3,397.7,63.7,397.7,0
433,59,player,1,284.9,261.5,332.9,397.7,308.9,397.7,0
433,60,player,0,80.4,265.3,121.9,391.7,101.2,391.7,0
434,-1,ball,-1,766.3,880.1,778.3,892.1,772.3,886.1,0
434,4,player,1,2416.6,769.0,2498.0,996.7,2457.3,996.7,0
434,5,player,1,2655.7,964.9,2748.3,1209.5,2702.0,1209.5,0
434,12,player,1,2609.1,549.1,2669.1,720.0,2639.1,720.0,0
434,13,player,1,2776.5,464.4,2866.8,615.9,2821.6,615.9,0
434,24,player,0,1978.9,1003.8,2077.2,1248.9,2028.0,1248.9,0
434,27,player,0,2235.9,758.7,2318.8,960.9,2277.4,960.9,0
434,32,player,1,1846.9,538.8,1889.9,673.6,1868.4,673.6,0
434,33,player,1,1848.4,705.8,1940.7,890.5,1894.6,890.5,0
434,36,player,0,1919.4,433.1,1989.3,583.4,1954.4,583.4,0
434,40,player,0,1287.5,551.0,1373.2,717.1,1330.4,717.1,0
434,41,player,0,808.2,970.3,920.4,1222.8,864.3,1222.8,0
434,50,player,0,369.9,668.8,447.5,856.3,408.7,856.3,0
434,52,player,0,2064.6,316.0,2112.4,446.2,2088.5,446.2,0
434,59,player,1,307.8,261.1,354.2,398.5,331.0,398.5,0
434,60,player,0,54.7,276.8,113.5,401.2,84.1,401.2,0
435,-1,ball,-1,766.2,880.1,778.2,892.1,772.2,886.1,0
435,4,player,1,2416.6,769.0,2498.0,996.7,2457.3,996.7,0
435,5,player,1,2655.7,964.9,2748.4,1209.4,2702.0,1209.4,0
435,12,player,1,2609.2,549.1,2669.0,719.9,2639.1,719.9,0
435,13,player,1,2776.5,464.4,2866.8,615.9,2821.6,615.9,0
435,24,player,0,1978.9,1003.8,2077.2,1248.9,2028.0,1248.9,0
435,27,player,0,2235.9,758.6,2318.8,960.8,2277.4,960.8,0
435,32,player,1,1846.9,538.8,1889.9,673.7,1868.4,673.7,0
435,33,player,1,1848.4,705.8,1940.7,890.4,1894.6,890.4,0
435,36,player,0,1919.5,433.1,1989.3,583.4,1954.4,583.4,0
435,40,player,0,1287.4,551.0,1373.2,717.1,1330.3,717.1,0
435,41,player,0,808.2,970.3,920.4,1222.8,864.3,1222.8,0
435,50,player,0,369.9,668.8,447.7,856.3,408.8,856.3,0
435,52,player,0,2064.6,316.0,2112.4,446.2,2088.5,446.2,0
435,59,player,1,307.8,261.1,354.3,398.5,331.0,398.5,0
435,60,player,0,54.7,276.9,113.5,401.2,84.1,401.2,0
436,-1,ball,-1,766.3,880.1,778.3,892.1,772.3,886.1,0
436,4,player,1,2416.7,769.1,2497.9,996.7,2457.3,996.7,0
436,5,player,1,2655.7,964.9,2748.4,1209.6,2702.0,1209.6,0
436,12,player,1,2609.2,549.2,2669.0,719.8,2639.1,719.8,0
436,13,player,1,2776.5,464.4,2866.8,615.8,2821.6,615.8,0
436,24,player,0,1978.9,1003.8,2077.2,1248.8,2028.0,1248.8,0
436,27,player,0,2236.1,758.6,2318.8,960.9,2277.4,960.9,0
436,32,player,1,1846.9,538.9,1889.9,673.7,1868.4,673.7,0
436,33,player,1,1848.4,705.7,1940.6,890.5,1894.5,890.5,0
436,36,player,0,1919.4,433.1,1989.3,583.4,1954.4,583.4,0
436,40,player,0,1287.5,550.9,1373.2,717.1,1330.4,717.1,0
436,41,player,0,808.2,970.3,920.5,1222.8,864.4,1222.8,0
436,50,player,0,369.8,668.8,447.5,856.3,408.6,856.3,0
436,52,player,0,2064.6,316.0,2112.4,446.2,2088.5,446.2,0
436,59,player,1,307.8,261.1,354.2,398.5,331.0,398.5,0
436,60,player,0,54.7,276.9,113.5,401.2,84.1,401.2,0
437,-1,ball,-1,751.0,875.6,763.0,887.6,757.0,881.6,0
437,4,player,1,2432.0,771.0,2523.4,987.9,2477.7,987.9,0
437,5,player,1,2673.9,968.6,2764.9,1215.9,2719.4,1215.9,0
437,12,player,1,2620.8,546.4,2692.6,720.6,2656.7,720.6,0
437,13,player,1,2798.1,469.4,2878.5,619.5,2838.3,619.5,0
437,24,player,0,1986.2,1001.5,2096.8,1253.1,2041.5,1253.1,0
437,27,player,0,2249.1,755.4,2339.6,964.9,2294.4,964.9,0
437,32,player,1,1863.2,537.8,1907.8,693.9,1885.5,693.9,0
437,33,player,1,1860.3,704.6,1960.9,886.7,1910.6,886.7,0
437,36,player,0,1927.4,433.4,2011.3,578.9,1969.4,578.9,0
437,40,player,0,1303.4,551.2,1389.7,715.2,1346.6,715.2,0
437,41,player,0,827.7,973.5,937.5,1225.6,882.6,1225.6,0
437,50,player,0,390.0,670.5,464.4,857.9,427.2,857.9,0
437,52,player,0,2080.6,312.1,2131.3,445.9,2106.0,445.9,0
437,59,player,1,330.3,263.6,372.7,400.5,351.5,400.5,0
438,-1,ball,-1,751.0,875.6,763.0,887.6,757.0,881.6,0
438,4,player,1,2431.9,771.0,2523.5,987.9,2477.7,987.9,0
438,5,player,1,2673.9,968.6,2765.0,1215.9,2719.4,1215.9,0
438,12,player,1,2620.8,546.4,2692.7,720.6,2656.8,720.6,0
438,13,player,1,2798.2,469.5,2878.5,619.4,2838.4,619.4,0
438,24,player,0,1986.3,1001.5,2096.9,1253.1,2041.6,1253.1,0
438,27,player,0,2249.2,755.4,2339.4,964.9,2294.3,964.9,0
438,32,player,1,1863.2,537.8,1907.8,693.8,1885.5,693.8,0
438,33,player,1,1860.3,704.7,1960.9,886.7,1910.6,886.7,0
438,36,player,0,1927.6,433.4,2011.5,578.9,1969.6,578.9,0
438,40,player,0,1303.4,551.2,1389.7,715.2,1346.6,715.2,0
438,41,player,0,827.7,973.5,937.5,1225.7,882.6,1225.7,0
438,50,player,0,390.0,670.5,464.5,857.9,427.2,857.9,0
438,52,player,0,2080.6,312.2,2131.3,445.8,2106.0,445.8,0
438,59,player,1,330.4,263.6,372.8,400.5,351.6,400.5,0
438,62,player,1,121.4,265.7,163.7,394.1,142.6,394.1,0
439,-1,ball,-1,735.0,872.6,747.0,884.6,741.0,878.6,0
439,4,player,1,2451.5,774.8,2540.7,986.0,2496.1,986.0,0
439,5,player,1,2694.7,974.6,2781.3,1217.9,2738.0,1217.9,0
439,12,player,1,2631.0,544.0,2715.2,720.7,2673.1,720.7,0
439,13,player,1,2814.2,468.5,2878.9,623.2,2846.6,623.2,0
439,24,player,0,1982.6,1000.5,2112.0,1252.7,2047.3,1252.7,0
439,27,player,0,2263.6,754.4,2360.3,968.0,2312.0,968.0,0
439,32,player,1,1877.2,537.6,1924.5,703.6,1900.8,703.6,0
439,33,player,1,1875.0,707.4,1976.5,888.6,1925.8,888.6,0
439,36,player,0,1944.8,435.6,2024.3,581.1,1984.6,581.1,0
439,40,player,0,1315.0,552.5,1402.6,717.0,1358.8,717.0,0
439,41,player,0,840.7,975.4,949.9,1228.5,895.3,1228.5,0
439,50,player,0,410.0,672.6,482.2,861.2,446.1,861.2,0
439,52,player,0,2092.4,302.7,2149.4,446.2,2120.9,446.2,0
439,59,player,1,345.8,267.9,393.1,401.8,369.5,401.8,0
439,62,player,1,140.2,265.4,180.9,394.2,160.6,394.2,0
440,-1,ball,-1,735.0,872.6,747.0,884.6,741.0,878.6,0
440,4,player,1,2451.5,774.7,2540.6,986.0,2496.0,986.0,0
440,5,player,1,2694.7,974.7,2781.3,1217.9,2738.0,1217.9,0
440,12,player,1,2631.0,543.9,2715.2,720.8,2673.1,720.8,0
440,13,player,1,2814.1,468.5,2878.9,623.3,2846.5,623.3,0
440,24,player,0,1982.6,1000.5,2112.0,1252.7,2047.3,1252.7,0
440,27,player,0,2263.6,754.3,2360.3,968.1,2312.0,968.1,0
440,32,player,1,1877.1,537.6,1924.6,703.5,1900.8,703.5,0
440,33,player,1,1875.0,707.4,1976.5,888.6,1925.8,888.6,0
440,36,player,0,1944.8,435.6,2024.3,581.1,1984.6,581.1,0
440,40,player,0,1315.0,552.4,1402.6,716.9,1358.8,716.9,0
440,41,player,0,840.7,975.3,949.9,1228.5,895.3,1228.5,0
440,50,player,0,410.0,672.6,482.3,861.2,446.2,861.2,0
440,52,player,0,2092.4,302.8,2149.4,446.2,2120.9,446.2,0
440,59,player,1,345.8,267.8,393.1,401.8,369.5,401.8,0
440,62,player,1,140.2,265.4,180.9,394.2,160.6,394.2,0
441,-1,ball,-1,735.0,872.6,747.0,884.6,741.0,878.6,0
441,4,player,1,2451.6,774.8,2540.6,986.0,2496.1,986.0,0
441,5,player,1,2694.7,974.8,2781.3,1217.9,2738.0,1217.9,0
441,12,player,1,2631.1,543.9,2715.2,720.8,2673.1,720.8,0
441,13,player,1,2814.5,468.5,2878.9,623.3,2846.7,623.3,0
441,24,player,0,1982.6,1000.4,2112.0,1252.7,2047.3,1252.7,0
441,27,player,0,2263.4,754.4,2360.3,968.1,2311.9,968.1,0
441,32,player,1,1877.2,537.5,1924.6,703.5,1900.9,703.5,0
441,33,player,1,1875.1,707.4,1976.5,888.7,1925.8,888.7,0
441,36,player,0,1944.8,435.6,2024.3,581.1,1984.6,581.1,0
441,40,player,0,1315.0,552.4,1402.6,717.0,1358.8,717.0,0
441,41,player,0,840.7,975.3,949.9,1228.5,895.3,1228.5,0
441,50,player,0,410.0,672.6,482.3,861.2,446.2,861.2,0
441,52,player,0,2092.4,302.7,2149.4,446.2,2120.9,446.2,0
441,59,player,1,345.8,267.8,393.1,401.8,369.5,401.8,0
441,62,player,1,140.2,265.3,180.9,394.2,160.6,394.2,0
442,-1,ball,-1,717.3,869.6,729.3,881.6,723.3,875.6,0
442,4,player,1,2464.2,778.0,2557.1,990.2,2510.6,990.2,0
442,5,player,1,2712.0,977.8,2795.0,1220.4,2753.5,1220.4,0
442,12,player,1,2635.9,543.6,2736.0,720.1,2686.0,720.1,0
442,13,player,1,2831.2,466.5,2879.2,619.5,2855.2,619.5,0
442,24,player,0,1982.1,1002.2,2122.8,1245.9,2052.4,1245.9,0
442,27,player,0,2278.5,753.1,2379.8,969.6,2329.2,969.6,0
442,32,player,1,1890.2,536.9,1942.7,703.9,1916.4,703.9,0
442,33,player,1,1888.0,711.2,1986.4,893.0,1937.2,893.0,0
442,36,player,0,1962.2,439.3,2033.8,581.9,1998.0,581.9,0
442,40,player,0,1326.1,553.4,1407.7,718.0,1366.9,718.0,0
442,41,player,0,853.4,978.7,961.5,1232.8,907.4,1232.8,0
442,50,player,0,427.5,674.7,503.8,863.1,465.6,863.1,0
442,52,player,0,2105.9,302.4,2163.8,446.8,2134.9,446.8,0
442,58,player,0,0.0,267.6,29.6,399.7,14.8,399.7,0
442,59,player,1,366.8,272.4,408.7,401.6,387.8,401.6,0
442,62,player,1,158.5,267.5,198.6,395.6,178.6,395.6,0
443,-1,ball,-1,717.4,869.6,729.4,881.6,723.4,875.6,0
443,4,player,1,2464.3,777.9,2557.0,990.3,2510.6,990.3,0
443,5,player,1,2712.0,977.8,2795.0,1220.4,2753.5,1220.4,0
443,12,player,1,2636.1,543.6,2735.9,720.0,2686.0,720.0,0
443,13,player,1,2831.2,466.5,2879.2,619.4,2855.2,619.4,0
443,24,player,0,1982.1,1002.2,2122.8,1245.9,2052.4,1245.9,0
443,27,player,0,2278.2,753.2,2379.8,969.6,2329.0,969.6,0
443,32,player,1,1890.4,536.9,1942.7,703.7,1916.6,703.7,0
443,33,player,1,1888.1,711.2,1986.1,893.3,1937.1,893.3,0
443,36,player,0,1962.2,439.2,2034.0,582.0,1998.1,582.0,0
443,40,player,0,1326.1,553.4,1407.7,718.0,1366.9,718.0,0
443,41,player,0,853.3,978.5,961.5,1232.7,907.4,1232.7,0
443,50,player,0,427.4,674.7,503.8,863.1,465.6,863.1,0
443,52,player,0,2105.9,302.4,2163.8,446.9,2134.9,446.9,0
443,58,player,0,0.0,267.7,29.7,399.7,14.8,399.7,0
443,59,player,1,367.1,272.4,408.6,401.6,387.8,401.6,0
443,62,player,1,158.5,267.5,198.6,395.6,178.6,395.6,0
444,-1,ball,-1,701.8,865.6,713.8,877.6,707.8,871.6,0
444,4,player,1,2474.4,780.7,2567.4,995.4,2520.9,995.4,0
444,5,player,1,2723.4,978.5,2806.2,1223.5,2764.8,1223.5,0
444,12,player,1,2649.8,547.2,2751.0,716.4,2700.4,716.4,0
444,24,player,0,1992.0,1006.3,2126.0,1244.4,2059.0,1244.4,0
444,27,player,0,2293.9,753.6,2395.4,970.2,2344.6,970.2,0
444,32,player,1,1904.5,537.6,1955.6,702.5,1930.0,702.5,0
444,33,player,1,1897.3,712.2,1988.0,896.8,1942.6,896.8,0
444,36,player,0,1975.0,442.0,2040.0,581.2,2007.5,581.2,0
444,40,player,0,1335.3,555.0,1407.9,719.5,1371.6,719.5,0
444,41,player,0,866.9,979.4,973.0,1235.0,920.0,1235.0,0
444,50,player,0,444.1,676.7,528.1,865.4,486.1,865.4,0
444,52,player,0,2119.9,298.3,2175.0,448.4,2147.4,448.4,0
444,58,player,0,0.0,262.2,47.5,400.0,23.8,400.0,0
444,59,player,1,379.3,269.6,422.8,402.5,401.0,402.5,0
444,62,player,1,174.1,267.6,213.8,397.6,194.0,397.6,0
445,-1,ball,-1,701.8,865.6,713.8,877.6,707.8,871.6,0
445,4,player,1,2474.4,780.6,2567.4,995.4,2520.9,995.4,0
445,5,player,1,2723.4,978.5,2806.2,1223.5,2764.8,1223.5,0
445,12,player,1,2649.8,547.2,2751.0,716.5,2700.4,716.5,0
445,13,player,1,2846.2,463.5,2879.3,608.6,2862.8,608.6,0
445,24,player,0,1992.0,1006.3,2126.0,1244.4,2059.0,1244.4,0
445,27,player,0,2293.9,753.6,2395.3,970.2,2344.6,970.2,0
445,32,player,1,1904.3,537.6,1955.5,702.5,1929.9,702.5,0
445,33,player,1,1897.2,712.2,1988.0,896.8,1942.6,896.8,0
445,36,player,0,1975.0,442.0,2040.2,581.2,2007.6,581.2,0
445,40,player,0,1335.4,555.1,1407.7,719.5,1371.6,719.5,0
445,41,player,0,866.9,979.4,973.0,1235.0,920.0,1235.0,0
445,50,player,0,444.1,676.7,528.1,865.3,486.1,865.3,0
445,52,player,0,2120.0,298.3,2175.0,448.5,2147.5,448.5,0
445,58,player,0,0.0,262.2,47.5,400.0,23.8,400.0,0
445,59,player,1,379.3,269.5,422.8,402.5,401.0,402.5,0
445,62,player,1,174.1,267.6,213.8,397.6,194.0,397.6,0
446,-1,ball,-1,685.2,862.0,697.2,874.0,691.2,868.0,0
446,4,player,1,2487.1,780.2,2571.7,999.1,2529.4,999.1,0
446,5,player,1,2737.2,975.2,2813.0,1227.2,2775.1,1227.2,0
446,12,player,1,2669.7,549.6,2763.3,719.5,2716.5,719.5,0
446,24,player,0,2006.9,1012.0,2123.2,1250.0,2065.0,1250.0,0
446,27,player,0,2304.4,754.7,2409.4,971.3,2356.9,971.3,0
446,32,player,1,1916.1,542.4,1967.9,701.8,1942.0,701.8,0
446,33,player,1,1903.0,710.6,1987.7,900.3,1945.4,900.3,0
446,36,player,0,1984.5,442.4,2041.8,584.6,2013.2,584.6,0
446,40,player,0,1343.9,554.3,1415.8,720.5,1379.8,720.5,0
446,41,player,0,878.3,981.9,983.3,1236.6,930.8,1236.6,0
446,50,player,0,459.0,677.0,557.4,866.7,508.2,866.7,0
446,52,player,0,2135.3,313.1,2188.8,449.5,2162.0,449.5,0
446,59,player,1,393.2,272.7,439.0,404.2,416.1,404.2,0
446,60,player,0,12.3,263.9,61.2,402.0,36.8,402.0,0
446,62,player,1,188.8,269.0,227.4,397.4,208.1,397.4,0
447,-1,ball,-1,685.2,862.0,697.2,874.0,691.2,868.0,0
447,4,player,1,2487.1,780.2,2571.7,999.1,2529.4,999.1,0
447,5,player,1,2737.2,975.2,2813.0,1227.2,2775.1,1227.2,0
447,12,player,1,2669.7,549.6,2763.3,719.6,2716.5,719.6,0
447,24,player,0,2006.9,1012.0,2123.2,1250.0,2065.0,1250.0,0
447,27,player,0,2304.4,754.7,2409.4,971.2,2356.9,971.2,0
447,32,player,1,1916.1,542.4,1967.9,701.8,1942.0,701.8,0
447,33,player,1,1903.1,710.6,1987.8,900.3,1945.4,900.3,0
447,36,player,0,1984.5,442.4,2041.9,584.6,2013.2,584.6,0
447,40,player,0,1343.9,554.3,1415.8,720.5,1379.8,720.5,0
447,41,player,0,878.4,981.9,983.3,1236.6,930.8,1236.6,0
447,50,player,0,459.0,677.0,557.4,866.7,508.2,866.7,0
447,52,player,0,2135.3,313.1,2188.9,449.6,2162.1,449.6,0
447,59,player,1,393.2,272.7,439.0,404.2,416.1,404.2,0
447,60,player,0,12.3,263.9,61.2,402.0,36.8,402.0,0
447,62,player,1,188.8,269.0,227.4,397.4,208.1,397.4,0
447,63,player,1,2859.7,459.0,2879.3,620.9,2869.5,620.9,0
448,-1,ball,-1,685.2,862.0,697.2,874.0,691.2,868.0,0
448,4,player,1,2487.1,780.2,2571.8,999.0,2529.4,999.0,0
448,5,player,1,2737.1,975.1,2813.1,1227.3,2775.1,1227.3,0
448,12,player,1,2669.8,549.6,2763.3,719.6,2716.6,719.6,0
448,24,player,0,2006.9,1012.0,2123.3,1250.0,2065.1,1250.0,0
448,27,player,0,2304.4,754.7,2409.4,971.2,2356.9,971.2,0
448,32,player,1,1916.1,542.4,1967.9,701.8,1942.0,701.8,0
448,33,player,1,1903.2,710.6,1987.8,900.3,1945.5,900.3,0
448,36,player,0,1984.5,442.4,2041.6,584.7,2013.0,584.7,0
448,40,player,0,1343.9,554.3,1415.8,720.5,1379.8,720.5,0
448,41,player,0,878.3,982.0,983.3,1236.4,930.8,1236.4,0
448,50,player,0,459.0,677.0,557.3,866.7,508.2,866.7,0
448,52,player,0,2135.3,313.1,2188.8,449.6,2162.0,449.6,0
448,59,player,1,393.2,272.8,439.0,404.2,416.1,404.2,0
448,60,player,0,12.3,263.9,61.2,402.0,36.8,402.0,0
448,62,player,1,188.8,269.0,227.4,397.4,208.1,397.4,0
448,63,player,1,2859.7,459.0,2879.3,620.9,2869.5,620.9,0
449,-1,ball,-1,685.1,862.0,697.1,874.0,691.1,868.0,0
449,4,player,1,2486.8,780.3,2572.4,998.6,2529.6,998.6,0
449,5,player,1,2737.1,975.1,2813.1,1227.2,2775.1,1227.2,0
449,12,player,1,2669.8,549.6,2763.3,719.6,2716.6,719.6,0
449,24,player,0,2006.9,1012.1,2123.3,1249.9,2065.1,1249.9,0
449,27,player,0,2304.4,754.7,2409.4,971.2,2356.9,971.2,0
449,32,player,1,1916.1,542.4,1967.9,701.8,1942.0,701.8,0
449,33,player,1,1903.1,710.6,1987.8,900.3,1945.4,900.3,0
449,36,player,0,1984.7,442.4,2041.6,584.7,2013.2,584.7,0
449,40,player,0,1343.9,554.4,1415.8,720.5,1379.8,720.5,0
449,41,player,0,878.3,982.0,983.4,1236.3,930.8,1236.3,0
449,50,player,0,459.0,677.0,557.4,866.7,508.2,866.7,0
449,52,player,0,2135.3,313.1,2188.8,449.6,2162.0,449.6,0
449,59,player,1,393.2,272.7,439.0,404.2,416.1,404.2,0
449,60,player,0,12.3,263.9,61.2,402.0,36.8,402.0,0
449,62,player,1,188.8,269.0,227.4,397.4,208.1,397.4,0
449,63,player,1,2859.7,459.0,2879.3,620.9,2869.5,620.9,0
450,-1,ball,-1,669.6,856.6,681.6,868.6,675.6,862.6,0
450,4,player,1,2500.1,779.1,2582.8,1000.9,2541.4,1000.9,0
450,5,player,1,2747.4,970.2,2824.2,1231.8,2785.8,1231.8,0
450,12,player,1,2682.9,552.2,2769.1,723.6,2726.0,723.6,0
450,24,player,0,2003.0,1016.3,2111.9,1254.6,2057.4,1254.6,0
450,27,player,0,2310.3,757.2,2417.3,969.9,2363.8,969.9,0
450,32,player,1,1923.4,545.1,1978.8,703.1,1951.1,703.1,0
450,33,player,1,1909.4,703.3,1993.6,903.0,1951.5,903.0,0
450,36,player,0,1994.9,442.0,2047.5,585.6,2021.2,585.6,0
450,40,player,0,1352.4,552.8,1429.0,722.8,1390.7,722.8,0
450,41,player,0,888.5,982.7,993.5,1234.4,941.0,1234.4,0
450,50,player,0,473.8,679.5,579.0,869.4,526.4,869.4,0
450,52,player,0,2144.8,310.5,2202.5,449.7,2173.6,449.7,0
450,59,player,1,410.5,285.1,452.2,406.2,431.4,406.2,0
450,60,player,0,26.1,269.1,74.5,404.3,50.3,404.3,0
450,62,player,1,203.1,272.3,242.7,398.6,222.9,398.6,0
450,63,player,1,2862.3,468.8,2879.4,620.4,2870.9,620.4,0
451,-1,ball,-1,669.6,856.6,681.6,868.6,675.6,862.6,0
451,4,player,1,2500.1,779.1,2582.8,1000.9,2541.4,1000.9,0
451,5,player,1,2747.4,970.2,2824.2,1231.8,2785.8,1231.8,0
451,12,player,1,2682.9,552.2,2769.1,723.6,2726.0,723.6,0
451,24,player,0,2003.0,1016.3,2111.9,1254.6,2057.4,1254.6,0
451,27,player,0,2310.3,757.2,2417.3,969.9,2363.8,969.9,0
451,32,player,1,1923.4,545.2,1978.7,703.2,1951.0,703.2,0
451,33,player,1,1909.5,704.2,1993.5,902.9,1951.5,902.9,0
451,36,player,0,1994.7,442.0,2047.6,585.6,2021.2,585.6,0
451,40,player,0,1352.4,552.8,1430.6,722.8,1391.5,722.8,0
451,41,player,0,888.6,982.7,993.5,1234.3,941.0,1234.3,0
451,50,player,0,473.9,679.5,579.0,869.5,526.4,869.5,0
451,52,player,0,2144.9,310.5,2202.5,449.6,2173.7,449.6,0
451,59,player,1,410.2,285.1,452.2,406.3,431.2,406.3,0
451,60,player,0,26.1,269.1,74.6,404.3,50.3,404.3,0
451,62,player,1,203.1,272.3,242.7,398.6,222.9,398.6,0
451,63,player,1,2862.3,468.7,2879.4,619.6,2870.9,619.6,0
452,-1,ball,-1,652.0,853.8,664.0,865.8,658.0,859.8,0
452,4,player,1,2511.5,776.5,2593.1,1004.5,2552.3,1004.5,0
452,5,player,1,2759.1,969.0,2840.1,1238.0,2799.6,1238.0,0
452,12,player,1,2693.4,552.2,2771.8,726.5,2732.6,726.5,0
452,24,player,0,2004.2,1016.1,2110.0,1258.9,2057.1,1258.9,0
452,27,player,0,2313.4,761.9,2422.4,971.6,2367.9,971.6,0
452,32,player,1,1931.2,548.1,1991.3,706.6,1961.2,706.6,0
452,33,player,1,1919.4,703.3,2005.5,905.6,1962.4,905.6,0
452,36,player,0,2004.3,440.3,2057.8,585.8,2031.0,585.8,0
452,40,player,0,1359.5,552.9,1438.5,722.9,1399.0,722.9,0
452,41,player,0,898.3,983.0,1001.7,1233.1,950.0,1233.1,0
452,50,player,0,488.2,680.7,596.5,872.7,542.4,872.7,0
452,52,player,0,2162.8,307.7,2219.0,448.9,2190.9,448.9,0
452,54,player,1,216.1,272.8,257.7,401.7,236.9,401.7,0
452,59,player,1,423.6,284.2,466.6,408.2,445.1,408.2,0
452,60,player,0,39.8,267.8,92.6,405.3,66.2,405.3,0
453,-1,ball,-1,652.0,853.8,664.0,865.8,658.0,859.8,0
453,4,player,1,2511.5,776.6,2593.1,1004.5,2552.3,1004.5,0
453,5,player,1,2759.1,969.0,2840.1,1238.0,2799.6,1238.0,0
453,12,player,1,2693.4,552.3,2771.7,726.3,2732.6,726.3,0
453,24,player,0,2004.2,1016.1,2110.0,1258.7,2057.1,1258.7,0
453,27,player,0,2313.4,761.9,2422.3,971.6,2367.9,971.6,0
453,32,player,1,1931.2,548.1,1991.3,706.5,1961.2,706.5,0
453,33,player,1,1919.4,703.2,2005.6,905.6,1962.5,905.6,0
453,36,player,0,2004.3,440.3,2057.8,585.8,2031.0,585.8,0
453,40,player,0,1359.5,552.9,1438.5,722.9,1399.0,722.9,0
453,41,player,0,898.3,983.0,1001.7,1233.0,950.0,1233.0,0
453,50,player,0,488.2,680.7,596.5,872.7,542.4,872.7,0
453,52,player,0,2162.8,307.7,2219.0,447.0,2190.9,447.0,0
453,54,player,1,216.2,272.7,257.6,401.7,236.9,401.7,0
453,59,player,1,423.6,284.2,466.6,408.2,445.1,408.2,0
453,60,player,0,39.8,267.8,92.6,405.3,66.2,405.3,0
454,-1,ball,-1,637.0,851.6,649.0,863.6,643.0,857.6,0
454,4,player,1,2519.1,771.7,2603.0,1005.5,2561.0,1005.5,0
454,5,player,1,2756.4,968.1,2853.9,1239.0,2805.2,1239.0,0
454,12,player,1,2699.4,551.0,2773.0,726.5,2736.2,726.5,0
454,24,player,0,2006.2,1013.1,2116.2,1261.5,2061.2,1261.5,0
454,27,player,0,2316.2,765.6,2420.7,975.4,2368.4,975.4,0
454,32,player,1,1938.0,548.0,2006.1,705.2,1972.0,705.2,0
454,33,player,1,1924.9,705.6,2010.9,900.6,1967.9,900.6,0
454,36,player,0,2015.0,437.8,2069.5,592.4,2042.2,592.4,0
454,40,player,0,1365.6,554.0,1436.9,721.9,1401.2,721.9,0
454,41,player,0,909.8,981.9,1011.9,1229.1,960.8,1229.1,0
454,50,player,0,499.8,682.0,608.8,874.9,554.3,874.9,1
454,52,player,0,2174.1,309.3,2231.0,449.5,2202.6,449.5,0
454,59,player,1,435.6,289.0,478.5,409.0,457.0,409.0,0
454,60,player,0,49.0,272.9,100.9,405.8,75.0,405.8,0
454,62,player,1,228.4,272.8,268.1,402.3,248.2,402.3,0
455,-1,ball,-1,637.0,851.6,649.0,863.6,643.0,857.6,0
455,4,player,1,2519.1,771.7,2603.0,1005.5,2561.0,1005.5,0
455,5,player,1,2756.4,968.1,2853.9,1239.0,2805.2,1239.0,0
455,12,player,1,2699.4,551.0,2773.0,726.5,2736.2,726.5,0
455,24,player,0,2006.3,1013.1,2116.2,1261.5,2061.2,1261.5,0
455,27,player,0,2316.2,765.6,2420.7,975.4,2368.4,975.4,0
455,32,player,1,1938.0,548.0,2006.1,705.2,1972.0,705.2,0
455,33,player,1,1924.8,705.6,2010.8,900.5,1967.8,900.5,0
455,36,player,0,2015.0,437.8,2069.6,592.5,2042.3,592.5,0
455,40,player,0,1365.6,554.0,1436.7,721.9,1401.2,721.9,0
455,41,player,0,910.0,981.9,1011.9,1229.1,961.0,1229.1,0
455,50,player,0,499.8,682.0,608.8,874.9,554.3,874.9,1
455,52,player,0,2174.1,309.3,2231.0,449.2,2202.6,449.2,0
455,59,player,1,435.6,289.0,478.5,409.0,457.0,409.0,0
455,60,player,0,49.0,272.9,100.9,405.8,75.0,405.8,0
455,62,player,1,228.4,272.8,268.1,402.4,248.2,402.4,0
456,-1,ball,-1,619.3,849.6,631.3,861.6,625.3,855.6,0
456,4,player,1,2528.6,771.4,2611.6,1003.0,2570.1,1003.0,0
456,5,player,1,2760.4,970.0,2869.3,1239.8,2814.9,1239.8,0
456,12,player,1,2711.5,549.4,2782.2,728.5,2746.8,728.5,0
456,24,player,0,2004.1,1009.0,2130.7,1259.6,2067.4,1259.6,0
456,27,player,0,2319.9,765.8,2413.9,977.6,2366.9,977.6,0
456,32,player,1,1946.1,547.5,2017.7,713.4,1981.9,713.4,0
456,33,player,1,1930.1,706.3,2019.0,900.4,1974.6,900.4,0
456,36,player,0,2020.5,437.4,2077.1,589.4,2048.8,589.4,0
456,40,player,0,1370.4,557.3,1433.2,722.1,1401.8,722.1,0
456,41,player,0,919.9,982.0,1019.9,1231.1,969.9,1231.1,0
456,50,player,0,509.3,684.3,637.4,876.6,573.4,876.6,1
456,52,player,0,2186.2,302.5,2238.8,450.4,2212.5,450.4,0
456,59,player,1,446.0,288.9,489.6,411.1,467.8,411.1,0
456,60,player,0,55.7,270.6,116.4,408.9,86.1,408.9,0
456,62,player,1,237.9,274.9,279.4,406.6,258.6,406.6,0
457,-1,ball,-1,619.3,849.6,631.3,861.6,625.3,855.6,0
457,4,player,1,2528.6,771.4,2611.6,1003.1,2570.1,1003.1,0
457,5,player,1,2760.4,970.0,2869.3,1239.8,2814.9,1239.8,0
457,12,player,1,2711.4,549.3,2782.2,728.5,2746.8,728.5,0
457,24,player,0,2004.1,1009.1,2130.7,1259.6,2067.4,1259.6,0
457,27,player,0,2319.9,765.8,2413.9,977.6,2366.9,977.6,0
457,32,player,1,1946.1,547.4,2017.7,713.4,1981.9,713.4,0
457,33,player,1,1930.1,706.3,2019.0,900.4,1974.6,900.4,0
457,36,player,0,2020.6,437.4,2077.4,589.5,2049.0,589.5,0
457,40,player,0,1370.5,557.3,1433.2,722.1,1401.8,722.1,0
457,41,player,0,919.9,982.0,1020.0,1231.1,970.0,1231.1,0
457,50,player,0,509.3,684.3,637.3,876.6,573.3,876.6,1
457,52,player,0,2186.1,302.5,2238.8,450.3,2212.4,450.3,0
457,59,player,1,446.0,288.9,489.6,411.1,467.8,411.1,0
457,60,player,0,55.6,270.7,116.3,408.9,86.0,408.9,0
457,62,player,1,237.9,274.9,279.4,406.5,258.6,406.5,0
458,-1,ball,-1,616.9,848.7,628.9,860.7,622.9,854.7,0
458,4,player,1,2536.8,773.2,2618.4,994.1,2577.6,994.1,0
458,5,player,1,2773.6,974.5,2878.9,1225.0,2826.2,1225.0,0
458,12,player,1,2721.0,547.7,2793.7,727.4,2757.4,727.4,0
458,24,player,0,1994.2,1007.3,2150.2,1256.0,2072.2,1256.0,0
458,27,player,0,2323.7,763.5,2422.4,980.7,2373.0,980.7,0
458,32,player,1,1959.8,545.4,2025.3,715.2,1992.6,715.2,0
458,33,player,1,1935.1,706.6,2022.4,895.3,1978.8,895.3,0
458,36,player,0,2028.5,437.4,2084.8,588.3,2056.6,588.3,0
458,40,player,0,1376.1,560.5,1438.7,721.6,1407.4,721.6,0
458,41,player,0,930.0,982.4,1027.1,1235.7,978.6,1235.7,0
458,50,player,0,514.8,687.3,624.6,879.6,569.7,879.6,1
458,52,player,0,2194.1,304.7,2249.4,450.7,2221.8,450.7,0
458,59,player,1,456.9,290.0,500.3,412.5,478.6,412.5,0
458,60,player,0,70.0,276.7,121.1,409.5,95.6,409.5,0
458,62,player,1,250.8,276.3,290.0,406.3,270.4,406.3,0
459,-1,ball,-1,614.4,847.8,626.4,859.8,620.4,853.8,0
459,4,player,1,2536.8,773.3,2618.3,994.1,2577.6,994.1,0
459,5,player,1,2773.5,974.4,2878.9,1225.0,2826.2,1225.0,0
459,12,player,1,2721.1,547.8,2793.6,727.4,2757.4,727.4,0
459,24,player,0,1994.2,1007.3,2151.1,1256.0,2072.6,1256.0,0
459,27,player,0,2323.7,763.5,2422.4,980.8,2373.0,980.8,0
459,32,player,1,1959.8,545.3,2025.3,715.2,1992.6,715.2,0
459,33,player,1,1935.1,706.6,2022.4,895.3,1978.8,895.3,0
459,36,player,0,2028.5,437.5,2084.8,588.4,2056.6,588.4,0
459,40,player,0,1376.0,560.4,1438.8,721.6,1407.4,721.6,0
459,41,player,0,930.1,982.4,1027.0,1235.7,978.6,1235.7,0
459,50,player,0,514.8,687.3,624.6,879.6,569.7,879.6,1
459,52,player,0,2194.1,304.8,2249.4,451.0,2221.8,451.0,0
459,59,player,1,456.9,290.0,500.3,412.5,478.6,412.5,0
459,60,player,0,70.2,276.5,121.1,409.5,95.6,409.5,0
459,62,player,1,250.8,276.3,290.1,406.2,270.5,406.2,0
460,-1,ball,-1,612.0,846.8,624.0,858.8,618.0,852.8,0
460,4,player,1,2536.8,773.3,2618.4,994.1,2577.6,994.1,0
460,5,player,1,2773.4,974.4,2878.9,1225.0,2826.2,1225.0,0
460,12,player,1,2721.1,547.8,2793.6,727.4,2757.4,727.4,0
460,24,player,0,1994.2,1007.3,2150.5,1256.0,2072.4,1256.0,0
460,27,player,0,2323.7,763.5,2422.3,980.8,2373.0,980.8,0
460,32,player,1,1959.8,545.3,2025.3,715.3,1992.6,715.3,0
460,33,player,1,1935.1,706.6,2022.4,895.3,1978.8,895.3,0
460,36,player,0,2028.4,437.4,2084.8,588.3,2056.6,588.3,0
460,40,player,0,1376.0,560.5,1438.6,721.6,1407.3,721.6,0
460,41,player,0,930.1,982.4,1027.0,1235.7,978.6,1235.7,0
460,50,player,0,514.8,687.3,624.6,879.6,569.7,879.6,1
460,52,player,0,2194.1,304.8,2249.4,450.7,2221.8,450.7,0
460,59,player,1,456.8,290.0,500.3,412.5,478.6,412.5,0
460,60,player,0,70.1,276.5,121.2,409.5,95.6,409.5,0
460,62,player,1,250.8,276.3,290.1,406.2,270.5,406.2,0
461,-1,ball,-1,609.6,845.9,621.6,857.9,615.6,851.9,0
461,4,player,1,2546.3,777.9,2623.0,994.1,2584.6,994.1,0
461,5,player,1,2788.8,979.6,2879.1,1224.7,2834.0,1224.7,0
461,12,player,1,2730.3,547.9,2801.1,729.0,2765.7,729.0,0
461,24,player,0,1987.7,1007.2,2159.0,1249.1,2073.4,1249.1,0
461,27,player,0,2330.9,761.7,2432.8,986.8,2381.9,986.8,0
461,32,player,1,1970.5,543.9,2033.2,716.4,2001.8,716.4,0
461,33,player,1,1941.6,710.1,2022.5,899.2,1982.0,899.2,0
461,36,player,0,2034.2,441.1,2090.4,588.7,2062.3,588.7,0
461,40,player,0,1379.3,560.2,1443.8,725.2,1411.6,725.2,0
461,41,player,0,941.4,982.7,1035.4,1238.5,988.4,1238.5,0
461,50,player,0,526.5,689.2,628.5,883.0,577.5,883.0,1
461,52,player,0,2203.7,317.5,2258.9,454.0,2231.3,454.0,0
461,59,player,1,466.7,290.6,512.2,414.9,489.4,414.9,0
461,60,player,0,82.5,274.4,131.5,411.7,107.0,411.7,0
461,62,player,1,261.4,279.4,299.2,407.4,280.3,407.4,0
462,-1,ball,-1,609.6,845.9,621.6,857.9,615.6,851.9,0
462,4,player,1,2546.3,777.9,2623.0,994.1,2584.6,994.1,0
462,5,player,1,2788.9,979.6,2879.1,1224.6,2834.0,1224.6,0
462,12,player,1,2730.3,547.9,2801.1,729.0,2765.7,729.0,0
462,24,player,0,1987.7,1007.2,2158.4,1249.2,2073.0,1249.2,0
462,27,player,0,2331.0,761.6,2432.8,986.7,2381.9,986.7,0
462,32,player,1,1970.5,543.9,2033.2,716.5,2001.8,716.5,0
462,33,player,1,1941.6,710.1,2022.3,899.2,1982.0,899.2,0
462,36,player,0,2034.1,441.1,2090.4,588.7,2062.2,588.7,0
462,40,player,0,1379.3,560.2,1443.9,725.1,1411.6,725.1,0
462,41,player,0,941.4,982.7,1035.4,1238.5,988.4,1238.5,0
462,50,player,0,526.5,689.2,628.4,883.0,577.4,883.0,1
462,52,player,0,2203.7,317.5,2258.9,454.0,2231.3,454.0,0
462,59,player,1,466.7,290.6,512.2,414.9,489.4,414.9,0
462,60,player,0,82.7,274.4,131.6,411.7,107.2,411.7,0
462,62,player,1,261.4,279.4,299.2,407.4,280.3,407.4,0
463,-1,ball,-1,614.4,844.2,626.4,856.2,620.4,850.2,0
463,4,player,1,2553.3,782.9,2626.2,999.9,2589.8,999.9,0
463,5,player,1,2801.1,987.0,2879.2,1229.3,2840.1,1229.3,0
463,12,player,1,2737.5,548.3,2811.7,729.6,2774.6,729.6,0
463,24,player,0,1983.5,1010.8,2174.9,1246.6,2079.2,1246.6,0
463,27,player,0,2338.9,761.3,2444.4,983.4,2391.6,983.4,0
463,32,player,1,1978.2,545.9,2042.1,717.4,2010.2,717.4,0
463,33,player,1,1944.6,715.4,2019.1,903.5,1981.8,903.5,0
463,36,player,0,2035.7,444.1,2092.6,589.6,2064.2,589.6,0
463,40,player,0,1379.8,560.1,1451.6,730.0,1415.7,730.0,0
463,41,player,0,950.8,984.8,1042.7,1242.5,996.8,1242.5,0
463,50,player,0,538.8,690.8,608.9,886.7,573.8,886.7,1
463,52,player,0,2209.2,319.4,2268.8,454.2,2239.0,454.2,0
463,59,player,1,476.3,288.7,521.0,416.4,498.6,416.4,0
463,60,player,0,86.4,274.4,141.7,413.2,114.0,413.2,0
463,62,player,1,270.0,281.3,309.7,408.0,289.8,408.0,0
464,-1,ball,-1,614.4,844.2,626.4,856.2,620.4,850.2,0
464,4,player,1,2553.3,782.9,2626.2,999.9,2589.8,999.9,0
464,5,player,1,2801.1,987.0,2879.2,1229.3,2840.1,1229.3,0
464,12,player,1,2737.5,548.3,2811.7,729.6,2774.6,729.6,0
464,24,player,0,1983.5,1010.8,2174.9,1246.6,2079.2,1246.6,0
464,27,player,0,2338.7,761.3,2444.3,983.4,2391.5,983.4,0
464,32,player,1,1978.1,545.9,2042.1,717.4,2010.1,717.4,0
464,33,player,1,1944.6,715.4,2019.1,903.5,1981.8,903.5,0
464,36,player,0,2035.7,444.1,2092.6,589.6,2064.2,589.6,0
464,40,player,0,1379.8,560.0,1451.6,730.0,1415.7,730.0,0
464,41,player,0,951.2,984.8,1042.7,1242.5,997.0,1242.5,0
464,50,player,0,538.8,690.8,608.8,886.7,573.8,886.7,1
464,52,player,0,2209.1,319.4,2268.8,454.2,2239.0,454.2,0
464,59,player,1,476.3,288.7,521.0,416.4,498.6,416.4,0
464,60,player,0,86.4,274.4,141.7,413.2,114.0,413.2,0
464,62,player,1,270.0,281.3,309.7,408.0,289.8,408.0,0
465,-1,ball,-1,614.4,844.2,626.4,856.2,620.4,850.2,0
465,4,player,1,2553.3,782.9,2626.2,999.9,2589.8,999.9,0
465,5,player,1,2801.0,987.0,2879.2,1229.3,2840.1,1229.3,0
465,12,player,1,2737.5,548.3,2811.7,729.6,2774.6,729.6,0
465,24,player,0,1983.5,1010.8,2175.0,1246.6,2079.2,1246.6,0
465,27,player,0,2338.9,761.3,2444.4,983.4,2391.6,983.4,0
465,32,player,1,1978.1,545.9,2042.1,717.4,2010.1,717.4,0
465,33,player,1,1944.6,715.5,2019.0,903.5,1981.8,903.5,0
465,36,player,0,2035.7,444.0,2092.7,590.0,2064.2,590.0,0
465,40,player,0,1379.8,560.0,1451.6,730.0,1415.7,730.0,0
465,41,player,0,951.0,984.8,1042.7,1242.5,996.8,1242.5,0
465,50,player,0,538.9,690.8,609.2,886.7,574.0,886.7,1
465,52,player,0,2209.0,319.5,2268.8,454.2,2238.9,454.2,0
465,59,player,1,476.3,288.7,521.0,416.4,498.6,416.4,0
465,60,player,0,86.6,274.3,141.6,413.2,114.1,413.2,0
465,62,player,1,270.0,281.1,309.8,408.0,289.9,408.0,0
466,-1,ball,-1,614.4,844.2,626.4,856.2,620.4,850.2,0
466,4,player,1,2553.2,782.9,2626.3,999.9,2589.8,999.9,0
466,5,player,1,2801.1,987.0,2879.2,1229.3,2840.1,1229.3,0
466,12,player,1,2737.5,548.3,2811.7,729.7,2774.6,729.7,0
466,24,player,0,1983.5,1010.8,2175.1,1246.6,2079.3,1246.6,0
466,27,player,0,2338.7,761.3,2444.3,983.4,2391.5,983.4,0
466,32,player,1,1978.2,545.9,2042.1,717.4,2010.2,717.4,0
466,33,player,1,1944.6,715.5,2019.0,903.7,1981.8,903.7,0
466,36,player,0,2035.7,444.0,2092.7,590.1,2064.2,590.1,0
466,40,player,0,1379.8,560.0,1451.6,730.0,1415.7,730.0,0
466,41,player,0,951.0,984.8,1042.7,1242.5,996.8,1242.5,0
466,50,player,0,538.9,690.8,608.6,886.7,573.8,886.7,1
466,52,player,0,2209.2,319.5,2268.8,454.2,2239.0,454.2,0
466,59,player,1,476.3,288.7,521.0,416.4,498.6,416.4,0
466,60,player,0,86.6,274.3,141.6,413.2,114.1,413.2,0
466,62,player,1,270.0,281.2,309.8,408.1,289.9,408.1,0
467,-1,ball,-1,622.2,843.4,634.2,855.4,628.2,849.4,0
467,4,player,1,2556.2,784.4,2626.9,1003.3,2591.6,1003.3,0
467,5,player,1,2805.5,988.2,2879.0,1234.4,2842.2,1234.4,0
467,12,player,1,2744.5,551.6,2821.7,727.3,2783.1,727.3,0
467,24,player,0,1983.4,1015.4,2173.6,1252.7,2078.5,1252.7,0
467,27,player,0,2347.2,761.7,2447.9,989.4,2397.6,989.4,0
467,32,player,1,1987.4,547.5,2047.7,718.3,2017.6,718.3,0
467,33,player,1,1947.6,717.1,2006.0,906.8,1976.8,906.8,0
467,36,player,0,2045.5,448.9,2094.2,595.8,2069.8,595.8,0
467,40,player,0,1379.3,557.8,1460.5,729.5,1419.9,729.5,0
467,41,player,0,961.8,987.8,1048.3,1246.7,1005.0,1246.7,0
467,50,player,0,547.0,694.4,605.8,889.1,576.4,889.1,1
467,52,player,0,2217.2,320.7,2276.2,454.3,2246.7,454.3,0
467,59,player,1,484.6,288.4,529.3,417.9,507.0,417.9,0
467,60,player,0,93.9,278.1,149.5,415.2,121.7,415.2,0
467,62,player,1,277.8,282.1,318.4,410.7,298.1,410.7,0
468,-1,ball,-1,626.8,844.2,638.8,856.2,632.8,850.2,0
468,4,player,1,2559.0,784.0,2626.9,1005.6,2593.0,1005.6,0
468,5,player,1,2809.6,986.7,2879.2,1237.3,2844.4,1237.3,0
468,12,player,1,2747.0,554.6,2828.5,729.7,2787.8,729.7,0
468,24,player,0,1990.8,1015.6,2171.3,1256.0,2081.0,1256.0,0
468,27,player,0,2350.8,763.7,2451.1,987.1,2401.0,987.1,0
468,32,player,1,1993.1,552.0,2050.7,718.5,2021.9,718.5,0
468,33,player,1,1949.1,716.4,2006.1,908.4,1977.6,908.4,0
468,36,player,0,2041.7,449.2,2095.6,596.9,2068.6,596.9,0
468,40,player,0,1378.4,560.1,1465.9,726.4,1422.2,726.4,0
468,41,player,0,968.4,990.2,1055.3,1248.9,1011.8,1248.9,0
468,50,player,0,560.4,696.4,619.7,891.1,590.0,891.1,1
468,52,player,0,2223.7,320.0,2284.2,458.7,2254.0,458.7,0
468,59,player,1,491.8,287.7,537.9,420.8,514.8,420.8,0
468,60,player,0,101.5,276.6,157.8,417.1,129.6,417.1,0
468,62,player,1,284.1,283.3,323.3,412.2,303.7,412.2,0
469,-1,ball,-1,626.8,844.2,638.8,856.2,632.8,850.2,0
469,4,player,1,2559.0,784.1,2626.9,1005.5,2593.0,1005.5,0
469,5,player,1,2809.6,986.7,2879.2,1237.3,2844.4,1237.3,0
469,12,player,1,2747.0,554.6,2828.5,729.7,2787.8,729.7,0
469,24,player,0,1990.8,1015.6,2171.3,1255.9,2081.0,1255.9,0
469,27,player,0,2350.7,763.7,2451.1,987.0,2400.9,987.0,0
469,32,player,1,1993.4,552.0,2050.7,718.2,2022.0,718.2,0
469,33,player,1,1949.1,716.5,2006.0,908.4,1977.6,908.4,0
469,36,player,0,2041.6,449.2,2095.5,596.9,2068.6,596.9,0
469,40,player,0,1378.4,560.1,1465.9,726.5,1422.2,726.5,0
469,41,player,0,968.6,990.1,1055.2,1248.9,1011.9,1248.9,0
469,50,player,0,560.5,696.3,619.9,891.1,590.2,891.1,1
469,52,player,0,2224.0,320.1,2284.1,458.6,2254.0,458.6,0
469,59,player,1,491.8,287.6,537.9,420.8,514.8,420.8,0
469,60,player,0,101.5,276.6,157.8,417.1,129.6,417.1,0
469,62,player,1,284.1,283.3,323.3,412.2,303.7,412.2,0
470,-1,ball,-1,632.2,846.3,644.2,858.3,638.2,852.3,0
470,4,player,1,2559.2,781.8,2631.7,1005.8,2595.4,1005.8,0
470,5,player,1,2813.4,983.6,2879.2,1238.8,2846.3,1238.8,0
470,12,player,1,2752.8,557.4,2830.0,731.8,2791.4,731.8,0
470,24,player,0,1999.6,1011.2,2165.6,1256.3,2082.6,1256.3,0
470,27,player,0,2354.3,768.3,2448.0,985.1,2401.2,985.1,0
470,32,player,1,1993.0,553.6,2053.9,718.9,2023.4,718.9,0
470,33,player,1,1946.3,712.3,2013.4,907.8,1979.8,907.8,0
470,36,player,0,2048.0,447.8,2101.8,595.8,2074.9,595.8,0
470,40,player,0,1377.2,561.4,1460.1,728.1,1418.6,728.1,0
470,41,player,0,975.0,993.8,1062.0,1251.4,1018.5,1251.4,0
470,50,player,0,569.3,700.2,630.8,893.8,600.0,893.8,1
470,52,player,0,2230.9,318.2,2292.2,457.7,2261.6,457.7,0
470,59,player,1,499.3,291.5,544.9,421.6,522.1,421.6,0
470,60,player,0,112.2,282.2,167.0,417.9,139.6,417.9,0
470,62,player,1,292.3,284.5,332.8,414.0,312.6,414.0,0
471,-1,ball,-1,632.2,846.2,644.2,858.2,638.2,852.2,0
471,4,player,1,2559.2,781.8,2631.6,1005.8,2595.4,1005.8,0
471,5,player,1,2813.4,983.6,2879.2,1238.8,2846.3,1238.8,0
471,12,player,1,2752.9,557.4,2829.9,731.9,2791.4,731.9,0
471,24,player,0,1999.6,1011.1,2165.6,1256.3,2082.6,1256.3,0
471,27,player,0,2354.4,768.3,2448.0,985.1,2401.2,985.1,0
471,32,player,1,1993.0,553.6,2053.9,718.9,2023.4,718.9,0
471,33,player,1,1946.3,712.4,2013.4,907.8,1979.8,907.8,0
471,36,player,0,2047.9,447.7,2101.8,595.8,2074.9,595.8,0
471,40,player,0,1377.2,561.3,1460.1,728.1,1418.6,728.1,0
471,41,player,0,975.2,993.7,1062.1,1251.4,1018.6,1251.4,0
471,50,player,0,569.3,700.2,630.8,893.8,600.0,893.8,1
471,52,player,0,2230.9,318.2,2292.2,457.7,2261.6,457.7,0
471,59,player,1,499.4,291.5,544.9,421.7,522.2,421.7,0
471,60,player,0,112.2,282.3,167.0,417.9,139.6,417.9,0
471,62,player,1,292.3,284.5,332.8,414.0,312.6,414.0,0
472,-1,ball,-1,632.2,846.2,644.2,858.2,638.2,852.2,0
472,4,player,1,2559.2,781.8,2631.7,1005.9,2595.4,1005.9,0
472,5,player,1,2813.4,983.6,2879.2,1238.8,2846.3,1238.8,0
472,12,player,1,2753.0,557.4,2829.9,731.8,2791.4,731.8,0
472,24,player,0,1999.6,1011.1,2165.5,1256.3,2082.6,1256.3,0
472,27,player,0,2354.5,768.3,2448.0,985.1,2401.2,985.1,0
472,32,player,1,1992.9,553.6,2053.9,718.9,2023.4,718.9,0
472,33,player,1,1946.3,712.3,2013.4,907.8,1979.8,907.8,0
472,36,player,0,2048.0,447.7,2101.7,595.8,2074.8,595.8,0
472,40,player,0,1377.2,561.3,1460.1,728.1,1418.6,728.1,0
472,41,player,0,975.0,993.6,1062.1,1251.4,1018.6,1251.4,0
472,50,player,0,569.3,700.2,630.9,893.8,600.1,893.8,1
472,52,player,0,2230.9,318.2,2292.2,457.7,2261.6,457.7,0
472,59,player,1,499.3,291.4,545.0,421.6,522.2,421.6,0
472,60,player,0,112.2,282.3,167.1,417.8,139.6,417.8,0
472,62,player,1,292.3,284.5,332.9,414.0,312.6,414.0,0
473,-1,ball,-1,634.8,849.0,646.8,861.0,640.8,855.0,0
473,4,player,1,2557.9,777.8,2639.5,1009.9,2598.7,1009.9,0
473,5,player,1,2816.1,978.6,2879.2,1243.1,2847.6,1243.1,0
473,12,player,1,2759.5,559.1,2820.9,734.7,2790.2,734.7,0
473,24,player,0,2007.1,1006.4,2159.2,1257.8,2083.1,1257.8,0
473,27,player,0,2354.9,772.2,2438.6,987.1,2396.8,987.1,0
473,32,player,1,1996.7,554.9,2050.9,717.4,2023.8,717.4,0
473,33,player,1,1942.6,711.0,2019.2,911.4,1980.9,911.4,0
473,36,player,0,2048.3,446.6,2104.5,596.6,2076.4,596.6,0
473,40,player,0,1373.7,564.5,1448.6,730.0,1411.2,730.0,0
473,41,player,0,980.6,994.4,1066.9,1254.3,1023.8,1254.3,0
473,50,player,0,573.9,700.7,630.7,896.7,602.3,896.7,1
473,52,player,0,2232.7,318.1,2298.6,458.4,2265.6,458.4,0
473,59,player,1,505.6,290.7,550.9,423.3,528.2,423.3,0
473,60,player,0,117.8,280.3,172.5,419.3,145.2,419.3,0
473,62,player,1,296.4,284.8,338.3,414.6,317.4,414.6,0
474,-1,ball,-1,634.8,849.0,646.8,861.0,640.8,855.0,0
474,4,player,1,2557.9,777.8,2639.5,1009.9,2598.7,1009.9,0
474,5,player,1,2816.1,978.6,2879.2,1243.2,2847.6,1243.2,0
474,12,player,1,2759.7,558.8,2821.2,734.4,2790.4,734.4,0
474,24,player,0,2007.3,1006.2,2159.4,1257.8,2083.4,1257.8,0
474,27,player,0,2354.8,772.2,2438.6,987.1,2396.7,987.1,0
474,32,player,1,1996.6,554.9,2050.8,717.4,2023.7,717.4,0
474,33,player,1,1942.2,711.0,2019.2,911.4,1980.7,911.4,0
474,36,player,0,2048.3,446.6,2104.5,596.6,2076.4,596.6,0
474,40,player,0,1373.7,564.5,1448.6,730.0,1411.2,730.0,0
474,41,player,0,980.6,994.4,1066.9,1254.3,1023.8,1254.3,0
474,50,player,0,573.9,700.7,629.4,896.7,601.6,896.7,1
474,52,player,0,2232.7,318.1,2298.6,458.4,2265.6,458.4,0
474,59,player,1,505.6,290.8,550.9,423.3,528.2,423.3,0
474,60,player,0,117.8,280.3,172.5,419.3,145.2,419.3,0
474,62,player,1,296.4,284.7,338.3,414.6,317.4,414.6,0
475,-1,ball,-1,636.8,852.6,648.8,864.6,642.8,858.6,0
475,4,player,1,2555.7,772.2,2647.0,1008.6,2601.4,1008.6,0
475,5,player,1,2817.3,975.4,2879.1,1234.5,2848.2,1234.5,0
475,12,player,1,2766.8,557.1,2819.8,734.9,2793.3,734.9,0
475,24,player,0,2001.6,1001.5,2152.7,1259.5,2077.1,1259.5,0
475,27,player,0,2354.1,775.0,2423.1,987.7,2388.6,987.7,0
475,32,player,1,1999.4,555.0,2050.2,719.0,2024.8,719.0,0
475,33,player,1,1932.8,709.9,2022.3,910.2,1977.6,910.2,0
475,36,player,0,2043.3,445.5,2107.7,595.9,2075.5,595.9,0
475,40,player,0,1368.6,563.6,1436.6,730.0,1402.6,730.0,0
475,41,player,0,983.9,995.7,1070.7,1255.4,1027.3,1255.4,0
475,50,player,0,577.8,702.5,637.1,898.9,607.4,898.9,1
475,52,player,0,2235.2,318.4,2304.9,458.6,2270.0,458.6,0
475,59,player,1,510.9,290.8,555.0,424.4,533.0,424.4,0
475,60,player,0,123.8,283.2,176.7,420.7,150.2,420.7,0
475,62,player,1,302.2,286.2,343.5,414.9,322.8,414.9,0
476,-1,ball,-1,636.8,852.6,648.8,864.6,642.8,858.6,0
476,4,player,1,2555.8,772.2,2646.9,1008.7,2601.4,1008.7,0
476,5,player,1,2817.3,975.5,2879.1,1234.5,2848.2,1234.5,0
476,12,player,1,2766.9,557.1,2819.8,734.9,2793.4,734.9,0
476,24,player,0,2001.6,1001.4,2152.7,1259.6,2077.1,1259.6,0
476,27,player,0,2354.1,774.9,2423.1,987.7,2388.6,987.7,0
476,32,player,1,1999.5,555.0,2050.2,719.0,2024.8,719.0,0
476,33,player,1,1932.8,709.9,2022.3,909.9,1977.6,909.9,0
476,36,player,0,2043.3,445.5,2107.8,595.9,2075.6,595.9,0
476,40,player,0,1368.7,563.7,1436.6,730.0,1402.6,730.0,0
476,41,player,0,983.9,995.8,1070.7,1255.4,1027.3,1255.4,0
476,50,player,0,577.8,702.6,637.3,898.9,607.6,898.9,1
476,52,player,0,2235.2,318.4,2304.9,458.6,2270.0,458.6,0
476,59,player,1,510.9,290.9,555.0,424.3,533.0,424.3,0
476,60,player,0,123.8,283.2,176.7,420.7,150.2,420.7,0
476,62,player,1,302.1,286.1,343.5,414.9,322.8,414.9,0
477,-1,ball,-1,636.8,852.6,648.8,864.6,642.8,858.6,0
477,4,player,1,2555.8,772.4,2646.9,1008.7,2601.4,1008.7,0
477,5,player,1,2817.3,975.5,2879.1,1234.4,2848.2,1234.4,0
477,12,player,1,2766.9,557.1,2819.9,734.9,2793.4,734.9,0
477,24,player,0,2001.6,1001.4,2152.6,1259.6,2077.1,1259.6,0
477,27,player,0,2354.0,774.9,2423.1,987.8,2388.6,987.8,0
477,32,player,1,1999.6,555.0,2050.2,719.0,2024.9,719.0,0
477,33,player,1,1932.8,709.9,2022.2,910.2,1977.5,910.2,0
477,36,player,0,2043.3,445.5,2107.7,595.9,2075.5,595.9,0
477,40,player,0,1368.7,563.9,1436.5,729.9,1402.6,729.9,0
477,41,player,0,983.9,995.7,1070.7,1255.4,1027.3,1255.4,0
477,50,player,0,577.8,702.5,637.2,898.9,607.5,898.9,1
477,52,player,0,2235.2,318.4,2305.0,458.6,2270.1,458.6,0
477,59,player,1,510.9,290.8,555.0,424.3,533.0,424.3,0
477,60,player,0,123.9,283.0,176.8,420.7,150.4,420.7,0
477,62,player,1,302.1,286.1,343.5,414.9,322.8,414.9,0
478,-1,ball,-1,637.3,853.0,649.3,865.0,643.3,859.0,0
478,4,player,1,2546.3,772.3,2652.7,1005.2,2599.5,1005.2,0
478,5,player,1,2818.3,976.2,2879.1,1226.6,2848.7,1226.6,0
478,12,player,1,2767.5,553.7,2822.6,734.5,2795.0,734.5,0
478,24,player,0,1985.1,998.7,2145.7,1249.6,2065.4,1249.6,0
478,27,player,0,2349.9,776.0,2418.6,990.9,2384.2,990.9,0
478,32,player,1,2003.1,553.8,2057.3,720.9,2030.2,720.9,0
478,33,player,1,1925.8,711.0,2023.3,901.2,1974.6,901.2,0
478,36,player,0,2042.7,446.6,2110.1,595.7,2076.4,595.7,0
478,40,player,0,1363.3,563.2,1429.6,733.7,1396.4,733.7,0
478,41,player,0,988.4,995.1,1074.3,1257.3,1031.4,1257.3,0
478,50,player,0,578.4,704.9,653.1,899.4,615.8,899.4,1
478,52,player,0,2235.3,320.5,2301.9,461.7,2268.6,461.7,0
478,59,player,1,514.0,297.7,559.3,426.2,536.6,426.2,0
478,60,player,0,127.4,284.8,181.1,422.8,154.2,422.8,0
478,62,player,1,306.0,288.0,345.7,418.0,325.8,418.0,0
479,-1,ball,-1,637.2,853.0,649.2,865.0,643.2,859.0,0
479,4,player,1,2546.3,772.3,2652.7,1005.2,2599.5,1005.2,0
479,5,player,1,2818.3,976.2,2879.1,1226.6,2848.7,1226.6,0
479,12,player,1,2767.4,553.7,2822.5,734.5,2795.0,734.5,0
479,24,player,0,1985.2,998.7,2145.7,1249.6,2065.4,1249.6,0
479,27,player,0,2350.0,776.1,2418.7,990.9,2384.4,990.9,0
479,32,player,1,2003.0,553.8,2057.3,720.9,2030.2,720.9,0
479,33,player,1,1925.8,711.0,2023.3,901.3,1974.6,901.3,0
479,36,player,0,2042.7,446.6,2110.1,595.7,2076.4,595.7,0
479,40,player,0,1363.3,563.3,1429.5,733.6,1396.4,733.6,0
479,41,player,0,988.4,995.1,1074.3,1257.3,1031.4,1257.3,0
479,50,player,0,578.4,704.9,653.1,899.4,615.8,899.4,1
479,52,player,0,2235.4,320.5,2301.9,461.5,2268.6,461.5,0
479,59,player,1,514.0,297.7,559.3,426.2,536.6,426.2,0
479,60,player,0,127.4,284.8,181.1,422.8,154.2,422.8,0
479,62,player,1,306.0,288.0,345.6,418.0,325.8,418.0,0
480,-1,ball,-1,636.4,852.6,648.4,864.6,642.4,858.6,0
480,4,player,1,2542.1,776.9,2655.1,994.6,2598.6,994.6,0
480,5,player,1,2818.4,977.8,2879.2,1225.7,2848.8,1225.7,0
480,12,player,1,2767.0,553.5,2828.9,737.3,2798.0,737.3,0
480,24,player,0,1982.3,999.2,2136.9,1238.2,2059.6,1238.2,0
480,27,player,0,2343.0,772.9,2422.4,992.7,2382.7,992.7,0
480,32,player,1,2002.9,552.4,2058.4,726.6,2030.6,726.6,0
480,33,player,1,1924.7,715.4,2022.6,902.8,1973.6,902.8,0
480,36,player,0,2042.6,448.5,2114.3,596.6,2078.4,596.6,0
480,40,player,0,1358.3,563.8,1426.9,736.0,1392.6,736.0,0
480,41,player,0,991.5,994.5,1076.8,1249.2,1034.2,1249.2,0
480,50,player,0,579.5,706.0,657.1,901.3,618.3,901.3,1
480,52,player,0,2236.7,323.6,2306.7,461.3,2271.7,461.3,0
480,59,player,1,517.3,293.9,562.9,428.2,540.1,428.2,0
480,60,player,0,131.6,285.8,184.1,424.2,157.8,424.2,0
480,62,player,1,308.7,289.3,348.8,419.7,328.8,419.7,0
481,-1,ball,-1,636.4,852.6,648.4,864.6,642.4,858.6,0
481,4,player,1,2542.2,777.0,2655.1,994.5,2598.6,994.5,0
481,5,player,1,2818.4,977.9,2879.2,1225.7,2848.8,1225.7,0
481,12,player,1,2766.9,553.4,2828.9,737.3,2797.9,737.3,0
481,24,player,0,1982.3,999.2,2136.9,1238.2,2059.6,1238.2,0
481,27,player,0,2343.3,772.9,2421.9,992.5,2382.6,992.5,0
481,32,player,1,2003.0,552.4,2058.5,726.5,2030.8,726.5,0
481,33,player,1,1924.6,715.5,2022.5,902.8,1973.6,902.8,0
481,36,player,0,2042.6,448.4,2114.3,596.6,2078.4,596.6,0
481,40,player,0,1358.3,563.8,1426.9,736.0,1392.6,736.0,0
481,41,player,0,991.5,994.4,1077.0,1249.2,1034.2,1249.2,0
481,50,player,0,579.5,706.0,657.1,901.3,618.3,901.3,1
481,52,player,0,2236.7,323.6,2306.9,461.2,2271.8,461.2,0
481,59,player,1,517.3,294.0,562.9,428.2,540.1,428.2,0
481,60,player,0,131.6,285.8,184.1,424.2,157.8,424.2,0
481,62,player,1,308.7,289.3,348.8,419.7,328.8,419.7,0
482,-1,ball,-1,2816.4,717.8,2828.4,729.8,2822.4,723.8,0
482,4,player,1,2544.9,778.3,2653.0,997.7,2599.0,997.7,0
482,5,player,1,2819.0,981.0,2879.2,1227.2,2849.1,1227.2,0
482,12,player,1,2763.5,552.4,2834.9,735.5,2799.2,735.5,1
482,24,player,0,1977.6,999.4,2129.0,1238.4,2053.3,1238.4,0
482,27,player,0,2336.4,768.8,2425.8,995.4,2381.1,995.4,0
482,32,player,1,2000.6,552.7,2062.7,725.5,2031.6,725.5,0
482,33,player,1,1922.4,717.5,2015.8,905.5,1969.1,905.5,0
482,36,player,0,2041.8,450.5,2114.0,599.2,2077.9,599.2,0
482,40,player,0,1354.4,562.4,1426.6,732.3,1390.5,732.3,0
482,41,player,0,992.0,993.3,1079.0,1243.3,1035.5,1243.3,0
482,50,player,0,584.6,707.6,662.7,902.3,623.7,902.3,0
482,52,player,0,2239.1,327.9,2305.5,461.8,2272.3,461.8,0
482,59,player,1,520.7,292.4,567.1,429.7,543.9,429.7,0
482,60,player,0,134.7,286.8,189.1,426.2,161.9,426.2,0
482,62,player,1,311.2,289.6,353.3,420.8,332.2,420.8,0
483,-1,ball,-1,2816.4,717.8,2828.4,729.8,2822.4,723.8,0
483,4,player,1,2544.8,778.3,2653.0,997.7,2598.9,997.7,0
483,5,player,1,2819.0,981.0,2879.2,1227.2,2849.1,1227.2,0
483,12,player,1,2763.5,552.3,2834.9,735.5,2799.2,735.5,1
483,24,player,0,1977.6,999.4,2129.0,1238.4,2053.3,1238.4,0
483,27,player,0,2336.4,768.8,2425.8,995.5,2381.1,995.5,0
483,32,player,1,2000.4,552.6,2062.7,725.6,2031.6,725.6,0
483,33,player,1,1922.6,717.4,2015.9,905.5,1969.2,905.5,0
483,36,player,0,2041.9,450.5,2114.1,599.1,2078.0,599.1,0
483,40,player,0,1354.4,562.3,1426.7,732.3,1390.6,732.3,0
483,41,player,0,992.0,993.3,1079.0,1243.2,1035.5,1243.2,0
483,50,player,0,584.6,707.6,662.7,902.3,623.7,902.3,0
483,52,player,0,2239.2,327.9,2305.5,461.8,2272.4,461.8,0
483,59,player,1,520.6,292.4,567.1,429.7,543.8,429.7,0
483,60,player,0,134.7,286.8,189.1,426.1,161.9,426.1,0
483,62,player,1,311.2,289.7,353.3,420.8,332.2,420.8,0
484,-1,ball,-1,2816.4,717.8,2828.4,729.8,2822.4,723.8,0
484,4,player,1,2544.8,778.4,2653.0,997.7,2598.9,997.7,0
484,5,player,1,2819.0,981.0,2879.2,1227.2,2849.1,1227.2,0
484,12,player,1,2763.6,552.4,2834.9,735.4,2799.2,735.4,1
484,24,player,0,1977.6,999.4,2129.0,1238.4,2053.3,1238.4,0
484,27,player,0,2336.4,768.8,2425.7,995.5,2381.0,995.5,0
484,32,player,1,2000.4,552.6,2062.7,725.6,2031.6,725.6,0
484,33,player,1,1922.3,717.4,2016.0,905.6,1969.2,905.6,0
484,36,player,0,2041.8,450.5,2114.1,599.2,2078.0,599.2,0
484,40,player,0,1354.4,562.2,1426.7,732.3,1390.6,732.3,0
484,41,player,0,992.0,993.3,1079.0,1243.3,1035.5,1243.3,0
484,50,player,0,584.5,707.7,662.7,902.3,623.6,902.3,0
484,52,player,0,2239.1,327.8,2305.5,461.8,2272.3,461.8,0
484,59,player,1,520.6,292.4,567.1,429.7,543.8,429.7,0
484,60,player,0,134.7,286.8,189.1,426.0,161.9,426.0,0
484,62,player,1,311.2,289.7,353.3,420.8,332.2,420.8,0
485,-1,ball,-1,2816.4,717.8,2828.4,729.8,2822.4,723.8,0
485,4,player,1,2544.8,778.4,2653.0,997.7,2598.9,997.7,0
485,5,player,1,2819.0,981.0,2879.2,1227.2,2849.1,1227.2,0
485,12,player,1,2763.6,552.4,2834.9,735.4,2799.2,735.4,1
485,24,player,0,1977.6,999.4,2129.0,1238.4,2053.3,1238.4,0
485,27,player,0,2336.4,768.8,2425.8,995.5,2381.1,995.5,0
485,32,player,1,2000.5,552.7,2062.7,725.6,2031.6,725.6,0
485,33,player,1,1922.4,717.5,2016.0,905.6,1969.2,905.6,0
485,36,player,0,2041.8,450.5,2114.1,599.1,2078.0,599.1,0
485,40,player,0,1354.4,562.2,1426.7,732.3,1390.6,732.3,0
485,41,player,0,992.0,993.3,1079.0,1243.3,1035.5,1243.3,0
485,50,player,0,584.5,707.7,662.7,902.4,623.6,902.4,0
485,52,player,0,2239.1,327.8,2305.5,461.8,2272.3,461.8,0
485,59,player,1,520.6,292.4,567.1,429.7,543.8,429.7,0
485,60,player,0,134.7,286.8,189.1,426.0,161.9,426.0,0
485,62,player,1,311.2,289.7,353.3,420.8,332.2,420.8,0
486,-1,ball,-1,1394.8,719.8,1406.8,731.8,1400.8,725.8,0
486,4,player,1,2540.8,782.6,2645.6,1000.1,2593.2,1000.1,0
486,5,player,1,2820.4,986.1,2879.2,1230.1,2849.8,1230.1,0
486,12,player,1,2755.9,551.8,2839.9,734.2,2797.9,734.2,0
486,24,player,0,1968.5,1002.6,2120.9,1241.6,2044.7,1241.6,0
486,27,player,0,2328.2,768.5,2427.2,997.6,2377.7,997.6,0
486,32,player,1,1999.7,553.2,2064.7,726.4,2032.2,726.4,0
486,33,player,1,1908.5,720.2,2002.6,909.4,1955.6,909.4,0
486,36,player,0,2041.3,453.4,2103.9,599.3,2072.6,599.3,0
486,40,player,0,1349.1,563.3,1411.9,733.6,1380.5,733.6,1
486,41,player,0,993.2,992.4,1080.5,1244.5,1036.8,1244.5,0
486,50,player,0,587.1,708.1,663.6,901.4,625.4,901.4,0
486,52,player,0,2240.7,328.5,2305.6,462.5,2273.1,462.5,0
486,59,player,1,522.7,292.3,569.3,431.0,546.0,431.0,0
486,60,player,0,135.6,286.2,191.9,426.7,163.8,426.7,0
486,62,player,1,313.2,290.5,356.5,420.2,334.8,420.2,0
487,-1,ball,-1,1968.0,866.4,1980.0,878.4,1974.0,872.4,0
487,4,player,1,2533.5,783.9,2633.0,1002.1,2583.2,1002.1,0
487,5,player,1,2821.7,987.9,2879.4,1232.6,2850.6,1232.6,0
487,12,player,1,2754.8,553.8,2843.7,731.1,2799.2,731.1,0
487,24,player,0,1956.9,1001.9,2108.5,1243.7,2032.7,1243.7,0
487,27,player,0,2310.0,768.5,2425.8,996.5,2367.9,996.5,0
487,32,player,1,2000.8,554.9,2067.2,723.0,2034.0,723.0,0
487,33,player,1,1906.8,719.9,1983.1,912.4,1945.0,912.4,1
487,36,player,0,2041.0,455.2,2097.7,600.3,2069.4,600.3,0
487,40,player,0,1344.5,567.0,1401.6,731.0,1373.0,731.0,0
487,41,player,0,993.2,992.0,1082.1,1246.0,1037.6,1246.0,0
487,50,player,0,590.5,709.2,667.3,897.4,628.9,897.4,0
487,52,player,0,2244.9,329.6,2305.0,463.9,2275.0,463.9,0
487,59,player,1,524.1,294.5,570.9,432.0,547.5,432.0,0
487,60,player,0,137.9,288.3,193.5,428.5,165.7,428.5,0
487,62,player,1,316.0,291.9,358.4,422.4,337.2,422.4,0
488,-1,ball,-1,1967.7,866.5,1979.7,878.5,1973.7,872.5,0
488,4,player,1,2533.5,783.8,2633.0,1002.1,2583.2,1002.1,0
488,5,player,1,2821.7,988.0,2879.3,1232.5,2850.5,1232.5,0
488,12,player,1,2754.8,553.8,2843.7,731.1,2799.2,731.1,0
488,24,player,0,1956.8,1001.9,2108.5,1243.8,2032.6,1243.8,0
488,27,player,0,2310.0,768.5,2425.8,996.3,2367.9,996.3,0
488,32,player,1,2000.8,554.9,2067.2,723.1,2034.0,723.1,0
488,33,player,1,1906.9,719.8,1983.0,912.4,1945.0,912.4,1
488,36,player,0,2041.0,455.2,2097.6,600.2,2069.3,600.2,0
488,40,player,0,1344.5,567.0,1401.6,731.0,1373.0,731.0,0
488,41,player,0,993.1,992.0,1082.0,1246.0,1037.6,1246.0,0
488,50,player,0,590.5,709.2,667.3,897.4,628.9,897.4,0
488,52,player,0,2244.9,329.6,2304.9,463.9,2274.9,463.9,0
488,59,player,1,524.1,294.3,570.9,432.0,547.5,432.0,0
488,60,player,0,137.9,288.3,193.6,428.5,165.8,428.5,0
488,62,player,1,316.0,291.9,358.4,422.4,337.2,422.4,0
489,-1,ball,-1,1968.0,866.5,1980.0,878.5,1974.0,872.5,0
489,4,player,1,2533.5,783.8,2633.2,1002.1,2583.4,1002.1,0
489,5,player,1,2821.7,988.0,2879.3,1232.6,2850.5,1232.6,0
489,12,player,1,2754.8,553.8,2843.7,731.1,2799.2,731.1,0
489,24,player,0,1956.8,1001.9,2108.5,1243.8,2032.6,1243.8,0
489,27,player,0,2310.1,768.5,2425.8,996.3,2368.0,996.3,0
489,32,player,1,2000.8,554.9,2067.3,723.1,2034.0,723.1,0
489,33,player,1,1906.9,719.8,1983.0,912.4,1945.0,912.4,1
489,36,player,0,2041.0,455.1,2097.7,600.2,2069.4,600.2,0
489,40,player,0,1344.5,567.0,1401.3,731.0,1372.9,731.0,0
489,41,player,0,993.4,992.0,1082.0,1246.0,1037.7,1246.0,0
489,50,player,0,590.6,709.2,667.3,897.5,629.0,897.5,0
489,52,player,0,2244.9,329.6,2305.0,463.9,2275.0,463.9,0
489,59,player,1,524.1,294.3,570.9,432.0,547.5,432.0,0
489,60,player,0,137.9,288.3,193.6,428.5,165.8,428.5,0
489,62,player,1,316.0,291.9,358.4,422.4,337.2,422.4,0
490,-1,ball,-1,1356.6,714.7,1368.6,726.7,1362.6,720.7,0
490,4,player,1,2529.3,782.4,2615.8,1003.8,2572.6,1003.8,0
490,5,player,1,2817.4,988.2,2879.2,1235.9,2848.3,1235.9,0
490,12,player,1,2759.0,557.4,2843.5,732.3,2801.2,732.3,0
490,24,player,0,1956.3,997.4,2094.8,1243.8,2025.6,1243.8,0
490,27,player,0,2304.1,769.9,2421.3,992.6,2362.7,992.6,0
490,32,player,1,1998.4,557.8,2067.0,723.9,2032.7,723.9,0
490,33,player,1,1902.9,716.0,1974.3,913.6,1938.6,913.6,0
490,36,player,0,2040.6,455.0,2087.6,600.9,2064.1,600.9,0
490,40,player,0,1334.9,569.7,1398.5,730.6,1366.7,730.6,1
490,41,player,0,995.4,992.0,1083.7,1248.3,1039.6,1248.3,0
490,50,player,0,593.9,710.9,668.8,897.6,631.3,897.6,0
490,52,player,0,2249.7,329.9,2304.7,463.6,2277.2,463.6,0
490,59,player,1,525.9,291.9,573.5,433.8,549.7,433.8,0
490,60,player,0,140.0,290.6,195.3,428.9,167.6,428.9,0
490,62,player,1,316.7,294.1,359.4,423.6,338.0,423.6,0
491,-1,ball,-1,1356.6,714.8,1368.6,726.8,1362.6,720.8,0
491,4,player,1,2528.9,782.4,2615.5,1003.8,2572.2,1003.8,0
491,5,player,1,2817.4,988.3,2879.1,1235.9,2848.2,1235.9,0
491,12,player,1,2759.1,557.4,2843.5,732.3,2801.3,732.3,0
491,24,player,0,1956.4,997.4,2094.4,1243.8,2025.4,1243.8,0
491,27,player,0,2304.1,769.9,2421.3,992.6,2362.7,992.6,0
491,32,player,1,1998.4,557.8,2067.0,723.8,2032.7,723.8,0
491,33,player,1,1903.0,716.0,1974.2,913.5,1938.6,913.5,0
491,36,player,0,2040.6,455.0,2087.6,600.9,2064.1,600.9,0
491,40,player,0,1334.9,569.6,1398.5,730.6,1366.7,730.6,1
491,41,player,0,995.4,992.0,1083.6,1248.3,1039.5,1248.3,0
491,50,player,0,593.8,710.9,668.8,897.7,631.3,897.7,0
491,52,player,0,2249.7,329.8,2304.8,464.5,2277.2,464.5,0
491,59,player,1,525.9,292.1,573.5,433.8,549.7,433.8,0
491,60,player,0,140.0,290.6,195.3,428.9,167.6,428.9,0
491,62,player,1,316.7,294.1,359.4,423.6,338.0,423.6,0
492,-1,ball,-1,1370.4,718.6,1382.4,730.6,1376.4,724.6,0
492,4,player,1,2525.8,778.7,2603.9,1003.2,2564.9,1003.2,0
492,5,player,1,2815.9,984.8,2879.1,1236.4,2847.5,1236.4,0
492,12,player,1,2755.1,560.5,2838.3,733.6,2796.7,733.6,0
492,24,player,0,1957.0,990.5,2074.1,1245.3,2015.6,1245.3,0
492,27,player,0,2303.3,774.6,2412.6,992.1,2358.0,992.1,0
492,32,player,1,1994.0,559.6,2062.4,722.9,2028.2,722.9,0
492,33,player,1,1897.2,709.4,1973.9,913.9,1935.6,913.9,0
492,36,player,0,2039.0,453.1,2080.1,600.5,2059.6,600.5,0
492,40,player,0,1328.3,569.9,1392.3,732.2,1360.3,732.2,1
492,41,player,0,997.0,992.1,1085.3,1248.7,1041.2,1248.7,0
492,50,player,0,595.8,712.0,676.8,896.7,636.3,896.7,0
492,52,player,0,2254.0,329.1,2306.5,464.9,2280.2,464.9,0
492,59,player,1,529.5,295.5,576.6,434.0,553.0,434.0,0
492,60,player,0,143.0,290.0,196.9,429.5,170.0,429.5,0
492,62,player,1,319.5,294.6,361.1,424.1,340.3,424.1,0
493,-1,ball,-1,1370.4,718.6,1382.4,730.6,1376.4,724.6,0
493,4,player,1,2525.7,778.7,2603.9,1003.2,2564.8,1003.2,0
493,5,player,1,2815.9,984.8,2879.1,1236.4,2847.5,1236.4,0
493,12,player,1,2755.1,560.5,2838.3,733.6,2796.7,733.6,0
493,24,player,0,1957.0,990.7,2074.0,1245.3,2015.5,1245.3,0
493,27,player,0,2303.3,774.6,2412.5,992.1,2357.9,992.1,0
493,32,player,1,1993.9,559.6,2062.4,722.9,2028.2,722.9,0
493,33,player,1,1897.1,709.5,1973.8,913.9,1935.4,913.9,0
493,36,player,0,2038.7,453.2,2080.3,600.5,2059.5,600.5,0
493,40,player,0,1328.3,570.1,1392.2,732.2,1360.2,732.2,1
493,41,player,0,997.0,992.1,1085.3,1248.6,1041.2,1248.6,0
493,50,player,0,595.8,712.0,676.8,896.7,636.3,896.7,0
493,52,player,0,2253.9,329.1,2306.5,464.9,2280.2,464.9,0
493,59,player,1,529.5,295.6,576.6,434.0,553.0,434.0,0
493,60,player,0,143.0,290.0,196.9,429.5,170.0,429.5,0
493,62,player,1,319.5,294.6,361.1,424.0,340.3,424.0,0
494,-1,ball,-1,1373.0,719.2,1385.0,731.2,1379.0,725.2,0
494,4,player,1,2526.9,774.5,2602.7,1003.2,2564.8,1003.2,0
494,5,player,1,2813.8,980.7,2879.1,1237.6,2846.4,1237.6,0
494,12,player,1,2747.5,561.0,2829.3,736.6,2788.4,736.6,0
494,24,player,0,1953.2,984.9,2059.5,1240.4,2006.4,1240.4,0
494,27,player,0,2289.4,776.8,2400.4,993.6,2344.9,993.6,0
494,32,player,1,1992.2,559.6,2057.6,725.4,2024.9,725.4,0
494,33,player,1,1894.3,707.4,1970.9,913.0,1932.6,913.0,0
494,36,player,0,2037.0,450.2,2082.0,604.0,2059.5,604.0,0
494,40,player,0,1313.4,573.9,1390.7,733.6,1352.1,733.6,1
494,41,player,0,1000.0,992.8,1087.6,1251.6,1043.8,1251.6,0
494,50,player,0,598.9,713.5,684.5,894.5,641.7,894.5,0
494,52,player,0,2258.8,327.5,2311.8,463.1,2285.3,463.1,0
494,59,player,1,532.4,296.3,579.3,434.8,555.8,434.8,0
494,60,player,0,144.0,291.3,199.1,431.9,171.6,431.9,0
494,62,player,1,321.9,295.5,364.0,425.7,343.0,425.7,0
495,-1,ball,-1,1373.0,719.2,1385.0,731.2,1379.0,725.2,0
495,4,player,1,2526.9,774.4,2602.8,1003.2,2564.9,1003.2,0
495,5,player,1,2813.7,980.7,2879.1,1237.6,2846.4,1237.6,0
495,12,player,1,2747.5,561.0,2829.3,736.6,2788.4,736.6,0
495,24,player,0,1953.2,984.9,2059.5,1240.3,2006.4,1240.3,0
495,27,player,0,2289.6,776.9,2400.4,993.6,2345.0,993.6,0
495,32,player,1,1992.2,559.6,2057.7,725.4,2025.0,725.4,0
495,33,player,1,1894.3,707.4,1970.9,913.0,1932.6,913.0,0
495,36,player,0,2037.0,450.1,2082.0,604.0,2059.5,604.0,0
495,40,player,0,1313.5,573.8,1390.8,733.5,1352.2,733.5,1
495,41,player,0,1000.0,992.8,1087.5,1251.6,1043.8,1251.6,0
495,50,player,0,598.9,713.4,684.5,894.4,641.7,894.4,0
495,52,player,0,2258.9,327.5,2311.8,463.0,2285.4,463.0,0
495,59,player,1,532.6,296.5,579.2,434.8,555.9,434.8,0
495,60,player,0,143.9,291.4,199.2,431.9,171.6,431.9,0
495,62,player,1,322.0,295.5,364.0,425.7,343.0,425.7,0
496,-1,ball,-1,1373.0,719.2,1385.0,731.2,1379.0,725.2,0
496,4,player,1,2526.9,774.4,2602.7,1003.2,2564.8,1003.2,0
496,5,player,1,2813.8,980.8,2879.1,1237.6,2846.4,1237.6,0
496,12,player,1,2747.5,561.0,2829.3,736.6,2788.4,736.6,0
496,24,player,0,1953.2,984.9,2059.5,1240.4,2006.4,1240.4,0
496,27,player,0,2289.6,776.9,2400.4,993.6,2345.0,993.6,0
496,32,player,1,1992.2,559.5,2057.7,725.4,2025.0,725.4,0
496,33,player,1,1894.3,707.4,1970.8,913.0,1932.6,913.0,0
496,36,player,0,2037.1,450.2,2082.0,604.0,2059.6,604.0,0
496,40,player,0,1313.5,573.8,1390.7,733.5,1352.1,733.5,1
496,41,player,0,1000.0,992.8,1087.5,1251.6,1043.8,1251.6,0
496,50,player,0,598.8,713.4,684.5,894.5,641.6,894.5,0
496,52,player,0,2258.9,327.5,2311.7,463.1,2285.3,463.1,0
496,59,player,1,532.7,296.3,579.2,434.8,556.0,434.8,0
496,60,player,0,143.9,291.4,199.2,431.9,171.6,431.9,0
496,62,player,1,322.0,295.5,364.0,425.7,343.0,425.7,0
497,-1,ball,-1,2804.9,697.2,2816.9,709.2,2810.9,703.2,0
497,4,player,1,2522.6,771.2,2599.1,1004.7,2560.8,1004.7,0
497,5,player,1,2812.2,975.2,2879.1,1241.1,2845.6,1241.1,0
497,12,player,1,2746.1,561.1,2823.1,736.7,2784.6,736.7,1
497,24,player,0,1947.7,981.3,2047.1,1232.3,1997.4,1232.3,0
497,27,player,0,2281.7,779.7,2384.1,995.5,2332.9,995.5,0
497,32,player,1,1990.5,558.3,2055.2,726.4,2022.8,726.4,0
497,33,player,1,1884.1,707.5,1968.2,907.0,1926.2,907.0,0
497,36,player,0,2035.5,449.1,2082.0,603.0,2058.8,603.0,0
497,40,player,0,1301.9,568.2,1393.5,735.7,1347.7,735.7,0
497,41,player,0,1001.2,995.0,1089.2,1253.6,1045.2,1253.6,0
497,50,player,0,603.3,716.6,691.6,895.4,647.4,895.4,0
497,52,player,0,2262.7,324.4,2313.2,460.2,2288.0,460.2,0
497,59,player,1,534.8,293.6,582.7,436.9,558.8,436.9,0
497,60,player,0,145.6,292.5,201.4,433.1,173.5,433.1,0
497,62,player,1,325.9,295.2,367.7,426.2,346.8,426.2,0
498,-1,ball,-1,2804.8,697.2,2816.8,709.2,2810.8,703.2,0
498,4,player,1,2522.6,771.2,2599.1,1004.6,2560.8,1004.6,0
498,5,player,1,2812.2,975.1,2879.1,1240.9,2845.6,1240.9,0
498,12,player,1,2746.2,561.1,2823.2,736.8,2784.7,736.8,1
498,24,player,0,1947.7,981.2,2047.6,1232.3,1997.6,1232.3,0
498,27,player,0,2281.5,779.7,2384.2,995.5,2332.8,995.5,0
498,32,player,1,1990.5,558.3,2055.1,726.4,2022.8,726.4,0
498,33,player,1,1884.0,707.5,1968.3,907.0,1926.2,907.0,0
498,36,player,0,2035.4,449.1,2082.1,603.2,2058.8,603.2,0
498,40,player,0,1302.0,568.2,1393.5,735.7,1347.8,735.7,0
498,41,player,0,1001.0,994.9,1089.0,1253.4,1045.0,1253.4,0
498,50,player,0,603.3,716.6,691.6,895.3,647.4,895.3,0
498,52,player,0,2262.7,324.4,2313.2,460.2,2288.0,460.2,0
498,59,player,1,534.8,293.6,582.6,436.9,558.7,436.9,0
498,60,player,0,145.6,292.4,201.6,433.1,173.6,433.1,0
498,62,player,1,325.8,295.2,367.7,426.1,346.8,426.1,0
499,-1,ball,-1,2803.8,700.7,2815.8,712.7,2809.8,706.7,0
499,4,player,1,2517.0,770.0,2597.1,998.1,2557.0,998.1,0
499,5,player,1,2801.6,973.8,2879.2,1239.0,2840.4,1239.0,0
499,12,player,1,2750.3,557.2,2824.9,737.0,2787.6,737.0,1
499,24,player,0,1944.0,980.5,2038.2,1218.5,1991.1,1218.5,0
499,27,player,0,2280.4,776.8,2374.1,997.2,2327.2,997.2,0
499,32,player,1,1989.4,555.6,2054.4,727.2,2021.9,727.2,0
499,33,player,1,1876.7,708.2,1963.0,901.5,1919.8,901.5,0
499,36,player,0,2033.8,449.1,2081.6,601.5,2057.7,601.5,0
499,40,player,0,1295.2,567.3,1393.8,733.4,1344.5,733.4,0
499,41,player,0,1002.8,997.0,1090.3,1256.7,1046.6,1256.7,0
499,50,player,0,604.4,719.6,693.7,898.7,649.0,898.7,0
499,52,player,0,2266.3,323.2,2315.8,459.5,2291.0,459.5,0
499,59,player,1,538.1,291.4,584.7,437.9,561.4,437.9,0
499,60,player,0,149.4,292.9,205.6,434.2,177.5,434.2,0
499,62,player,1,329.7,295.5,369.7,427.4,349.7,427.4,0
500,-1,ball,-1,2802.8,704.2,2814.8,716.2,2808.8,710.2,0
500,4,player,1,2517.4,770.1,2596.0,996.1,2556.7,996.1,0
500,5,player,1,2801.4,973.4,2879.2,1239.4,2840.3,1239.4,0
500,12,player,1,2749.1,557.6,2825.1,737.0,2787.1,737.0,1
500,24,player,0,1944.3,979.9,2038.0,1220.2,1991.2,1220.2,0
500,27,player,0,2279.3,776.7,2374.5,997.5,2326.9,997.5,0
500,32,player,1,1989.7,555.6,2055.6,727.6,2022.6,727.6,0
500,33,player,1,1877.4,708.4,1963.1,902.4,1920.2,902.4,0
500,36,player,0,2033.7,449.1,2081.7,602.4,2057.7,602.4,0
500,40,player,0,1295.7,567.0,1394.1,732.6,1344.9,732.6,0
500,41,player,0,1003.1,996.6,1090.8,1256.7,1047.0,1256.7,0
500,50,player,0,603.3,719.8,694.4,898.2,648.8,898.2,0
500,52,player,0,2265.9,323.2,2315.4,462.7,2290.6,462.7,0
500,59,player,1,538.3,292.7,585.1,437.8,561.7,437.8,0
500,60,player,0,149.7,293.3,205.3,434.5,177.5,434.5,0
500,62,player,1,329.9,296.0,369.4,427.1,349.6,427.1,0
501,-1,ball,-1,2801.8,707.7,2813.8,719.7,2807.8,713.7,0
501,4,player,1,2517.4,770.1,2596.0,996.2,2556.7,996.2,0
501,5,player,1,2801.5,973.4,2879.2,1239.4,2840.4,1239.4,0
501,12,player,1,2749.2,557.7,2825.1,737.1,2787.1,737.1,1
501,24,player,0,1944.3,979.9,2038.0,1220.3,1991.2,1220.3,0
501,27,player,0,2279.2,776.6,2374.5,997.5,2326.8,997.5,0
501,32,player,1,1989.6,555.6,2055.6,727.6,2022.6,727.6,0
501,33,player,1,1877.4,708.4,1963.0,902.4,1920.2,902.4,0
501,36,player,0,2033.7,449.1,2081.8,602.5,2057.8,602.5,0
501,40,player,0,1295.6,567.0,1394.1,732.6,1344.8,732.6,0
501,41,player,0,1003.2,996.7,1090.7,1256.6,1047.0,1256.6,0
501,50,player,0,603.3,719.8,694.4,898.1,648.8,898.1,0
501,52,player,0,2265.9,323.2,2315.4,462.8,2290.6,462.8,0
501,59,player,1,538.3,292.7,585.1,437.8,561.7,437.8,0
501,60,player,0,149.7,293.3,205.3,434.5,177.5,434.5,0
501,62,player,1,329.9,296.0,369.4,427.1,349.6,427.1,0
502,-1,ball,-1,2800.7,711.2,2812.7,723.2,2806.7,717.2,0
502,4,player,1,2511.2,771.2,2593.2,988.9,2552.2,988.9,0
502,5,player,1,2799.5,973.0,2879.2,1221.7,2839.4,1221.7,0
502,12,player,1,2747.3,553.5,2826.3,737.2,2786.8,737.2,1
502,24,player,0,1941.7,981.1,2031.2,1218.1,1986.4,1218.1,0
502,27,player,0,2281.7,773.6,2368.3,998.4,2325.0,998.4,0
502,32,player,1,1989.0,553.0,2056.4,729.1,2022.7,729.1,0
502,33,player,1,1877.7,712.5,1950.8,904.3,1914.2,904.3,0
502,36,player,0,2031.0,449.8,2080.1,602.3,2055.6,602.3,0
502,40,player,0,1293.1,568.5,1390.0,732.4,1341.6,732.4,0
502,41,player,0,1007.0,997.7,1092.1,1258.3,1049.6,1258.3,0
502,50,player,0,593.4,722.3,692.2,900.4,642.8,900.4,0
502,52,player,0,2268.1,322.2,2318.5,462.9,2293.3,462.9,0
502,59,player,1,542.2,294.0,588.6,438.4,565.4,438.4,0
502,60,player,0,152.6,293.7,207.8,435.3,180.2,435.3,0
502,62,player,1,331.4,296.5,372.0,428.7,351.7,428.7,0
503,-1,ball,-1,2799.7,714.7,2811.7,726.7,2805.7,720.7,0
503,4,player,1,2511.2,771.2,2593.2,989.0,2552.2,989.0,0
503,5,player,1,2799.5,973.0,2879.2,1221.7,2839.4,1221.7,0
503,12,player,1,2747.2,553.6,2826.3,737.3,2786.8,737.3,1
503,24,player,0,1941.7,981.2,2031.2,1218.1,1986.4,1218.1,0
503,27,player,0,2281.2,773.7,2368.3,998.5,2324.8,998.5,0
503,32,player,1,1989.0,553.0,2056.4,729.1,2022.7,729.1,0
503,33,player,1,1877.7,712.5,1950.8,904.4,1914.2,904.4,0
503,36,player,0,2031.0,449.8,2080.1,602.3,2055.6,602.3,0
503,40,player,0,1293.1,568.5,1390.0,732.4,1341.6,732.4,0
503,41,player,0,1007.0,997.7,1092.1,1258.3,1049.6,1258.3,0
503,50,player,0,593.4,722.3,692.2,900.4,642.8,900.4,0
503,52,player,0,2268.1,322.2,2318.5,462.9,2293.3,462.9,0
503,59,player,1,542.2,294.0,588.6,438.4,565.4,438.4,0
503,60,player,0,152.6,293.8,207.8,435.3,180.2,435.3,0
503,62,player,1,331.3,296.6,372.0,428.6,351.6,428.6,0
504,-1,ball,-1,2798.7,718.2,2810.7,730.2,2804.7,724.2,0
504,4,player,1,2509.6,774.8,2584.7,991.1,2547.1,991.1,0
504,5,player,1,2803.7,974.3,2879.1,1222.3,2841.4,1222.3,0
504,12,player,1,2745.6,553.7,2825.2,736.1,2785.4,736.1,1
504,24,player,0,1930.4,983.8,2026.7,1221.3,1978.6,1221.3,0
504,27,player,0,2276.5,769.6,2363.8,1000.7,2320.2,1000.7,0
504,32,player,1,1990.3,552.9,2056.6,728.1,2023.4,728.1,0
504,33,player,1,1872.7,714.7,1942.2,906.5,1907.4,906.5,0
504,36,player,0,2027.2,452.6,2074.6,604.8,2050.9,604.8,0
504,40,player,0,1286.7,570.4,1380.7,732.6,1333.7,732.6,0
504,41,player,0,1008.3,998.4,1092.6,1258.4,1050.4,1258.4,0
504,50,player,0,584.4,722.7,695.4,901.1,639.9,901.1,0
504,52,player,0,2268.2,323.1,2322.2,462.4,2295.2,462.4,0
504,59,player,1,545.4,294.9,591.3,438.5,568.3,438.5,0
504,60,player,0,156.3,294.2,210.5,435.5,183.4,435.5,0
504,62,player,1,335.1,299.5,378.3,429.2,356.7,429.2,0
505,-1,ball,-1,2798.7,718.2,2810.7,730.2,2804.7,724.2,0
505,4,player,1,2509.6,774.8,2584.6,991.1,2547.1,991.1,0
505,5,player,1,2803.7,974.2,2879.1,1222.3,2841.4,1222.3,0
505,12,player,1,2745.7,553.7,2825.2,736.0,2785.4,736.0,1
505,24,player,0,1930.5,983.7,2026.7,1221.3,1978.6,1221.3,0
505,27,player,0,2276.4,769.5,2363.8,1000.8,2320.1,1000.8,0
505,32,player,1,1990.3,552.9,2056.5,728.0,2023.4,728.0,0
505,33,player,1,1872.7,714.7,1942.3,906.4,1907.5,906.4,0
505,36,player,0,2027.2,452.6,2074.6,604.9,2050.9,604.9,0
505,40,player,0,1286.7,570.4,1380.7,732.5,1333.7,732.5,0
505,41,player,0,1008.2,998.4,1092.9,1258.4,1050.6,1258.4,0
505,50,player,0,584.4,722.7,695.5,901.2,640.0,901.2,0
505,52,player,0,2268.1,323.1,2322.2,462.4,2295.1,462.4,0
505,59,player,1,545.4,294.9,591.3,438.5,568.3,438.5,0
505,60,player,0,156.3,294.2,210.5,435.5,183.4,435.5,0
505,62,player,1,335.1,299.5,378.3,429.2,356.7,429.2,0
506,-1,ball,-1,603.8,848.0,615.8,860.0,609.8,854.0,0
506,4,player,1,2504.2,778.9,2572.2,992.0,2538.2,992.0,0
506,5,player,1,2809.2,978.7,2879.0,1225.0,2844.1,1225.0,0
506,12,player,1,2747.2,552.0,2823.9,734.4,2785.6,734.4,0
506,24,player,0,1925.0,981.0,2021.8,1222.8,1973.4,1222.8,0
506,27,player,0,2271.7,767.7,2361.0,999.7,2316.4,999.7,0
506,32,player,1,1987.7,552.3,2056.2,722.0,2022.0,722.0,0
506,33,player,1,1868.2,715.8,1928.4,906.4,1898.3,906.4,0
506,36,player,0,2025.5,453.3,2073.0,602.3,2049.2,602.3,0
506,40,player,0,1278.1,570.2,1362.8,733.2,1320.4,733.2,0
506,41,player,0,1008.0,997.2,1093.4,1256.6,1050.7,1256.6,0
506,50,player,0,582.0,719.4,697.9,902.2,640.0,902.2,1
506,52,player,0,2271.0,323.9,2326.8,462.9,2298.9,462.9,0
506,59,player,1,545.9,294.6,594.7,439.0,570.3,439.0,0
506,60,player,0,159.8,294.4,213.0,435.7,186.4,435.7,0
506,62,player,1,337.1,299.1,381.1,430.0,359.1,430.0,0
507,-1,ball,-1,603.8,848.0,615.8,860.0,609.8,854.0,0
507,4,player,1,2504.1,778.8,2572.2,992.0,2538.1,992.0,0
507,5,player,1,2809.2,978.7,2879.0,1225.0,2844.1,1225.0,0
507,12,player,1,2747.3,552.0,2823.9,734.5,2785.6,734.5,0
507,24,player,0,1925.0,981.1,2021.8,1222.8,1973.4,1222.8,0
507,27,player,0,2271.7,767.7,2361.0,999.6,2316.4,999.6,0
507,32,player,1,1987.7,552.3,2056.1,722.0,2021.9,722.0,0
507,33,player,1,1868.2,715.8,1928.4,906.4,1898.3,906.4,0
507,36,player,0,2025.5,453.3,2073.0,602.4,2049.2,602.4,0
507,40,player,0,1278.1,570.2,1362.8,733.2,1320.4,733.2,0
507,41,player,0,1008.0,997.2,1093.4,1256.6,1050.7,1256.6,0
507,50,player,0,582.0,719.4,697.9,902.2,640.0,902.2,1
507,52,player,0,2271.0,323.9,2326.8,462.9,2298.9,462.9,0
507,59,player,1,545.9,294.5,594.7,439.0,570.3,439.0,0
507,60,player,0,159.8,294.4,213.0,435.7,186.4,435.7,0
507,62,player,1,337.1,299.1,381.1,430.0,359.1,430.0,0
508,-1,ball,-1,603.8,848.0,615.8,860.0,609.8,854.0,0
508,4,player,1,2504.1,778.9,2572.2,992.0,2538.1,992.0,0
508,5,player,1,2809.2,978.7,2879.0,1225.0,2844.1,1225.0,0
508,12,player,1,2747.3,552.0,2823.9,734.8,2785.6,734.8,0
508,24,player,0,1925.1,981.0,2021.7,1222.8,1973.4,1222.8,0
508,27,player,0,2271.7,767.7,2361.0,999.6,2316.4,999.6,0
508,32,player,1,1987.7,552.3,2056.1,722.0,2021.9,722.0,0
508,33,player,1,1868.1,715.8,1928.4,906.6,1898.2,906.6,0
508,36,player,0,2025.5,453.3,2073.3,602.3,2049.4,602.3,0
508,40,player,0,1278.1,570.2,1362.8,733.2,1320.4,733.2,0
508,41,player,0,1007.9,997.2,1093.4,1256.7,1050.6,1256.7,0
508,50,player,0,581.9,719.4,698.0,902.2,640.0,902.2,1
508,52,player,0,2271.0,323.9,2326.8,462.8,2298.9,462.8,0
508,59,player,1,545.9,294.5,594.8,439.0,570.3,439.0,0
508,60,player,0,159.8,294.4,213.0,435.7,186.4,435.7,0
508,62,player,1,337.1,299.1,381.1,430.0,359.1,430.0,0
509,-1,ball,-1,603.8,848.0,615.8,860.0,609.8,854.0,0
509,4,player,1,2504.1,778.9,2572.3,992.2,2538.2,992.2,0
509,5,player,1,2809.1,978.7,2879.0,1225.0,2844.0,1225.0,0
509,12,player,1,2747.3,552.0,2823.9,734.8,2785.6,734.8,0
509,24,player,0,1925.1,981.0,2021.6,1222.8,1973.4,1222.8,0
509,27,player,0,2271.8,767.6,2361.0,999.5,2316.4,999.5,0
509,32,player,1,1987.7,552.3,2056.2,722.0,2022.0,722.0,0
509,33,player,1,1868.1,715.8,1928.4,906.4,1898.2,906.4,0
509,36,player,0,2025.5,453.3,2073.3,602.2,2049.4,602.2,0
509,40,player,0,1278.1,570.2,1362.8,733.2,1320.4,733.2,0
509,41,player,0,1007.9,997.2,1093.4,1256.7,1050.6,1256.7,0
509,50,player,0,582.0,719.4,698.0,902.2,640.0,902.2,1
509,52,player,0,2271.1,323.9,2326.8,462.9,2299.0,462.9,0
509,59,player,1,545.9,294.3,594.8,439.0,570.3,439.0,0
509,60,player,0,159.8,294.4,213.0,435.7,186.4,435.7,0
509,62,player,1,337.1,299.1,381.1,430.0,359.1,430.0,0
510,-1,ball,-1,602.4,847.0,614.4,859.0,608.4,853.0,0
510,4,player,1,2497.5,777.4,2561.2,992.3,2529.4,992.3,0
510,5,player,1,2806.1,979.8,2879.1,1225.0,2842.6,1225.0,0
510,12,player,1,2747.3,552.2,2821.5,728.5,2784.4,728.5,0
510,24,player,0,1925.1,975.2,2016.4,1221.6,1970.8,1221.6,0
510,27,player,0,2261.1,766.8,2359.0,994.5,2310.0,994.5,0
510,32,player,1,1986.6,552.8,2057.7,719.4,2022.2,719.4,0
510,33,player,1,1862.6,711.7,1921.0,905.1,1891.8,905.1,0
510,36,player,0,2019.2,449.5,2071.8,597.9,2045.5,597.9,0
510,40,player,0,1270.6,567.8,1345.6,731.9,1308.1,731.9,0
510,41,player,0,1007.3,996.0,1094.0,1247.3,1050.6,1247.3,0
510,50,player,0,581.9,713.7,700.9,902.7,641.4,902.7,1
510,52,player,0,2273.8,326.1,2334.9,463.7,2304.4,463.7,0
510,59,player,1,549.4,294.6,597.5,439.0,573.4,439.0,0
510,60,player,0,162.0,295.5,215.8,435.5,188.9,435.5,0
510,62,player,1,340.6,298.5,383.1,429.8,361.8,429.8,0
511,-1,ball,-1,600.0,847.8,612.0,859.8,606.0,853.8,0
511,4,player,1,2489.2,774.4,2551.5,992.6,2520.4,992.6,0
511,5,player,1,2803.7,979.7,2879.1,1226.6,2841.4,1226.6,0
511,12,player,1,2748.8,553.8,2820.5,728.7,2784.6,728.7,0
511,24,player,0,1925.9,969.4,2012.2,1221.0,1969.0,1221.0,0
511,27,player,0,2258.0,768.3,2353.8,987.9,2305.9,987.9,0
511,32,player,1,1985.4,556.3,2049.5,719.2,2017.4,719.2,0
511,33,player,1,1856.8,707.9,1917.6,906.9,1887.2,906.9,0
511,36,player,0,2021.0,447.6,2072.5,598.8,2046.8,598.8,0
511,40,player,0,1263.9,562.3,1327.6,731.2,1295.8,731.2,0
511,41,player,0,1003.9,993.5,1096.4,1244.3,1050.2,1244.3,0
511,50,player,0,582.4,711.3,697.8,899.6,640.1,899.6,1
511,52,player,0,2274.7,327.7,2341.0,465.0,2307.8,465.0,0
511,59,player,1,554.5,304.1,600.1,438.8,577.3,438.8,0
511,60,player,0,165.1,294.9,218.8,435.9,192.0,435.9,0
511,62,player,1,343.4,298.3,385.8,429.4,364.6,429.4,0
512,-1,ball,-1,600.0,847.8,612.0,859.8,606.0,853.8,0
512,4,player,1,2489.2,774.4,2551.5,992.5,2520.4,992.5,0
512,5,player,1,2803.8,979.8,2879.1,1226.6,2841.4,1226.6,0
512,12,player,1,2748.9,553.8,2820.4,728.8,2784.6,728.8,0
512,24,player,0,1926.0,969.4,2012.2,1221.1,1969.1,1221.1,0
512,27,player,0,2258.1,768.3,2353.9,987.9,2306.0,987.9,0
512,32,player,1,1985.4,556.3,2049.6,719.2,2017.5,719.2,0
512,33,player,1,1856.7,707.9,1917.6,906.8,1887.2,906.8,0
512,36,player,0,2021.0,447.6,2072.5,598.8,2046.8,598.8,0
512,40,player,0,1263.8,562.1,1327.5,731.5,1295.6,731.5,0
512,41,player,0,1003.9,993.5,1096.4,1244.3,1050.2,1244.3,0
512,50,player,0,582.4,711.3,697.9,899.6,640.2,899.6,1
512,52,player,0,2274.7,327.7,2341.0,465.0,2307.8,465.0,0
512,59,player,1,554.5,304.1,600.1,438.8,577.3,438.8,0
512,60,player,0,165.1,294.9,218.8,435.9,192.0,435.9,0
512,62,player,1,343.4,298.3,385.7,429.4,364.5,429.4,0
513,-1,ball,-1,600.0,847.8,612.0,859.8,606.0,853.8,0
513,4,player,1,2489.2,774.4,2551.6,992.6,2520.4,992.6,0
513,5,player,1,2803.7,979.7,2879.1,1226.6,2841.4,1226.6,0
513,12,player,1,2748.9,553.8,2820.4,728.8,2784.6,728.8,0
513,24,player,0,1926.0,969.3,2012.2,1221.1,1969.1,1221.1,0
513,27,player,0,2258.1,768.3,2353.9,988.0,2306.0,988.0,0
513,32,player,1,1985.5,556.2,2049.6,719.2,2017.6,719.2,0
513,33,player,1,1856.8,708.0,1917.5,906.8,1887.2,906.8,0
513,36,player,0,2021.0,447.6,2072.6,598.7,2046.8,598.7,0
513,40,player,0,1263.9,562.1,1327.4,731.5,1295.6,731.5,0
513,41,player,0,1003.9,993.5,1096.4,1244.4,1050.2,1244.4,0
513,50,player,0,582.4,711.3,697.9,899.6,640.2,899.6,1
513,52,player,0,2274.7,327.7,2340.9,465.0,2307.8,465.0,0
513,59,player,1,554.5,304.1,600.1,438.8,577.3,438.8,0
513,60,player,0,165.1,294.9,218.8,435.9,192.0,435.9,0
513,62,player,1,343.4,298.3,385.8,429.4,364.6,429.4,0
514,-1,ball,-1,597.0,848.2,609.0,860.2,603.0,854.2,0
514,4,player,1,2480.5,769.6,2554.4,991.4,2517.4,991.4,0
514,5,player,1,2803.7,978.2,2879.1,1228.0,2841.4,1228.0,0
514,12,player,1,2758.5,555.6,2817.7,729.7,2788.1,729.7,0
514,24,player,0,1928.1,963.5,2009.0,1220.5,1968.6,1220.5,0
514,27,player,0,2258.6,771.3,2345.1,988.0,2301.8,988.0,0
514,32,player,1,1983.4,557.0,2048.8,720.5,2016.1,720.5,0
514,33,player,1,1847.1,705.9,1918.6,907.0,1882.8,907.0,0
514,36,player,0,2019.0,447.0,2072.0,597.1,2045.5,597.1,0
514,40,player,0,1256.5,559.4,1320.9,728.1,1288.7,728.1,0
514,41,player,0,1002.4,992.7,1099.8,1240.7,1051.1,1240.7,0
514,50,player,0,583.7,709.3,687.9,891.9,635.8,891.9,1
514,52,player,0,2279.5,328.7,2349.0,465.9,2314.2,465.9,0
514,59,player,1,557.2,302.8,604.8,440.4,581.0,440.4,0
514,60,player,0,166.1,294.5,220.5,437.5,193.3,437.5,0
514,62,player,1,345.3,298.1,389.3,429.8,367.3,429.8,0
515,-1,ball,-1,597.0,848.2,609.0,860.2,603.0,854.2,0
515,4,player,1,2480.5,769.6,2554.4,991.3,2517.4,991.3,0
515,5,player,1,2803.9,978.4,2879.1,1228.0,2841.5,1228.0,0
515,12,player,1,2758.6,556.0,2817.7,729.7,2788.1,729.7,0
515,24,player,0,1928.1,963.5,2009.0,1220.4,1968.6,1220.4,0
515,27,player,0,2258.7,771.3,2345.0,988.1,2301.8,988.1,0
515,32,player,1,1983.4,557.0,2048.9,720.5,2016.2,720.5,0
515,33,player,1,1847.2,706.0,1918.7,907.1,1883.0,907.1,0
515,36,player,0,2019.1,447.0,2072.0,597.0,2045.6,597.0,0
515,40,player,0,1256.4,559.4,1320.9,728.1,1288.6,728.1,0
515,41,player,0,1002.4,992.8,1099.8,1240.7,1051.1,1240.7,0
515,50,player,0,583.5,709.2,687.9,891.9,635.7,891.9,1
515,52,player,0,2279.5,328.7,2349.0,465.9,2314.2,465.9,0
515,59,player,1,557.2,302.7,604.8,440.4,581.0,440.4,0
515,60,player,0,166.1,294.5,220.5,437.5,193.3,437.5,0
515,62,player,1,345.3,298.1,389.2,429.8,367.2,429.8,0
516,-1,ball,-1,595.8,847.2,607.8,859.2,601.8,853.2,0
516,4,player,1,2473.5,768.1,2555.6,993.5,2514.6,993.5,0
516,5,player,1,2799.7,972.8,2879.1,1228.7,2839.4,1228.7,0
516,12,player,1,2755.3,556.8,2811.5,729.7,2783.4,729.7,0
516,24,player,0,1926.7,959.8,2006.3,1206.2,1966.5,1206.2,0
516,27,player,0,2256.8,774.2,2332.4,989.5,2294.6,989.5,0
516,32,player,1,1981.4,555.9,2052.0,720.6,2016.7,720.6,0
516,33,player,1,1830.9,703.1,1918.8,903.4,1874.8,903.4,0
516,36,player,0,2016.9,445.7,2071.1,596.9,2044.0,596.9,0
516,40,player,0,1249.8,556.7,1312.2,729.3,1281.0,729.3,0
516,41,player,0,1002.2,991.6,1101.8,1243.3,1052.0,1243.3,0
516,50,player,0,584.2,709.9,685.7,890.2,635.0,890.2,1
516,52,player,0,2281.4,327.3,2355.4,465.2,2318.4,465.2,0
516,59,player,1,560.3,301.6,608.6,441.4,584.4,441.4,0
516,60,player,0,169.3,294.8,223.6,439.1,196.4,439.1,0
516,62,player,1,348.5,299.3,392.1,431.2,370.3,431.2,0
517,-1,ball,-1,595.8,847.2,607.8,859.2,601.8,853.2,0
517,4,player,1,2473.5,768.0,2555.6,993.3,2514.6,993.3,0
517,5,player,1,2799.8,972.9,2879.1,1228.7,2839.4,1228.7,0
517,12,player,1,2755.3,556.8,2811.5,729.6,2783.4,729.6,0
517,24,player,0,1926.6,959.8,2006.3,1206.3,1966.4,1206.3,0
517,27,player,0,2256.9,774.2,2332.3,989.5,2294.6,989.5,0
517,32,player,1,1981.4,555.9,2052.0,720.6,2016.7,720.6,0
517,33,player,1,1830.9,703.1,1918.8,903.4,1874.8,903.4,0
517,36,player,0,2016.9,445.7,2071.0,597.0,2044.0,597.0,0
517,40,player,0,1249.8,556.7,1312.2,729.3,1281.0,729.3,0
517,41,player,0,1002.2,991.6,1101.7,1243.3,1052.0,1243.3,0
517,50,player,0,584.2,709.9,685.8,890.1,635.0,890.1,1
517,52,player,0,2281.4,327.2,2355.4,465.2,2318.4,465.2,0
517,59,player,1,560.3,301.6,608.6,441.4,584.4,441.4,0
517,60,player,0,169.3,294.8,223.6,439.1,196.4,439.1,0
517,62,player,1,348.5,299.3,392.1,431.2,370.3,431.2,0
518,-1,ball,-1,594.3,846.2,606.3,858.2,600.3,852.2,0
518,4,player,1,2462.3,761.8,2557.0,992.9,2509.6,992.9,0
518,5,player,1,2797.7,968.9,2879.1,1231.3,2838.4,1231.3,0
518,12,player,1,2755.6,554.6,2809.7,730.2,2782.6,730.2,0
518,24,player,0,1923.8,957.0,2007.4,1194.7,1965.6,1194.7,0
518,27,player,0,2247.2,772.3,2319.9,991.5,2283.6,991.5,0
518,32,player,1,1975.6,553.6,2054.8,720.1,2015.2,720.1,0
518,33,player,1,1825.9,704.0,1919.2,896.3,1872.6,896.3,0
518,36,player,0,2016.2,446.2,2069.2,596.8,2042.7,596.8,0
518,40,player,0,1244.1,557.8,1304.2,729.8,1274.2,729.8,0
518,41,player,0,1002.0,990.7,1103.6,1243.6,1052.8,1243.6,0
518,50,player,0,588.3,710.5,685.3,887.8,636.8,887.8,1
518,52,player,0,2284.4,324.5,2357.5,460.5,2321.0,460.5,0
518,59,player,1,564.1,302.5,611.7,442.1,587.9,442.1,0
518,60,player,0,173.1,298.2,226.8,439.0,200.0,439.0,0
518,62,player,1,352.8,299.7,394.8,432.4,373.8,432.4,0
519,-1,ball,-1,594.3,846.2,606.3,858.2,600.3,852.2,0
519,4,player,1,2462.3,761.8,2557.0,992.9,2509.6,992.9,0
519,5,player,1,2797.7,968.9,2879.1,1231.3,2838.4,1231.3,0
519,12,player,1,2755.6,554.6,2809.7,730.2,2782.6,730.2,0
519,24,player,0,1923.9,957.0,2007.4,1194.7,1965.6,1194.7,0
519,27,player,0,2247.2,772.3,2319.9,991.5,2283.6,991.5,0
519,32,player,1,1975.6,553.6,2054.7,720.1,2015.2,720.1,0
519,33,player,1,1826.0,704.0,1919.2,896.2,1872.6,896.2,0
519,36,player,0,2016.2,446.2,2069.2,596.8,2042.7,596.8,0
519,40,player,0,1244.1,557.8,1304.3,729.8,1274.2,729.8,0
519,41,player,0,1002.0,990.7,1103.6,1243.6,1052.8,1243.6,0
519,50,player,0,588.2,710.5,685.4,887.8,636.8,887.8,1
519,52,player,0,2284.4,324.5,2357.5,460.5,2321.0,460.5,0
519,59,player,1,564.1,302.5,611.6,442.1,587.8,442.1,0
519,60,player,0,173.1,298.2,226.8,439.0,200.0,439.0,0
519,62,player,1,352.8,299.7,394.8,432.4,373.8,432.4,0
520,-1,ball,-1,594.3,846.2,606.3,858.2,600.3,852.2,0
520,4,player,1,2462.4,761.8,2557.0,992.9,2509.7,992.9,0
520,5,player,1,2797.7,968.9,2879.1,1231.2,2838.4,1231.2,0
520,12,player,1,2755.8,554.6,2809.6,730.1,2782.7,730.1,0
520,24,player,0,1924.1,957.0,2007.4,1194.7,1965.8,1194.7,0
520,27,player,0,2247.2,772.3,2319.8,991.5,2283.5,991.5,0
520,32,player,1,1975.6,553.6,2054.7,720.1,2015.2,720.1,0
520,33,player,1,1826.1,703.8,1919.6,897.0,1872.8,897.0,0
520,36,player,0,2016.2,446.1,2069.2,596.8,2042.7,596.8,0
520,40,player,0,1244.1,557.8,1304.2,729.8,1274.2,729.8,0
520,41,player,0,1002.0,990.7,1103.6,1243.6,1052.8,1243.6,0
520,50,player,0,588.3,710.5,685.3,887.8,636.8,887.8,1
520,52,player,0,2284.4,324.6,2357.5,460.4,2321.0,460.4,0
520,59,player,1,564.1,302.5,611.6,442.2,587.8,442.2,0
520,60,player,0,173.1,298.2,226.8,439.0,200.0,439.0,0
520,62,player,1,352.8,299.7,394.8,432.4,373.8,432.4,0
521,-1,ball,-1,592.4,844.8,604.4,856.8,598.4,850.8,0
521,4,player,1,2449.2,759.4,2562.4,983.4,2505.8,983.4,0
521,5,player,1,2796.0,965.0,2879.2,1230.2,2837.6,1230.2,0
521,12,player,1,2754.5,551.9,2810.5,729.1,2782.5,729.1,0
521,24,player,0,1921.1,957.4,2005.4,1191.0,1963.2,1191.0,0
521,27,player,0,2242.0,770.1,2312.1,992.5,2277.0,992.5,0
521,32,player,1,1973.7,552.2,2056.1,720.6,2014.9,720.6,0
521,33,player,1,1824.2,704.4,1918.3,896.6,1871.2,896.6,0
521,36,player,0,2016.4,447.9,2065.8,595.3,2041.1,595.3,0
521,40,player,0,1236.6,558.6,1297.4,729.3,1267.0,729.3,0
521,41,player,0,1002.9,990.9,1104.8,1244.3,1053.8,1244.3,0
521,50,player,0,592.0,708.9,686.5,888.7,639.2,888.7,1
521,52,player,0,2291.1,321.2,2359.8,459.6,2325.4,459.6,0
521,59,player,1,568.1,303.2,614.7,441.8,591.4,441.8,0
521,60,player,0,176.8,298.6,229.1,438.7,203.0,438.7,0
521,62,player,1,354.3,299.4,397.9,431.5,376.1,431.5,0
522,-1,ball,-1,592.4,844.8,604.4,856.8,598.4,850.8,0
522,4,player,1,2449.2,759.5,2562.3,983.3,2505.8,983.3,0
522,5,player,1,2796.0,964.9,2879.2,1230.2,2837.6,1230.2,0
522,12,player,1,2754.5,551.9,2810.5,729.1,2782.5,729.1,0
522,24,player,0,1921.1,957.4,2005.4,1191.0,1963.2,1191.0,0
522,27,player,0,2242.0,770.1,2312.0,992.6,2277.0,992.6,0
522,32,player,1,1973.7,552.2,2056.2,720.5,2015.0,720.5,0
522,33,player,1,1824.2,704.3,1918.4,896.6,1871.3,896.6,0
522,36,player,0,2016.4,447.9,2065.9,595.3,2041.2,595.3,0
522,40,player,0,1236.7,558.6,1297.3,729.3,1267.0,729.3,0
522,41,player,0,1002.9,990.9,1104.7,1244.4,1053.8,1244.4,0
522,50,player,0,592.0,708.9,686.5,888.6,639.2,888.6,1
522,52,player,0,2291.2,321.2,2359.7,459.6,2325.4,459.6,0
522,59,player,1,568.1,303.2,614.7,441.9,591.4,441.9,0
522,60,player,0,176.8,298.5,229.1,438.5,203.0,438.5,0
522,62,player,1,354.3,299.4,397.9,431.5,376.1,431.5,0
523,-1,ball,-1,590.2,844.0,602.2,856.0,596.2,850.0,0
523,4,player,1,2442.2,759.5,2562.0,979.1,2502.1,979.1,0
523,5,player,1,2796.3,963.3,2879.0,1228.4,2837.6,1228.4,0
523,12,player,1,2755.4,548.2,2810.8,730.5,2783.1,730.5,0
523,24,player,0,1912.1,958.8,2001.3,1194.7,1956.7,1194.7,0
523,27,player,0,2237.1,765.0,2313.0,992.3,2275.0,992.3,0
523,32,player,1,1969.0,551.0,2056.2,719.2,2012.6,719.2,0
523,33,player,1,1823.7,707.4,1912.2,898.1,1868.0,898.1,0
523,36,player,0,2010.4,449.9,2064.9,598.4,2037.6,598.4,0
523,40,player,0,1225.0,560.8,1289.1,729.2,1257.0,729.2,0
523,41,player,0,1007.1,991.6,1106.4,1245.6,1056.8,1245.6,0
523,50,player,0,592.9,704.8,687.4,890.5,640.2,890.5,1
523,52,player,0,2296.6,319.7,2362.1,461.1,2329.4,461.1,0
523,59,player,1,570.9,307.8,618.2,443.0,594.6,443.0,0
523,60,player,0,179.9,298.1,232.9,439.1,206.4,439.1,0
523,62,player,1,357.9,301.8,403.0,433.3,380.4,433.3,0
524,-1,ball,-1,590.2,844.0,602.2,856.0,596.2,850.0,0
524,4,player,1,2442.2,759.5,2561.9,979.1,2502.0,979.1,0
524,5,player,1,2796.3,963.3,2879.0,1228.6,2837.6,1228.6,0
524,12,player,1,2755.4,548.1,2810.7,730.5,2783.0,730.5,0
524,24,player,0,1912.1,958.8,2001.2,1194.7,1956.6,1194.7,0
524,27,player,0,2237.1,765.0,2313.0,992.3,2275.0,992.3,0
524,32,player,1,1969.0,551.0,2056.2,719.2,2012.6,719.2,0
524,33,player,1,1823.8,707.4,1912.2,898.1,1868.0,898.1,0
524,36,player,0,2010.4,449.9,2064.8,598.5,2037.6,598.5,0
524,40,player,0,1225.0,560.8,1289.2,729.2,1257.1,729.2,0
524,41,player,0,1007.0,991.6,1106.4,1245.6,1056.7,1245.6,0
524,50,player,0,592.9,704.8,687.4,890.5,640.2,890.5,1
524,52,player,0,2296.6,319.7,2362.1,461.1,2329.4,461.1,0
524,59,player,1,570.8,307.8,618.2,443.0,594.5,443.0,0
524,60,player,0,179.9,298.1,232.9,439.1,206.4,439.1,0
524,62,player,1,357.9,301.8,403.0,433.3,380.4,433.3,0
525,-1,ball,-1,590.2,844.0,602.2,856.0,596.2,850.0,0
525,4,player,1,2442.3,759.5,2561.7,979.1,2502.0,979.1,0
525,5,player,1,2796.5,963.4,2879.0,1228.5,2837.8,1228.5,0
525,12,player,1,2755.5,548.2,2810.7,730.6,2783.1,730.6,0
525,24,player,0,1912.1,958.6,2001.2,1194.8,1956.6,1194.8,0
525,27,player,0,2237.1,765.0,2313.0,992.3,2275.0,992.3,0
525,32,player,1,1968.9,551.0,2056.2,719.3,2012.6,719.3,0
525,33,player,1,1823.7,707.4,1912.2,898.1,1868.0,898.1,0
525,36,player,0,2010.4,449.9,2064.8,598.5,2037.6,598.5,0
525,40,player,0,1225.0,560.8,1289.2,729.1,1257.1,729.1,0
525,41,player,0,1007.0,991.6,1106.5,1245.6,1056.8,1245.6,0
525,50,player,0,592.9,704.8,687.2,890.8,640.0,890.8,1
525,52,player,0,2296.7,319.7,2362.1,461.1,2329.4,461.1,0
525,59,player,1,570.8,307.8,618.2,443.0,594.5,443.0,0
525,60,player,0,179.9,297.8,232.8,439.1,206.4,439.1,0
525,62,player,1,358.0,301.8,403.0,433.3,380.5,433.3,0
526,-1,ball,-1,589.1,844.0,601.1,856.0,595.1,850.0,0
526,4,player,1,2446.7,762.4,2557.1,982.6,2501.9,982.6,0
526,5,player,1,2797.6,963.7,2879.0,1217.5,2838.3,1217.5,0
526,12,player,1,2751.5,546.2,2813.7,729.2,2782.6,729.2,0
526,24,player,0,1906.8,958.6,1994.6,1195.6,1950.7,1195.6,0
526,27,player,0,2233.1,761.9,2316.1,992.5,2274.6,992.5,0
526,32,player,1,1965.7,550.4,2055.5,716.9,2010.6,716.9,0
526,33,player,1,1822.1,707.3,1902.4,899.2,1862.2,899.2,0
526,36,player,0,2009.1,451.8,2064.3,598.5,2036.7,598.5,0
526,40,player,0,1202.7,563.2,1282.4,729.4,1242.6,729.4,0
526,41,player,0,1009.8,991.3,1107.3,1247.7,1058.6,1247.7,0
526,50,player,0,595.9,700.2,684.9,888.6,640.4,888.6,1
526,52,player,0,2304.2,318.9,2363.7,462.0,2334.0,462.0,0
526,59,player,1,575.5,305.6,622.2,443.3,598.8,443.3,0
526,60,player,0,185.1,298.8,239.1,439.4,212.1,439.4,0
526,62,player,1,362.8,301.1,407.3,433.3,385.0,433.3,0
527,-1,ball,-1,589.2,844.0,601.2,856.0,595.2,850.0,0
527,4,player,1,2446.7,762.4,2557.1,982.6,2501.9,982.6,0
527,5,player,1,2797.9,964.0,2879.3,1216.2,2838.6,1216.2,0
527,12,player,1,2751.6,546.1,2813.8,729.2,2782.7,729.2,0
527,24,player,0,1906.8,958.6,1994.6,1195.6,1950.7,1195.6,0
527,27,player,0,2233.1,761.9,2316.1,992.6,2274.6,992.6,0
527,32,player,1,1965.7,550.4,2055.5,716.9,2010.6,716.9,0
527,33,player,1,1822.2,707.3,1902.3,899.2,1862.2,899.2,0
527,36,player,0,2008.9,451.7,2064.3,598.5,2036.6,598.5,0
527,40,player,0,1202.7,563.2,1282.4,729.3,1242.6,729.3,0
527,41,player,0,1009.9,991.3,1107.2,1247.7,1058.6,1247.7,0
527,50,player,0,596.0,700.2,685.0,888.3,640.5,888.3,1
527,52,player,0,2304.2,318.9,2363.7,462.1,2334.0,462.1,0
527,59,player,1,575.5,305.5,622.3,443.3,598.9,443.3,0
527,60,player,0,185.0,298.8,239.1,439.4,212.0,439.4,0
527,62,player,1,362.8,301.0,407.3,433.3,385.0,433.3,0
528,-1,ball,-1,586.3,843.0,598.3,855.0,592.3,849.0,0
528,4,player,1,2444.8,764.6,2545.4,982.9,2495.1,982.9,0
528,5,player,1,2799.2,965.8,2879.1,1218.9,2839.1,1218.9,0
528,12,player,1,2750.7,543.7,2817.0,725.3,2783.8,725.3,0
528,24,player,0,1903.6,954.7,1991.1,1194.9,1947.4,1194.9,0
528,27,player,0,2220.9,759.6,2316.5,990.9,2268.7,990.9,0
528,32,player,1,1962.3,552.1,2052.2,717.1,2007.2,717.1,0
528,33,player,1,1815.8,703.2,1890.9,898.4,1853.4,898.4,0
528,36,player,0,2006.7,451.8,2063.7,597.6,2035.2,597.6,0
528,40,player,0,1186.1,563.1,1275.7,729.4,1230.9,729.4,0
528,41,player,0,1014.2,991.7,1111.1,1247.9,1062.6,1247.9,0
528,50,player,0,597.4,695.4,683.0,882.5,640.2,882.5,1
528,52,player,0,2308.0,317.3,2368.6,457.5,2338.3,457.5,0
528,59,player,1,580.0,305.2,627.0,442.8,603.5,442.8,0
528,60,player,0,188.6,297.9,242.6,439.3,215.6,439.3,0
528,62,player,1,366.8,299.3,409.9,432.0,388.4,432.0,0
529,-1,ball,-1,586.3,843.0,598.3,855.0,592.3,849.0,0
529,4,player,1,2444.8,764.6,2545.4,983.0,2495.1,983.0,0
529,5,player,1,2799.2,965.8,2879.1,1218.7,2839.1,1218.7,0
529,12,player,1,2750.7,543.7,2817.0,725.3,2783.8,725.3,0
529,24,player,0,1903.5,954.7,1991.2,1195.0,1947.4,1195.0,0
529,27,player,0,2220.9,759.6,2316.5,990.9,2268.7,990.9,0
529,32,player,1,1962.2,552.1,2052.1,717.1,2007.2,717.1,0
529,33,player,1,1815.8,703.2,1890.9,898.4,1853.4,898.4,0
529,36,player,0,2006.7,451.7,2063.7,597.5,2035.2,597.5,0
529,40,player,0,1186.2,563.1,1275.7,729.4,1231.0,729.4,0
529,41,player,0,1014.2,991.7,1111.1,1247.9,1062.6,1247.9,0
529,50,player,0,597.4,695.4,683.1,882.6,640.2,882.6,1
529,52,player,0,2308.0,317.3,2368.6,457.6,2338.3,457.6,0
529,59,player,1,580.0,305.2,627.0,442.8,603.5,442.8,0
529,60,player,0,188.6,297.9,242.6,439.3,215.6,439.3,0
529,62,player,1,366.8,299.4,409.9,432.0,388.4,432.0,0
530,-1,ball,-1,585.6,841.6,597.6,853.6,591.6,847.6,0
530,4,player,1,2440.4,764.1,2533.4,981.8,2486.9,981.8,0
530,5,player,1,2801.4,969.1,2879.1,1216.2,2840.2,1216.2,0
530,12,player,1,2753.3,544.3,2820.6,720.9,2787.0,720.9,0
530,24,player,0,1900.5,949.5,1990.0,1196.8,1945.2,1196.8,0
530,27,player,0,2211.5,758.6,2317.5,984.0,2264.5,984.0,0
530,32,player,1,1959.5,555.2,2045.5,717.0,2002.5,717.0,0
530,33,player,1,1815.6,698.2,1888.7,898.4,1852.2,898.4,0
530,36,player,0,2007.2,449.3,2063.3,597.2,2035.2,597.2,0
530,40,player,0,1177.5,563.1,1279.8,729.5,1228.6,729.5,0
530,41,player,0,1020.8,991.6,1113.3,1249.1,1067.0,1249.1,0
530,50,player,0,602.3,691.8,679.0,877.9,640.6,877.9,1
530,52,player,0,2313.7,316.2,2373.4,456.1,2343.6,456.1,0
530,59,player,1,584.3,306.2,631.8,443.3,608.0,443.3,0
530,60,player,0,190.6,297.3,245.5,439.7,218.0,439.7,0
530,62,player,1,370.3,300.1,414.1,432.3,392.2,432.3,0
531,-1,ball,-1,585.6,841.6,597.6,853.6,591.6,847.6,0
531,4,player,1,2440.4,764.1,2533.4,981.9,2486.9,981.9,0
531,5,player,1,2801.4,969.1,2879.1,1216.1,2840.2,1216.1,0
531,12,player,1,2753.3,544.3,2820.6,720.8,2787.0,720.8,0
531,24,player,0,1900.6,949.5,1990.0,1196.8,1945.3,1196.8,0
531,27,player,0,2211.5,758.6,2317.6,984.0,2264.6,984.0,0
531,32,player,1,1959.5,555.2,2045.5,717.0,2002.5,717.0,0
531,33,player,1,1815.6,698.2,1888.7,898.3,1852.2,898.3,0
531,36,player,0,2007.2,449.3,2063.3,597.6,2035.2,597.6,0
531,40,player,0,1177.5,563.1,1279.8,729.5,1228.6,729.5,0
531,41,player,0,1020.8,991.6,1113.2,1249.2,1067.0,1249.2,0
531,50,player,0,602.4,691.8,678.9,877.8,640.6,877.8,1
531,52,player,0,2313.7,316.2,2373.4,456.1,2343.6,456.1,0
531,59,player,1,584.3,306.2,631.8,443.3,608.0,443.3,0
531,60,player,0,190.6,297.3,245.5,439.7,218.0,439.7,0
531,62,player,1,370.3,300.1,414.1,432.3,392.2,432.3,0
532,-1,ball,-1,585.6,841.6,597.6,853.6,591.6,847.6,0
532,4,player,1,2440.4,764.1,2533.4,981.8,2486.9,981.8,0
532,5,player,1,2801.4,969.2,2879.1,1216.0,2840.2,1216.0,0
532,12,player,1,2753.3,544.3,2820.6,720.9,2787.0,720.9,0
532,24,player,0,1900.6,949.6,1990.2,1196.8,1945.4,1196.8,0
532,27,player,0,2211.5,758.6,2317.7,984.0,2264.6,984.0,0
532,32,player,1,1959.4,555.2,2045.5,717.0,2002.4,717.0,0
532,33,player,1,1815.6,698.1,1888.7,898.4,1852.2,898.4,0
532,36,player,0,2007.3,449.4,2063.3,597.2,2035.3,597.2,0
532,40,player,0,1177.6,563.0,1279.8,729.4,1228.7,729.4,0
532,41,player,0,1020.8,991.6,1113.2,1249.2,1067.0,1249.2,0
532,50,player,0,602.4,691.9,678.9,877.8,640.6,877.8,1
532,52,player,0,2313.7,316.2,2373.4,456.2,2343.6,456.2,0
532,59,player,1,584.3,306.2,631.7,443.2,608.0,443.2,0
532,60,player,0,190.6,297.3,245.5,439.7,218.0,439.7,0
532,62,player,1,370.3,300.1,414.2,432.3,392.2,432.3,0
533,-1,ball,-1,584.0,842.0,596.0,854.0,590.0,848.0,0
533,4,player,1,2436.7,759.6,2519.4,983.1,2478.0,983.1,0
533,5,player,1,2801.2,971.5,2879.0,1217.0,2840.1,1217.0,0
533,12,player,1,2753.0,546.8,2823.6,719.8,2788.3,719.8,0
533,24,player,0,1896.2,943.4,1987.1,1193.1,1941.6,1193.1,0
533,27,player,0,2210.4,760.9,2317.4,981.3,2263.9,981.3,0
533,32,player,1,1951.4,554.7,2038.6,714.2,1995.0,714.2,0
533,33,player,1,1816.9,693.2,1887.4,896.8,1852.2,896.8,0
533,36,player,0,2002.2,446.5,2063.4,598.9,2032.8,598.9,0
533,40,player,0,1176.4,563.5,1282.3,730.6,1229.4,730.6,0
533,41,player,0,1024.4,990.7,1117.1,1249.2,1070.8,1249.2,0
533,50,player,0,602.7,689.1,676.1,871.7,639.4,871.7,1
533,52,player,0,2320.7,319.3,2378.1,455.2,2349.4,455.2,0
533,59,player,1,587.8,306.2,635.0,443.9,611.4,443.9,0
533,60,player,0,194.4,299.1,250.3,441.4,222.4,441.4,0
533,62,player,1,375.5,299.8,418.4,433.5,397.0,433.5,0
534,-1,ball,-1,584.0,841.9,596.0,853.9,590.0,847.9,0
534,4,player,1,2436.7,759.6,2519.4,983.0,2478.0,983.0,0
534,5,player,1,2801.2,971.5,2879.0,1217.0,2840.1,1217.0,0
534,12,player,1,2753.0,546.8,2823.6,719.8,2788.3,719.8,0
534,24,player,0,1896.2,943.4,1987.0,1193.0,1941.6,1193.0,0
534,27,player,0,2210.4,760.8,2317.4,981.3,2263.9,981.3,0
534,32,player,1,1951.4,554.7,2038.6,714.2,1995.0,714.2,0
534,33,player,1,1816.9,693.2,1887.4,896.7,1852.2,896.7,0
534,36,player,0,2002.2,446.5,2063.5,598.7,2032.8,598.7,0
534,40,player,0,1176.5,563.5,1282.3,730.6,1229.4,730.6,0
534,41,player,0,1024.2,990.7,1117.1,1249.2,1070.6,1249.2,0
534,50,player,0,602.2,688.0,675.5,872.1,638.8,872.1,1
534,52,player,0,2320.7,319.3,2378.1,455.0,2349.4,455.0,0
534,59,player,1,587.9,306.2,635.0,443.8,611.4,443.8,0
534,60,player,0,194.4,299.1,250.2,441.4,222.3,441.4,0
534,62,player,1,375.5,299.8,418.4,433.5,397.0,433.5,0
535,-1,ball,-1,583.0,840.4,595.0,852.4,589.0,846.4,0
535,4,player,1,2437.5,757.8,2519.5,983.5,2478.5,983.5,0
535,5,player,1,2799.4,972.8,2875.7,1216.6,2837.6,1216.6,0
535,12,player,1,2751.6,548.1,2827.0,720.8,2789.3,720.8,0
535,24,player,0,1892.5,939.7,1984.2,1188.1,1938.4,1188.1,0
535,27,player,0,2212.1,764.1,2310.6,981.7,2261.4,981.7,0
535,32,player,1,1947.5,552.4,2020.8,718.3,1984.2,718.3,0
535,33,player,1,1817.2,691.4,1883.5,896.4,1850.4,896.4,0
535,36,player,0,2001.9,444.4,2064.0,597.4,2033.0,597.4,0
535,40,player,0,1179.4,562.2,1279.6,730.0,1229.5,730.0,0
535,41,player,0,1028.8,991.5,1119.1,1249.0,1073.9,1249.0,0
535,50,player,0,603.6,686.2,674.7,872.0,639.2,872.0,1
535,52,player,0,2328.3,318.7,2383.4,455.5,2355.9,455.5,0
535,59,player,1,593.3,306.1,639.8,443.9,616.6,443.9,0
535,60,player,0,200.0,298.6,253.1,440.5,226.6,440.5,0
535,62,player,1,377.5,300.5,422.0,434.4,399.8,434.4,0
536,-1,ball,-1,582.9,840.4,594.9,852.4,588.9,846.4,0
536,4,player,1,2437.5,757.7,2519.5,983.5,2478.5,983.5,0
536,5,player,1,2799.3,972.7,2875.8,1216.8,2837.6,1216.8,0
536,12,player,1,2751.7,548.1,2827.1,720.8,2789.4,720.8,0
536,24,player,0,1892.5,939.7,1984.3,1188.1,1938.4,1188.1,0
536,27,player,0,2211.3,764.1,2310.3,981.6,2260.8,981.6,0
536,32,player,1,1947.5,552.6,2020.8,718.3,1984.2,718.3,0
536,33,player,1,1817.2,691.4,1883.5,896.4,1850.4,896.4,0
536,36,player,0,2001.8,444.4,2064.0,597.4,2032.9,597.4,0
536,40,player,0,1179.4,562.2,1279.6,730.0,1229.5,730.0,0
536,41,player,0,1028.8,991.5,1119.2,1249.0,1074.0,1249.0,0
536,50,player,0,603.7,686.3,674.6,871.9,639.2,871.9,1
536,52,player,0,2328.2,318.7,2383.4,455.5,2355.8,455.5,0
536,59,player,1,593.3,306.1,639.8,443.9,616.6,443.9,0
536,60,player,0,200.0,298.6,253.1,440.6,226.6,440.6,0
536,62,player,1,377.5,300.5,422.0,434.4,399.8,434.4,0
537,-1,ball,-1,582.9,840.4,594.9,852.4,588.9,846.4,0
537,4,player,1,2437.5,757.8,2519.4,983.5,2478.4,983.5,0
537,5,player,1,2799.3,972.7,2875.8,1216.7,2837.6,1216.7,0
537,12,player,1,2751.6,548.1,2827.1,720.8,2789.4,720.8,0
537,24,player,0,1892.5,939.7,1984.3,1188.1,1938.4,1188.1,0
537,27,player,0,2211.3,764.1,2310.1,981.7,2260.7,981.7,0
537,32,player,1,1947.5,552.4,2020.7,718.3,1984.1,718.3,0
537,33,player,1,1817.2,691.4,1883.4,896.4,1850.3,896.4,0
537,36,player,0,2001.9,444.3,2063.9,597.4,2032.9,597.4,0
537,40,player,0,1179.4,562.2,1279.5,730.1,1229.4,730.1,0
537,41,player,0,1028.8,991.6,1119.1,1249.0,1073.9,1249.0,0
537,50,player,0,603.6,686.2,674.6,871.9,639.1,871.9,1
537,52,player,0,2328.3,318.7,2383.4,455.5,2355.9,455.5,0
537,59,player,1,593.3,306.2,639.8,443.9,616.6,443.9,0
537,60,player,0,200.1,298.6,253.0,440.5,226.6,440.5,0
537,62,player,1,377.5,300.5,422.0,434.4,399.8,434.4,0
538,-1,ball,-1,583.0,839.3,595.0,851.3,589.0,845.3,0
538,4,player,1,2439.4,754.4,2516.1,982.8,2477.8,982.8,0
538,5,player,1,2798.0,969.4,2876.2,1218.4,2837.1,1218.4,0
538,12,player,1,2750.7,548.0,2832.8,722.5,2791.8,722.5,0
538,24,player,0,1888.6,937.8,1981.4,1175.7,1935.0,1175.7,0
538,27,player,0,2203.9,765.8,2298.4,983.0,2251.2,983.0,0
538,32,player,1,1944.1,550.7,2027.8,720.0,1986.0,720.0,0
538,33,player,1,1808.7,690.4,1880.2,890.9,1844.4,890.9,0
538,36,player,0,2000.5,444.5,2064.8,595.2,2032.6,595.2,0
538,40,player,0,1183.8,561.3,1265.1,731.2,1224.4,731.2,0
538,41,player,0,1033.3,988.4,1122.9,1248.2,1078.1,1248.2,0
538,50,player,0,601.4,680.0,674.4,872.5,637.9,872.5,1
538,52,player,0,2331.8,321.1,2388.0,456.7,2359.9,456.7,0
538,59,player,1,597.1,306.3,645.4,445.5,621.2,445.5,0
538,60,player,0,205.4,298.7,258.8,440.6,232.1,440.6,0
538,62,player,1,383.7,304.8,429.2,435.6,406.4,435.6,0
539,-1,ball,-1,583.0,839.2,595.0,851.2,589.0,845.2,0
539,4,player,1,2439.5,754.7,2516.1,982.9,2477.8,982.9,0
539,5,player,1,2798.0,969.4,2876.2,1218.3,2837.1,1218.3,0
539,12,player,1,2750.7,548.0,2832.8,722.5,2791.8,722.5,0
539,24,player,0,1888.6,937.8,1981.4,1175.8,1935.0,1175.8,0
539,27,player,0,2203.9,765.7,2298.5,983.0,2251.2,983.0,0
539,32,player,1,1944.1,550.7,2027.6,719.6,1985.8,719.6,0
539,33,player,1,1808.7,690.4,1880.3,891.0,1844.5,891.0,0
539,36,player,0,2000.3,444.6,2064.9,595.3,2032.6,595.3,0
539,40,player,0,1183.9,561.0,1265.2,731.2,1224.6,731.2,0
539,41,player,0,1033.4,988.5,1122.7,1247.7,1078.1,1247.7,0
539,50,player,0,601.5,679.9,674.3,872.5,637.9,872.5,1
539,52,player,0,2331.8,321.1,2388.0,456.6,2359.9,456.6,0
539,59,player,1,597.1,306.4,645.4,445.6,621.2,445.6,0
539,60,player,0,205.4,298.7,258.9,440.6,232.2,440.6,0
539,62,player,1,383.7,304.8,429.2,435.5,406.4,435.5,0
540,-1,ball,-1,583.2,838.8,595.2,850.8,589.2,844.8,0
540,4,player,1,2436.5,748.4,2513.2,981.9,2474.8,981.9,0
540,5,player,1,2796.9,962.7,2877.7,1214.7,2837.3,1214.7,0
540,12,player,1,2752.1,545.9,2837.8,722.4,2795.0,722.4,0
540,24,player,0,1888.6,937.7,1977.4,1166.5,1933.0,1166.5,0
540,27,player,0,2200.3,765.8,2291.2,984.1,2245.8,984.1,0
540,32,player,1,1940.3,547.2,2028.8,717.9,1984.6,717.9,0
540,33,player,1,1805.5,693.8,1876.4,887.3,1841.0,887.3,0
540,36,player,0,1997.5,444.8,2067.0,594.2,2032.2,594.2,0
540,40,player,0,1181.3,559.0,1249.2,729.6,1215.2,729.6,0
540,41,player,0,1039.5,986.5,1128.8,1247.5,1084.2,1247.5,0
540,50,player,0,597.0,674.4,675.6,872.4,636.3,872.4,1
540,52,player,0,2338.2,324.9,2391.5,458.3,2364.8,458.3,0
540,59,player,1,603.0,306.4,649.4,445.8,626.2,445.8,0
540,60,player,0,210.6,300.5,265.4,441.3,238.0,441.3,0
540,62,player,1,390.2,303.2,432.5,435.5,411.4,435.5,0
541,-1,ball,-1,583.2,838.8,595.2,850.8,589.2,844.8,0
541,4,player,1,2436.5,748.6,2512.9,981.9,2474.7,981.9,0
541,5,player,1,2796.8,962.6,2877.7,1214.6,2837.2,1214.6,0
541,12,player,1,2752.2,545.9,2837.8,722.4,2795.0,722.4,0
541,24,player,0,1888.6,937.8,1977.4,1166.5,1933.0,1166.5,0
541,27,player,0,2200.4,765.8,2291.1,984.1,2245.8,984.1,0
541,32,player,1,1940.2,547.1,2028.9,718.0,1984.6,718.0,0
541,33,player,1,1805.5,693.8,1876.3,887.2,1840.9,887.2,0
541,36,player,0,1997.3,444.7,2066.9,594.1,2032.1,594.1,0
541,40,player,0,1181.3,558.9,1249.3,729.7,1215.3,729.7,0
541,41,player,0,1039.5,986.5,1128.8,1247.4,1084.2,1247.4,0
541,50,player,0,596.7,674.4,675.7,872.4,636.2,872.4,1
541,52,player,0,2338.2,324.9,2391.4,458.3,2364.8,458.3,0
541,59,player,1,603.0,306.3,649.4,445.8,626.2,445.8,0
541,60,player,0,210.6,300.5,265.4,441.3,238.0,441.3,0
541,62,player,1,390.2,303.2,432.5,435.5,411.4,435.5,0
542,-1,ball,-1,582.9,837.6,594.9,849.6,588.9,843.6,0
542,4,player,1,2429.4,747.5,2511.1,978.3,2470.2,978.3,0
542,5,player,1,2796.2,958.6,2878.5,1215.4,2837.4,1215.4,0
542,12,player,1,2755.3,542.8,2840.5,721.6,2797.9,721.6,0
542,24,player,0,1886.6,938.1,1975.3,1170.1,1931.0,1170.1,0
542,27,player,0,2197.2,763.9,2290.2,985.3,2243.7,985.3,0
542,32,player,1,1938.7,546.3,2030.8,713.4,1984.8,713.4,0
542,33,player,1,1806.7,694.3,1876.4,889.1,1841.6,889.1,0
542,36,player,0,1996.1,445.9,2071.9,594.2,2034.0,594.2,0
542,40,player,0,1179.1,554.8,1237.9,727.9,1208.5,727.9,0
542,41,player,0,1043.3,986.3,1131.2,1240.7,1087.2,1240.7,0
542,50,player,0,593.4,671.1,677.0,866.9,635.2,866.9,1
542,52,player,0,2341.6,324.4,2395.8,457.9,2368.7,457.9,0
542,59,player,1,606.8,307.0,655.2,446.0,631.0,446.0,0
542,60,player,0,214.8,299.3,269.0,442.8,241.9,442.8,0
542,62,player,1,392.4,303.8,437.2,435.7,414.8,435.7,0
543,-1,ball,-1,582.9,837.6,594.9,849.6,588.9,843.6,0
543,4,player,1,2429.3,747.5,2511.1,978.3,2470.2,978.3,0
543,5,player,1,2796.2,958.6,2878.5,1215.3,2837.4,1215.3,0
543,12,player,1,2755.3,542.8,2840.5,721.5,2797.9,721.5,0
543,24,player,0,1886.5,938.0,1975.4,1170.2,1931.0,1170.2,0
543,27,player,0,2197.1,763.8,2290.2,985.3,2243.6,985.3,0
543,32,player,1,1938.6,546.3,2030.8,713.4,1984.7,713.4,0
543,33,player,1,1806.7,694.3,1876.4,889.1,1841.6,889.1,0
543,36,player,0,1996.1,445.9,2071.9,594.2,2034.0,594.2,0
543,40,player,0,1179.1,554.8,1237.9,727.9,1208.5,727.9,0
543,41,player,0,1043.3,986.3,1131.2,1240.1,1087.2,1240.1,0
543,50,player,0,593.4,671.0,677.0,867.1,635.2,867.1,1
543,52,player,0,2341.6,324.4,2395.8,457.9,2368.7,457.9,0
543,59,player,1,606.8,306.9,655.2,446.0,631.0,446.0,0
543,60,player,0,214.8,299.2,269.0,442.8,241.9,442.8,0
543,62,player,1,392.4,303.8,437.2,435.7,414.8,435.7,0
544,-1,ball,-1,582.9,837.6,594.9,849.6,588.9,843.6,0
544,4,player,1,2429.4,747.5,2511.1,978.3,2470.2,978.3,0
544,5,player,1,2796.2,958.6,2878.5,1214.9,2837.4,1214.9,0
544,12,player,1,2755.3,542.8,2840.5,721.4,2797.9,721.4,0
544,24,player,0,1886.5,938.0,1975.4,1170.5,1931.0,1170.5,0
544,27,player,0,2197.1,763.8,2290.2,985.3,2243.6,985.3,0
544,32,player,1,1938.7,546.3,2030.8,713.4,1984.8,713.4,0
544,33,player,1,1806.8,694.3,1876.4,889.0,1841.6,889.0,0
544,36,player,0,1996.1,445.9,2071.9,594.2,2034.0,594.2,0
544,40,player,0,1179.2,554.8,1238.0,727.9,1208.6,727.9,0
544,41,player,0,1043.3,986.3,1131.2,1240.2,1087.2,1240.2,0
544,50,player,0,593.4,671.0,677.0,867.2,635.2,867.2,1
544,52,player,0,2341.6,324.4,2395.8,457.9,2368.7,457.9,0
544,59,player,1,606.8,307.0,655.2,446.0,631.0,446.0,0
544,60,player,0,214.8,299.2,269.1,442.8,242.0,442.8,0
544,62,player,1,392.4,303.8,437.3,435.7,414.8,435.7,0
545,-1,ball,-1,587.0,836.5,599.0,848.5,593.0,842.5,0
545,4,player,1,2427.0,749.1,2507.1,968.8,2467.0,968.8,0
545,5,player,1,2797.3,955.7,2878.9,1202.4,2838.1,1202.4,0
545,12,player,1,2762.6,541.0,2845.3,720.4,2804.0,720.4,0
545,24,player,0,1883.3,937.9,1970.5,1171.1,1926.9,1171.1,0
545,27,player,0,2199.5,759.1,2286.6,984.7,2243.0,984.7,0
545,32,player,1,1937.3,546.7,2031.1,709.2,1984.2,709.2,0
545,33,player,1,1807.0,696.9,1873.0,886.6,1840.0,886.6,0
545,36,player,0,2004.3,446.7,2075.1,592.9,2039.7,592.9,0
545,40,player,0,1176.3,553.4,1234.1,725.2,1205.2,725.2,0
545,41,player,0,1049.0,983.4,1136.9,1237.3,1093.0,1237.3,0
545,50,player,0,589.6,669.9,684.3,865.9,637.0,865.9,1
545,52,player,0,2352.3,325.8,2400.0,457.2,2376.2,457.2,0
545,59,player,1,613.6,307.5,661.0,447.4,637.3,447.4,0
545,60,player,0,219.4,299.4,275.3,444.6,247.4,444.6,0
545,62,player,1,401.5,302.1,442.4,436.7,422.0,436.7,0
546,-1,ball,-1,587.0,836.6,599.0,848.6,593.0,842.6,0
546,4,player,1,2427.1,749.1,2507.1,968.8,2467.1,968.8,0
546,5,player,1,2797.3,955.7,2878.9,1202.4,2838.1,1202.4,0
546,12,player,1,2762.6,541.0,2845.3,720.4,2804.0,720.4,0
546,24,player,0,1883.3,938.5,1970.5,1171.0,1926.9,1171.0,0
546,27,player,0,2199.5,759.1,2286.6,984.7,2243.0,984.7,0
546,32,player,1,1937.3,546.7,2030.9,709.2,1984.1,709.2,0
546,33,player,1,1807.0,697.0,1872.9,886.6,1840.0,886.6,0
546,36,player,0,2004.3,446.7,2075.1,592.9,2039.7,592.9,0
546,40,player,0,1176.5,553.4,1234.2,725.2,1205.4,725.2,0
546,41,player,0,1049.0,983.4,1136.9,1237.2,1093.0,1237.2,0
546,50,player,0,590.0,669.9,684.3,865.9,637.2,865.9,1
546,52,player,0,2352.5,325.8,2400.0,457.2,2376.2,457.2,0
546,59,player,1,613.6,307.5,661.0,447.4,637.3,447.4,0
546,60,player,0,219.4,299.4,275.3,444.6,247.4,444.6,0
546,62,player,1,401.5,302.1,442.4,436.7,422.0,436.7,0
547,-1,ball,-1,1144.5,801.0,1156.5,813.0,1150.5,807.0,0
547,4,player,1,2431.8,753.7,2503.9,968.1,2467.9,968.1,0
547,5,player,1,2796.0,955.1,2878.9,1201.0,2837.4,1201.0,0
547,12,player,1,2769.1,539.0,2847.4,719.5,2808.2,719.5,0
547,24,player,0,1883.5,932.8,1966.9,1171.7,1925.2,1171.7,0
547,27,player,0,2199.8,756.2,2284.0,984.0,2241.9,984.0,0
547,32,player,1,1937.8,547.5,2025.0,710.0,1981.4,710.0,0
547,33,player,1,1805.4,696.4,1868.6,888.4,1837.0,888.4,0
547,36,player,0,2010.7,444.6,2079.0,592.3,2044.8,592.3,0
547,40,player,0,1170.1,547.5,1232.0,725.6,1201.0,725.6,1
547,41,player,0,1055.2,980.6,1143.0,1237.5,1099.1,1237.5,0
547,50,player,0,576.5,669.6,695.3,863.5,635.9,863.5,0
547,52,player,0,2361.8,325.3,2406.8,460.3,2384.3,460.3,0
547,59,player,1,619.7,311.6,666.9,446.8,643.3,446.8,0
547,60,player,0,227.9,302.3,280.7,443.3,254.3,443.3,0
547,62,player,1,405.3,305.3,448.8,437.5,427.0,437.5,0
548,-1,ball,-1,1702.0,765.5,1714.0,777.5,1708.0,771.5,0
548,4,player,1,2431.8,753.7,2503.9,968.0,2467.9,968.0,0
548,5,player,1,2796.0,955.1,2878.9,1201.0,2837.4,1201.0,0
548,12,player,1,2769.1,538.9,2847.4,719.5,2808.2,719.5,0
548,24,player,0,1883.5,932.8,1966.9,1171.7,1925.2,1171.7,0
548,27,player,0,2199.9,756.2,2284.0,984.0,2242.0,984.0,0
548,32,player,1,1937.8,547.5,2025.0,710.0,1981.4,710.0,0
548,33,player,1,1805.3,696.3,1868.8,888.1,1837.0,888.1,0
548,36,player,0,2010.8,444.6,2079.1,592.3,2045.0,592.3,0
548,40,player,0,1170.0,547.4,1232.0,725.6,1201.0,725.6,0
548,41,player,0,1055.1,980.6,1143.0,1237.5,1099.0,1237.5,0
548,50,player,0,576.5,669.6,695.3,863.5,635.9,863.5,0
548,52,player,0,2361.7,325.3,2406.8,460.3,2384.2,460.3,0
548,59,player,1,619.7,311.5,666.9,446.8,643.3,446.8,0
548,60,player,0,227.9,302.4,280.7,443.3,254.3,443.3,0
548,62,player,1,405.3,305.4,448.8,437.5,427.0,437.5,0
549,-1,ball,-1,2259.6,730.0,2271.6,742.0,2265.6,736.0,0
549,4,player,1,2431.7,753.7,2503.9,968.2,2467.8,968.2,0
549,5,player,1,2796.1,955.2,2878.9,1200.9,2837.5,1200.9,0
549,12,player,1,2769.1,538.9,2847.4,719.5,2808.2,719.5,0
549,24,player,0,1883.5,932.8,1966.9,1171.7,1925.2,1171.7,0
549,27,player,0,2199.8,756.2,2284.0,984.0,2241.9,984.0,0
549,32,player,1,1937.9,547.5,2025.0,710.0,1981.4,710.0,0
549,33,player,1,1805.4,696.4,1868.6,888.4,1837.0,888.4,0
549,36,player,0,2010.8,444.5,2079.0,592.3,2044.9,592.3,0
549,40,player,0,1170.2,547.4,1231.9,725.6,1201.1,725.6,0
549,41,player,0,1054.9,980.6,1143.0,1237.5,1099.0,1237.5,0
549,50,player,0,576.5,669.5,695.3,863.5,635.9,863.5,0
549,52,player,0,2361.8,325.3,2406.8,460.2,2384.3,460.2,0
549,59,player,1,619.7,311.5,666.9,446.8,643.3,446.8,0
549,60,player,0,227.9,302.3,280.7,443.3,254.3,443.3,0
549,62,player,1,405.4,305.4,448.8,437.5,427.1,437.5,0
550,-1,ball,-1,2817.1,694.4,2829.1,706.4,2823.1,700.4,0
550,4,player,1,2429.2,755.6,2497.4,969.1,2463.3,969.1,0
550,5,player,1,2793.8,956.5,2879.3,1201.2,2836.6,1201.2,0
550,12,player,1,2774.3,538.8,2848.8,717.1,2811.6,717.1,1
550,24,player,0,1882.9,926.5,1964.5,1167.8,1923.7,1167.8,0
550,27,player,0,2198.8,753.9,2282.2,983.5,2240.5,983.5,0
550,32,player,1,1937.0,548.0,2017.2,711.6,1977.1,711.6,0
550,33,player,1,1803.2,694.4,1861.1,886.8,1832.2,886.8,0
550,36,player,0,2019.3,438.0,2073.9,590.5,2046.6,590.5,0
550,40,player,0,1158.0,548.0,1227.6,724.1,1192.8,724.1,0
550,41,player,0,1057.2,979.1,1147.2,1239.4,1102.2,1239.4,0
550,50,player,0,578.4,669.1,702.2,862.1,640.3,862.1,0
550,52,player,0,2370.8,324.8,2415.7,458.0,2393.2,458.0,0
550,59,player,1,626.1,306.3,672.8,447.4,649.4,447.4,0
550,60,player,0,232.6,300.5,289.8,443.6,261.2,443.6,0
550,62,player,1,414.0,303.2,456.1,437.0,435.0,437.0,0
551,-1,ball,-1,2817.0,694.4,2829.0,706.4,2823.0,700.4,0
551,4,player,1,2429.2,755.6,2497.4,969.1,2463.3,969.1,0
551,5,player,1,2793.8,956.4,2879.3,1201.2,2836.6,1201.2,0
551,12,player,1,2774.4,538.8,2848.7,717.0,2811.6,717.0,1
551,24,player,0,1883.0,926.5,1964.3,1167.8,1923.6,1167.8,0
551,27,player,0,2198.8,753.9,2282.2,983.2,2240.5,983.2,0
551,32,player,1,1937.0,548.1,2016.6,711.5,1976.8,711.5,0
551,33,player,1,1803.4,694.4,1861.0,886.7,1832.2,886.7,0
551,36,player,0,2019.4,437.9,2074.0,590.5,2046.7,590.5,0
551,40,player,0,1158.0,547.9,1227.6,724.1,1192.8,724.1,0
551,41,player,0,1057.3,979.1,1147.1,1239.4,1102.2,1239.4,0
551,50,player,0,578.4,669.1,702.1,862.1,640.2,862.1,0
551,52,player,0,2370.8,324.8,2415.7,458.0,2393.2,458.0,0
551,59,player,1,626.2,306.3,672.8,447.4,649.5,447.4,0
551,60,player,0,232.5,300.4,289.8,443.6,261.2,443.6,0
551,62,player,1,414.0,303.2,456.1,437.0,435.0,437.0,0
552,-1,ball,-1,588.5,834.9,600.5,846.9,594.5,840.9,0
552,4,player,1,2422.8,754.8,2493.4,968.9,2458.1,968.9,0
552,5,player,1,2791.6,959.4,2879.1,1203.8,2835.4,1203.8,0
552,12,player,1,2784.0,540.7,2849.1,712.1,2816.6,712.1,0
552,24,player,0,1884.5,921.1,1969.0,1167.2,1926.8,1167.2,0
552,27,player,0,2195.2,753.8,2281.4,984.8,2238.3,984.8,0
552,32,player,1,1936.2,547.1,2004.4,711.9,1970.3,711.9,0
552,33,player,1,1803.5,690.5,1859.7,884.4,1831.6,884.4,0
552,36,player,0,2026.9,435.0,2072.2,591.4,2049.6,591.4,0
552,40,player,0,1151.4,549.3,1223.8,726.9,1187.6,726.9,0
552,41,player,0,1060.7,978.7,1151.9,1236.8,1106.3,1236.8,0
552,50,player,0,577.1,670.5,709.4,861.4,643.2,861.4,1
552,52,player,0,2374.2,322.9,2421.5,457.6,2397.8,457.6,0
552,59,player,1,631.0,306.7,679.8,447.0,655.4,447.0,0
552,60,player,0,239.5,298.9,295.0,444.0,267.2,444.0,0
552,62,player,1,416.4,305.9,461.0,436.9,438.7,436.9,0
553,-1,ball,-1,588.5,834.8,600.5,846.8,594.5,840.8,0
553,4,player,1,2422.8,754.6,2493.4,968.8,2458.1,968.8,0
553,5,player,1,2791.5,959.4,2879.1,1203.9,2835.3,1203.9,0
553,12,player,1,2784.0,540.7,2849.1,712.1,2816.6,712.1,0
553,24,player,0,1884.5,921.1,1969.1,1167.2,1926.8,1167.2,0
553,27,player,0,2195.2,753.7,2281.3,984.7,2238.2,984.7,0
553,32,player,1,1936.2,547.1,2004.6,711.9,1970.4,711.9,0
553,33,player,1,1803.5,690.5,1859.6,884.4,1831.6,884.4,0
553,36,player,0,2026.9,434.9,2072.2,591.5,2049.6,591.5,0
553,40,player,0,1151.4,549.3,1223.8,726.9,1187.6,726.9,0
553,41,player,0,1060.8,978.7,1151.9,1236.9,1106.4,1236.9,0
553,50,player,0,576.8,670.5,709.4,861.3,643.1,861.3,1
553,52,player,0,2374.2,323.0,2421.5,457.6,2397.8,457.6,0
553,59,player,1,631.0,306.7,679.8,447.0,655.4,447.0,0
553,60,player,0,239.5,298.9,295.0,444.0,267.2,444.0,0
553,62,player,1,416.4,305.9,461.0,436.9,438.7,436.9,0
554,-1,ball,-1,590.4,834.5,602.4,846.5,596.4,840.5,0
554,4,player,1,2416.3,748.5,2487.8,969.7,2452.0,969.7,0
554,5,player,1,2788.5,961.1,2877.1,1203.6,2832.8,1203.6,0
554,12,player,1,2783.9,541.7,2849.4,712.5,2816.6,712.5,0
554,24,player,0,1882.6,915.3,1977.0,1164.0,1929.8,1164.0,0
554,27,player,0,2194.9,754.7,2279.9,976.0,2237.4,976.0,0
554,32,player,1,1933.9,543.5,1996.6,708.5,1965.2,708.5,0
554,33,player,1,1800.4,686.7,1859.6,886.7,1830.0,886.7,0
554,36,player,0,2030.7,432.5,2074.6,586.5,2052.6,586.5,0
554,40,player,0,1140.8,552.4,1218.4,727.1,1179.6,727.1,0
554,41,player,0,1063.4,978.4,1155.8,1237.6,1109.6,1237.6,0
554,50,player,0,577.8,671.1,716.6,861.5,647.2,861.5,1
554,52,player,0,2378.3,311.5,2430.3,455.6,2404.3,455.6,0
554,59,player,1,638.1,305.1,684.9,447.4,661.5,447.4,0
554,60,player,0,242.9,298.4,299.8,445.5,271.4,445.5,0
554,62,player,1,425.7,302.7,466.8,436.7,446.2,436.7,0
555,-1,ball,-1,590.4,834.5,602.4,846.5,596.4,840.5,0
555,4,player,1,2416.4,748.5,2487.8,969.6,2452.1,969.6,0
555,5,player,1,2788.4,961.1,2877.1,1203.6,2832.8,1203.6,0
555,12,player,1,2784.2,541.7,2849.4,712.4,2816.8,712.4,0
555,24,player,0,1882.6,915.3,1977.0,1164.0,1929.8,1164.0,0
555,27,player,0,2194.9,754.7,2279.9,976.1,2237.4,976.1,0
555,32,player,1,1933.9,543.5,1996.6,708.5,1965.2,708.5,0
555,33,player,1,1800.6,686.7,1859.5,886.7,1830.0,886.7,0
555,36,player,0,2030.7,432.5,2074.6,586.5,2052.6,586.5,0
555,40,player,0,1140.8,552.4,1218.4,727.1,1179.6,727.1,0
555,41,player,0,1063.4,978.4,1155.8,1237.7,1109.6,1237.7,0
555,50,player,0,577.8,671.1,716.6,861.5,647.2,861.5,1
555,52,player,0,2378.3,311.5,2430.3,455.6,2404.3,455.6,0
555,59,player,1,638.1,305.1,685.0,447.4,661.6,447.4,0
555,60,player,0,242.9,298.4,299.8,445.5,271.4,445.5,0
555,62,player,1,425.7,302.8,466.8,436.7,446.2,436.7,0
556,-1,ball,-1,590.4,834.5,602.4,846.5,596.4,840.5,0
556,4,player,1,2416.4,748.5,2487.7,969.6,2452.0,969.6,0
556,5,player,1,2788.2,961.1,2877.1,1203.6,2832.6,1203.6,0
556,12,player,1,2784.0,541.6,2849.5,712.5,2816.8,712.5,0
556,24,player,0,1882.5,915.3,1977.0,1163.9,1929.8,1163.9,0
556,27,player,0,2195.0,754.7,2279.9,976.4,2237.4,976.4,0
556,32,player,1,1933.9,543.5,1996.6,708.6,1965.2,708.6,0
556,33,player,1,1800.6,686.7,1859.5,886.1,1830.0,886.1,0
556,36,player,0,2030.6,432.4,2074.6,586.4,2052.6,586.4,0
556,40,player,0,1140.8,552.5,1218.4,727.1,1179.6,727.1,0
556,41,player,0,1063.3,978.4,1155.8,1237.7,1109.6,1237.7,0
556,50,player,0,577.8,671.1,716.6,861.5,647.2,861.5,1
556,52,player,0,2378.3,311.5,2430.3,455.6,2404.3,455.6,0
556,59,player,1,638.1,305.1,685.1,447.5,661.6,447.5,0
556,60,player,0,242.9,298.4,299.8,445.5,271.4,445.5,0
556,62,player,1,425.7,302.7,466.8,436.7,446.2,436.7,0
557,-1,ball,-1,1184.6,713.0,1196.6,725.0,1190.6,719.0,0
557,4,player,1,2413.2,743.5,2485.2,965.5,2449.2,965.5,0
557,5,player,1,2786.0,961.8,2877.5,1205.2,2831.8,1205.2,0
557,12,player,1,2788.1,542.4,2846.8,711.6,2817.4,711.6,0
557,24,player,0,1879.1,913.2,1980.4,1147.7,1929.8,1147.7,0
557,27,player,0,2195.1,756.3,2276.2,973.1,2235.6,973.1,0
557,32,player,1,1925.6,538.8,2000.7,706.7,1963.2,706.7,0
557,33,player,1,1795.8,682.9,1864.4,883.4,1830.1,883.4,0
557,36,player,0,2033.4,431.3,2078.7,585.6,2056.0,585.6,0
557,40,player,0,1129.0,553.2,1214.8,726.3,1171.9,726.3,1
557,41,player,0,1068.2,978.6,1162.1,1236.3,1115.2,1236.3,0
557,50,player,0,579.0,670.2,717.9,860.7,648.4,860.7,0
557,52,player,0,2384.8,315.4,2433.9,452.2,2409.4,452.2,0
557,59,player,1,643.5,307.5,690.5,446.7,667.0,446.7,0
557,60,player,0,250.5,302.7,304.2,443.5,277.4,443.5,0
557,62,player,1,426.7,304.4,473.0,437.5,449.8,437.5,0
558,-1,ball,-1,1184.6,713.1,1196.6,725.1,1190.6,719.1,0
558,4,player,1,2413.3,743.5,2485.1,965.5,2449.2,965.5,0
558,5,player,1,2786.0,961.7,2877.4,1205.3,2831.7,1205.3,0
558,12,player,1,2788.1,542.4,2846.8,711.5,2817.4,711.5,0
558,24,player,0,1879.1,913.2,1980.3,1147.7,1929.7,1147.7,0
558,27,player,0,2195.1,756.3,2276.2,973.1,2235.6,973.1,0
558,32,player,1,1925.5,538.8,2000.7,706.8,1963.1,706.8,0
558,33,player,1,1796.0,683.0,1863.9,883.3,1830.0,883.3,0
558,36,player,0,2033.4,431.4,2078.7,585.6,2056.0,585.6,0
558,40,player,0,1129.1,553.3,1214.9,726.3,1172.0,726.3,1
558,41,player,0,1068.3,978.5,1162.1,1236.4,1115.2,1236.4,0
558,50,player,0,579.1,670.3,717.9,860.7,648.5,860.7,0
558,52,player,0,2384.8,315.3,2433.9,452.0,2409.4,452.0,0
558,59,player,1,643.5,307.5,690.5,446.7,667.0,446.7,0
558,60,player,0,250.5,302.7,304.2,443.5,277.4,443.5,0
558,62,player,1,426.6,304.4,473.0,437.5,449.8,437.5,0
559,-1,ball,-1,1190.5,713.8,1202.5,725.8,1196.5,719.8,0
559,4,player,1,2409.0,737.5,2489.0,968.1,2449.0,968.1,0
559,5,player,1,2784.1,958.9,2873.3,1205.4,2828.7,1205.4,0
559,12,player,1,2793.1,539.2,2847.1,711.3,2820.1,711.3,0
559,24,player,0,1875.9,913.2,1980.4,1141.4,1928.2,1141.4,0
559,27,player,0,2189.7,756.8,2269.1,971.5,2229.4,971.5,0
559,32,player,1,1920.1,535.6,2005.1,709.3,1962.6,709.3,0
559,33,player,1,1794.5,682.2,1870.3,875.1,1832.4,875.1,0
559,36,player,0,2034.4,432.1,2080.5,583.6,2057.4,583.6,0
559,40,player,0,1122.1,554.9,1211.9,728.4,1167.0,728.4,1
559,41,player,0,1071.7,979.9,1165.9,1237.5,1118.8,1237.5,0
559,50,player,0,579.7,668.4,716.1,862.0,647.9,862.0,0
559,52,player,0,2391.9,317.0,2444.1,454.9,2418.0,454.9,0
559,59,player,1,649.1,307.5,696.0,447.1,672.6,447.1,0
559,60,player,0,255.8,299.5,310.4,443.0,283.1,443.0,0
559,62,player,1,435.2,304.7,478.8,436.4,457.0,436.4,0
560,-1,ball,-1,1190.5,713.8,1202.5,725.8,1196.5,719.8,0
560,4,player,1,2409.0,737.4,2488.9,968.0,2449.0,968.0,0
560,5,player,1,2784.2,958.9,2873.3,1205.4,2828.8,1205.4,0
560,12,player,1,2793.0,539.1,2847.1,711.4,2820.0,711.4,0
560,24,player,0,1875.9,913.2,1980.3,1141.4,1928.1,1141.4,0
560,27,player,0,2189.7,756.9,2269.0,971.5,2229.4,971.5,0
560,32,player,1,1920.1,535.6,2005.1,709.4,1962.6,709.4,0
560,33,player,1,1794.7,682.1,1870.3,875.1,1832.5,875.1,0
560,36,player,0,2034.4,431.9,2080.5,583.7,2057.4,583.7,0
560,40,player,0,1122.1,554.9,1211.9,728.4,1167.0,728.4,1
560,41,player,0,1071.7,980.0,1165.9,1237.5,1118.8,1237.5,0
560,50,player,0,579.7,668.4,716.1,862.0,647.9,862.0,0
560,52,player,0,2391.8,317.0,2444.1,454.9,2418.0,454.9,0
560,59,player,1,649.1,307.5,696.0,447.1,672.6,447.1,0
560,60,player,0,255.8,299.5,310.4,443.0,283.1,443.0,0
560,62,player,1,435.2,304.7,478.8,436.4,457.0,436.4,0
561,-1,ball,-1,1190.5,713.8,1202.5,725.8,1196.5,719.8,0
561,4,player,1,2409.0,737.4,2488.9,968.1,2449.0,968.1,0
561,5,player,1,2784.1,958.8,2873.3,1205.4,2828.7,1205.4,0
561,12,player,1,2793.0,539.1,2847.1,711.4,2820.0,711.4,0
561,24,player,0,1875.9,913.3,1980.3,1141.4,1928.1,1141.4,0
561,27,player,0,2189.7,756.9,2269.0,971.4,2229.4,971.4,0
561,32,player,1,1920.1,535.6,2005.1,709.3,1962.6,709.3,0
561,33,player,1,1794.4,682.2,1870.1,875.1,1832.2,875.1,0
561,36,player,0,2034.4,432.1,2080.5,583.6,2057.4,583.6,0
561,40,player,0,1122.1,554.9,1212.0,728.4,1167.0,728.4,1
561,41,player,0,1071.8,979.9,1165.9,1237.5,1118.8,1237.5,0
561,50,player,0,579.5,668.4,716.1,862.0,647.8,862.0,0
561,52,player,0,2391.9,317.0,2444.1,454.9,2418.0,454.9,0
561,59,player,1,649.1,307.6,696.0,447.1,672.6,447.1,0
561,60,player,0,255.8,299.5,310.4,443.0,283.1,443.0,0
561,62,player,1,435.2,304.7,478.8,436.3,457.0,436.3,0
562,-1,ball,-1,1016.6,746.2,1028.6,758.2,1022.6,752.2,0
562,4,player,1,2396.5,733.8,2493.2,964.6,2444.8,964.6,0
562,5,player,1,2778.0,951.6,2873.1,1206.3,2825.6,1206.3,0
562,12,player,1,2794.8,537.5,2851.4,711.4,2823.1,711.4,0
562,24,player,0,1869.4,914.2,1975.1,1144.0,1922.2,1144.0,0
562,27,player,0,2186.7,754.8,2262.9,971.5,2224.8,971.5,0
562,32,player,1,1915.1,533.9,2005.0,704.1,1960.0,704.1,0
562,33,player,1,1792.5,682.4,1870.6,872.2,1831.6,872.2,0
562,36,player,0,2033.4,432.2,2083.9,582.6,2058.6,582.6,0
562,40,player,0,1121.7,555.5,1214.1,728.1,1167.9,728.1,0
562,41,player,0,1076.2,979.7,1169.0,1236.8,1122.6,1236.8,0
562,50,player,0,592.7,667.1,711.4,857.2,652.0,857.2,0
562,52,player,0,2398.7,319.1,2449.1,456.2,2423.9,456.2,0
562,59,player,1,653.1,306.9,700.6,446.4,676.8,446.4,0
562,60,player,0,260.2,298.5,315.4,442.8,287.8,442.8,0
562,62,player,1,438.3,302.6,482.4,435.5,460.4,435.5,0
563,-1,ball,-1,842.8,778.6,854.8,790.6,848.8,784.6,0
563,4,player,1,2396.5,733.7,2493.2,964.7,2444.8,964.7,0
563,5,player,1,2778.0,951.5,2873.1,1206.3,2825.6,1206.3,0
563,12,player,1,2794.8,537.4,2851.7,711.4,2823.2,711.4,0
563,24,player,0,1869.5,914.2,1975.2,1144.0,1922.4,1144.0,0
563,27,player,0,2186.7,754.8,2263.0,971.5,2224.8,971.5,0
563,32,player,1,1915.1,534.0,2005.0,704.1,1960.0,704.1,0
563,33,player,1,1792.4,682.4,1870.8,872.2,1831.6,872.2,0
563,36,player,0,2033.4,432.2,2083.9,582.5,2058.6,582.5,0
563,40,player,0,1121.8,555.4,1214.1,728.1,1167.9,728.1,0
563,41,player,0,1076.2,979.6,1169.0,1236.8,1122.6,1236.8,0
563,50,player,0,592.7,667.0,711.4,857.8,652.0,857.8,0
563,52,player,0,2398.7,319.1,2449.1,456.2,2423.9,456.2,0
563,59,player,1,653.1,306.9,700.6,446.4,676.8,446.4,0
563,60,player,0,260.2,298.5,315.4,442.8,287.8,442.8,0
563,62,player,1,438.3,302.6,482.4,435.5,460.4,435.5,0
564,-1,ball,-1,669.0,811.0,681.0,823.0,675.0,817.0,0
564,4,player,1,2385.5,733.1,2495.1,957.5,2440.3,957.5,0
564,5,player,1,2772.0,946.5,2871.8,1205.3,2821.9,1205.3,0
564,12,player,1,2793.9,532.9,2857.8,710.6,2825.9,710.6,0
564,24,player,0,1862.2,917.4,1965.4,1144.5,1913.8,1144.5,0
564,27,player,0,2183.7,752.6,2256.5,971.1,2220.1,971.1,0
564,32,player,1,1908.4,533.5,2003.5,700.6,1956.0,700.6,0
564,33,player,1,1785.5,683.3,1868.7,874.8,1827.1,874.8,0
564,36,player,0,2031.1,434.8,2084.6,580.3,2057.8,580.3,0
564,40,player,0,1122.5,556.3,1213.7,727.1,1168.1,727.1,0
564,41,player,0,1079.2,979.2,1169.9,1234.8,1124.6,1234.8,0
564,50,player,0,602.2,665.4,698.1,853.0,650.2,853.0,1
564,52,player,0,2404.4,317.9,2455.2,454.6,2429.8,454.6,0
564,59,player,1,656.9,308.0,704.3,446.4,680.6,446.4,0
564,60,player,0,263.4,296.1,317.8,443.4,290.6,443.4,0
564,62,player,1,440.7,304.3,485.7,436.3,463.2,436.3,0
565,-1,ball,-1,669.0,811.0,681.0,823.0,675.0,817.0,0
565,4,player,1,2385.4,733.1,2495.4,957.5,2440.4,957.5,0
565,5,player,1,2772.1,946.6,2871.7,1205.3,2821.9,1205.3,0
565,12,player,1,2793.9,532.9,2857.6,710.6,2825.8,710.6,0
565,24,player,0,1862.2,917.4,1965.5,1144.5,1913.8,1144.5,0
565,27,player,0,2183.8,752.5,2256.5,971.1,2220.2,971.1,0
565,32,player,1,1908.4,533.5,2003.5,700.6,1956.0,700.6,0
565,33,player,1,1785.5,683.3,1868.8,874.8,1827.2,874.8,0
565,36,player,0,2031.2,434.7,2084.6,580.3,2057.9,580.3,0
565,40,player,0,1122.5,556.3,1213.7,727.0,1168.1,727.0,0
565,41,player,0,1079.1,979.2,1169.9,1234.8,1124.5,1234.8,0
565,50,player,0,602.2,665.4,698.0,853.0,650.1,853.0,1
565,52,player,0,2404.4,317.9,2455.2,454.7,2429.8,454.7,0
565,59,player,1,657.0,308.0,704.4,446.4,680.7,446.4,0
565,60,player,0,263.4,296.0,317.8,443.4,290.6,443.4,0
565,62,player,1,440.7,304.2,485.7,436.3,463.2,436.3,0
566,-1,ball,-1,692.8,805.4,704.8,817.4,698.8,811.4,0
566,4,player,1,2381.8,734.0,2494.2,952.7,2438.0,952.7,0
566,5,player,1,2766.1,941.8,2871.0,1202.2,2818.6,1202.2,0
566,12,player,1,2789.9,529.9,2857.4,710.3,2823.6,710.3,0
566,24,player,0,1854.6,915.2,1947.5,1144.2,1901.0,1144.2,0
566,27,player,0,2176.3,746.5,2252.2,971.7,2214.2,971.7,0
566,32,player,1,1902.2,536.2,1995.9,699.0,1949.0,699.0,0
566,33,player,1,1785.6,682.1,1863.1,876.0,1824.4,876.0,0
566,36,player,0,2024.1,434.5,2083.3,580.5,2053.7,580.5,0
566,40,player,0,1115.1,556.4,1205.3,721.1,1160.2,721.1,0
566,41,player,0,1079.5,976.3,1169.3,1235.7,1124.4,1235.7,0
566,50,player,0,599.9,663.6,676.2,850.8,638.0,850.8,1
566,52,player,0,2405.4,318.8,2455.3,455.0,2430.4,455.0,0
566,59,player,1,658.2,306.2,705.9,447.0,682.0,447.0,0
566,60,player,0,263.6,295.6,319.9,443.9,291.8,443.9,0
566,62,player,1,443.1,303.7,487.6,436.2,465.4,436.2,0
567,-1,ball,-1,692.7,805.4,704.7,817.4,698.7,811.4,0
567,4,player,1,2381.8,734.1,2494.2,952.7,2438.0,952.7,0
567,5,player,1,2766.1,941.8,2871.0,1202.2,2818.6,1202.2,0
567,12,player,1,2789.9,529.8,2857.4,710.3,2823.6,710.3,0
567,24,player,0,1854.6,915.2,1947.5,1144.2,1901.0,1144.2,0
567,27,player,0,2176.4,746.5,2252.2,971.8,2214.3,971.8,0
567,32,player,1,1902.2,536.2,1995.9,699.0,1949.0,699.0,0
567,33,player,1,1785.5,682.1,1863.3,876.1,1824.4,876.1,0
567,36,player,0,2024.1,434.4,2083.3,580.5,2053.7,580.5,0
567,40,player,0,1115.1,556.4,1205.3,721.1,1160.2,721.1,0
567,41,player,0,1079.5,976.4,1169.3,1235.7,1124.4,1235.7,0
567,50,player,0,599.9,663.5,676.3,850.8,638.1,850.8,1
567,52,player,0,2405.4,318.8,2455.3,455.0,2430.4,455.0,0
567,59,player,1,658.2,306.2,705.9,447.0,682.0,447.0,0
567,60,player,0,263.6,295.6,319.9,443.9,291.8,443.9,0
567,62,player,1,443.1,303.8,487.6,436.2,465.4,436.2,0
568,-1,ball,-1,692.6,805.4,704.6,817.4,698.6,811.4,0
568,4,player,1,2381.8,734.1,2494.3,952.7,2438.0,952.7,0
568,5,player,1,2766.2,941.9,2871.0,1202.2,2818.6,1202.2,0
568,12,player,1,2790.0,529.8,2857.4,710.3,2823.7,710.3,0
568,24,player,0,1854.6,915.2,1947.5,1144.2,1901.0,1144.2,0
568,27,player,0,2176.7,746.5,2252.1,971.8,2214.4,971.8,0
568,32,player,1,1902.2,536.2,1996.0,699.1,1949.1,699.1,0
568,33,player,1,1785.6,682.1,1863.5,876.1,1824.6,876.1,0
568,36,player,0,2024.1,434.4,2083.3,580.5,2053.7,580.5,0
568,40,player,0,1115.1,556.4,1205.3,721.1,1160.2,721.1,0
568,41,player,0,1079.5,976.5,1169.3,1235.8,1124.4,1235.8,0
568,50,player,0,599.9,663.5,676.4,850.8,638.2,850.8,1
568,52,player,0,2405.4,318.8,2455.3,455.1,2430.4,455.1,0
568,59,player,1,658.2,306.2,705.9,447.0,682.0,447.0,0
568,60,player,0,263.6,295.6,319.9,443.9,291.8,443.9,0
568,62,player,1,443.1,303.7,487.6,436.2,465.4,436.2,0
569,-1,ball,-1,714.8,798.2,726.8,810.2,720.8,804.2,0
569,4,player,1,2381.2,736.2,2483.9,952.0,2432.6,952.0,0
569,5,player,1,2757.0,938.2,2863.3,1200.4,2810.2,1200.4,0
569,12,player,1,2786.4,529.1,2856.0,703.8,2821.2,703.8,0
569,24,player,0,1843.4,911.0,1932.2,1142.6,1887.8,1142.6,0
569,27,player,0,2169.4,743.4,2249.2,970.8,2209.3,970.8,0
569,32,player,1,1891.1,537.4,1985.4,700.4,1938.2,700.4,0
569,33,player,1,1785.4,680.3,1857.3,874.8,1821.4,874.8,0
569,36,player,0,2019.9,433.2,2080.1,579.8,2050.0,579.8,0
569,40,player,0,1105.0,553.6,1192.5,719.1,1148.8,719.1,0
569,41,player,0,1076.2,975.5,1167.2,1232.5,1121.7,1232.5,0
569,50,player,0,593.9,660.8,668.3,849.4,631.1,849.4,1
569,52,player,0,2404.5,316.6,2459.5,454.5,2432.0,454.5,0
569,59,player,1,658.3,305.8,706.0,447.1,682.2,447.1,0
569,60,player,0,263.4,295.1,319.9,443.7,291.6,443.7,0
569,62,player,1,443.1,303.5,487.5,436.2,465.3,436.2,0
570,-1,ball,-1,714.8,798.2,726.8,810.2,720.8,804.2,0
570,4,player,1,2381.2,736.2,2484.1,951.9,2432.6,951.9,0
570,5,player,1,2757.0,938.3,2863.2,1200.3,2810.1,1200.3,0
570,12,player,1,2786.3,529.0,2856.0,703.8,2821.2,703.8,0
570,24,player,0,1843.4,910.9,1932.2,1142.6,1887.8,1142.6,0
570,27,player,0,2169.4,743.6,2249.1,970.8,2209.2,970.8,0
570,32,player,1,1890.9,537.7,1984.8,700.5,1937.8,700.5,0
570,33,player,1,1785.4,680.2,1857.6,874.9,1821.5,874.9,0
570,36,player,0,2020.0,433.2,2080.2,579.8,2050.1,579.8,0
570,40,player,0,1105.0,553.5,1192.5,719.1,1148.8,719.1,0
570,41,player,0,1076.2,975.6,1167.2,1232.5,1121.7,1232.5,0
570,50,player,0,593.9,660.8,668.6,849.3,631.2,849.3,1
570,52,player,0,2404.4,316.5,2459.6,454.4,2432.0,454.4,0
570,59,player,1,658.4,305.9,706.1,447.1,682.2,447.1,0
570,60,player,0,263.4,295.1,319.8,443.7,291.6,443.7,0
570,62,player,1,443.1,303.6,487.5,436.1,465.3,436.1,0
571,-1,ball,-1,735.8,790.4,747.8,802.4,741.8,796.4,0
571,4,player,1,2370.7,738.2,2470.8,952.6,2420.8,952.6,0
571,5,player,1,2748.3,938.9,2856.1,1191.6,2802.2,1191.6,0
571,12,player,1,2776.4,528.4,2851.3,699.9,2813.9,699.9,0
571,24,player,0,1832.7,903.3,1923.5,1141.4,1878.1,1141.4,0
571,27,player,0,2151.7,740.1,2247.2,968.4,2199.4,968.4,0
571,32,player,1,1874.5,538.8,1963.8,701.6,1919.2,701.6,0
571,33,player,1,1777.4,675.0,1851.7,877.5,1814.6,877.5,0
571,36,player,0,2016.4,433.5,2079.0,578.9,2047.7,578.9,0
571,40,player,0,1095.4,550.3,1171.9,717.8,1133.6,717.8,0
571,41,player,0,1072.6,973.1,1165.2,1227.3,1118.9,1227.3,0
571,50,player,0,588.2,656.9,659.0,849.0,623.6,849.0,0
571,52,player,0,2403.3,316.9,2462.8,453.5,2433.0,453.5,0
571,59,player,1,658.0,306.0,706.0,446.9,682.0,446.9,0
571,60,player,0,263.2,294.4,318.3,443.0,290.8,443.0,0
571,62,player,1,441.9,302.2,487.1,435.8,464.5,435.8,0
572,-1,ball,-1,735.8,790.3,747.8,802.3,741.8,796.3,0
572,4,player,1,2370.8,738.2,2470.8,952.6,2420.8,952.6,0
572,5,player,1,2748.3,938.9,2856.0,1191.8,2802.2,1191.8,0
572,12,player,1,2776.5,528.5,2851.3,699.8,2813.9,699.8,0
572,24,player,0,1832.7,903.3,1923.5,1141.5,1878.1,1141.5,0
572,27,player,0,2151.7,740.2,2247.2,968.4,2199.4,968.4,0
572,32,player,1,1874.4,538.8,1963.9,701.6,1919.2,701.6,0
572,33,player,1,1777.5,675.1,1851.7,877.4,1814.6,877.4,0
572,36,player,0,2016.4,433.4,2079.0,578.8,2047.7,578.8,0
572,40,player,0,1095.4,550.4,1171.9,717.8,1133.6,717.8,0
572,41,player,0,1072.6,973.3,1165.2,1227.5,1118.9,1227.5,0
572,50,player,0,588.2,656.9,658.9,849.1,623.6,849.1,0
572,52,player,0,2403.4,317.0,2462.8,453.5,2433.1,453.5,0
572,59,player,1,658.0,306.1,706.0,446.9,682.0,446.9,0
572,60,player,0,263.2,294.4,318.4,443.0,290.8,443.0,0
572,62,player,1,441.9,302.2,487.1,435.8,464.5,435.8,0
573,-1,ball,-1,735.8,790.3,747.8,802.3,741.8,796.3,0
573,4,player,1,2370.8,738.2,2470.8,952.6,2420.8,952.6,0
573,5,player,1,2748.3,938.9,2856.1,1191.6,2802.2,1191.6,0
573,12,player,1,2776.5,528.5,2851.1,699.8,2813.8,699.8,0
573,24,player,0,1832.7,903.3,1923.4,1141.5,1878.0,1141.5,0
573,27,player,0,2151.8,740.1,2247.3,968.4,2199.6,968.4,0
573,32,player,1,1874.5,538.8,1963.9,701.6,1919.2,701.6,0
573,33,player,1,1777.4,675.1,1851.7,877.4,1814.6,877.4,0
573,36,player,0,2016.4,433.4,2079.1,578.8,2047.8,578.8,0
573,40,player,0,1095.4,550.4,1171.9,717.7,1133.6,717.7,0
573,41,player,0,1072.7,973.3,1165.3,1227.4,1119.0,1227.4,0
573,50,player,0,588.2,656.9,659.0,849.1,623.6,849.1,0
573,52,player,0,2403.3,316.9,2462.8,453.5,2433.0,453.5,0
573,59,player,1,658.0,306.0,706.0,446.9,682.0,446.9,0
573,60,player,0,263.2,294.4,318.4,443.0,290.8,443.0,0
573,62,player,1,441.9,302.3,487.1,435.8,464.5,435.8,0
574,-1,ball,-1,756.3,784.5,768.3,796.5,762.3,790.5,0
574,4,player,1,2361.1,735.5,2450.6,952.9,2405.8,952.9,0
574,5,player,1,2741.2,941.8,2843.6,1192.4,2792.4,1192.4,0
574,12,player,1,2767.5,529.8,2843.3,699.1,2805.4,699.1,0
574,24,player,0,1823.6,898.4,1919.6,1136.8,1871.6,1136.8,0
574,27,player,0,2139.1,740.6,2243.3,962.2,2191.2,962.2,0
574,32,player,1,1853.5,540.2,1943.2,701.1,1898.4,701.1,0
574,33,player,1,1775.4,671.3,1845.6,874.6,1810.5,874.6,0
574,36,player,0,2012.5,431.7,2078.4,579.1,2045.4,579.1,0
574,40,player,0,1088.8,548.2,1160.5,716.3,1124.6,716.3,0
574,41,player,0,1068.4,969.4,1162.0,1220.2,1115.2,1220.2,0
574,50,player,0,583.6,653.6,653.9,848.2,618.8,848.2,0
574,52,player,0,2402.1,317.4,2462.0,453.5,2432.0,453.5,0
574,59,player,1,657.4,304.8,705.5,446.7,681.4,446.7,0
574,60,player,0,262.7,294.3,318.1,443.1,290.4,443.1,0
574,62,player,1,441.1,302.6,486.6,435.6,463.8,435.6,0
575,-1,ball,-1,756.2,784.4,768.2,796.4,762.2,790.4,0
575,4,player,1,2361.1,735.4,2450.6,952.8,2405.8,952.8,0
575,5,player,1,2741.3,941.8,2843.6,1192.3,2792.4,1192.3,0
575,12,player,1,2767.4,529.8,2843.2,699.1,2805.3,699.1,0
575,24,player,0,1823.6,898.4,1919.6,1136.8,1871.6,1136.8,0
575,27,player,0,2139.1,740.6,2243.3,962.2,2191.2,962.2,0
575,32,player,1,1853.5,540.2,1943.2,701.1,1898.4,701.1,0
575,33,player,1,1775.4,671.4,1845.6,874.6,1810.5,874.6,0
575,36,player,0,2012.5,431.7,2078.4,579.1,2045.4,579.1,0
575,40,player,0,1088.8,548.2,1160.5,716.4,1124.6,716.4,0
575,41,player,0,1068.4,969.4,1162.0,1220.1,1115.2,1220.1,0
575,50,player,0,583.6,653.5,653.9,848.2,618.8,848.2,0
575,52,player,0,2402.1,317.4,2462.0,453.4,2432.0,453.4,0
575,59,player,1,657.4,304.8,705.5,446.7,681.4,446.7,0
575,60,player,0,262.7,294.3,318.1,443.1,290.4,443.1,0
575,62,player,1,441.1,302.6,486.6,435.6,463.8,435.6,0
576,-1,ball,-1,756.3,784.4,768.3,796.4,762.3,790.4,0
576,4,player,1,2361.0,735.4,2450.6,952.9,2405.8,952.9,0
576,5,player,1,2741.2,941.8,2843.6,1192.4,2792.4,1192.4,0
576,12,player,1,2767.4,529.7,2843.3,699.1,2805.4,699.1,0
576,24,player,0,1823.6,898.4,1919.7,1136.8,1871.6,1136.8,0
576,27,player,0,2139.1,740.6,2243.3,962.2,2191.2,962.2,0
576,32,player,1,1853.6,540.1,1943.2,701.1,1898.4,701.1,0
576,33,player,1,1775.4,671.4,1845.5,874.6,1810.4,874.6,0
576,36,player,0,2012.4,431.7,2078.3,579.2,2045.4,579.2,0
576,40,player,0,1088.9,548.2,1160.5,716.4,1124.7,716.4,0
576,41,player,0,1068.4,969.4,1162.1,1220.2,1115.2,1220.2,0
576,50,player,0,583.5,653.5,654.0,848.3,618.8,848.3,0
576,52,player,0,2402.1,317.4,2462.0,453.3,2432.0,453.3,0
576,59,player,1,657.4,304.8,705.5,446.7,681.4,446.7,0
576,60,player,0,262.8,294.3,318.1,443.0,290.5,443.0,0
576,62,player,1,441.1,302.6,486.6,435.6,463.8,435.6,0
577,-1,ball,-1,777.1,778.2,789.1,790.2,783.1,784.2,0
577,4,player,1,2356.5,728.7,2437.0,951.0,2396.8,951.0,0
577,5,player,1,2732.4,945.3,2823.0,1186.2,2777.7,1186.2,0
577,12,player,1,2759.3,529.9,2831.3,699.8,2795.3,699.8,0
577,24,player,0,1805.3,894.5,1907.7,1129.3,1856.5,1129.3,0
577,27,player,0,2135.6,740.8,2236.9,959.3,2186.2,959.3,0
577,32,player,1,1840.0,538.6,1940.5,700.3,1890.2,700.3,0
577,33,player,1,1771.3,668.4,1838.6,869.6,1805.0,869.6,0
577,36,player,0,2005.2,431.8,2073.9,577.7,2039.6,577.7,0
577,40,player,0,1074.8,549.1,1153.3,713.4,1114.0,713.4,0
577,41,player,0,1064.1,966.4,1159.4,1219.6,1111.8,1219.6,0
577,50,player,0,578.4,649.4,649.4,847.7,613.9,847.7,0
577,52,player,0,2401.9,316.5,2463.5,453.4,2432.7,453.4,0
577,59,player,1,657.2,305.6,705.0,446.5,681.1,446.5,0
577,60,player,0,262.7,293.7,316.6,442.9,289.6,442.9,0
577,62,player,1,440.2,302.8,486.3,435.5,463.2,435.5,0
578,-1,ball,-1,796.7,773.1,808.7,785.1,802.7,779.1,0
578,4,player,1,2350.1,722.1,2430.1,950.6,2390.1,950.6,0
578,5,player,1,2722.6,946.4,2799.9,1186.9,2761.2,1186.9,0
578,12,player,1,2749.2,530.9,2824.7,700.1,2787.0,700.1,0
578,24,player,0,1797.7,891.6,1896.6,1119.2,1847.2,1119.2,0
578,27,player,0,2126.2,744.4,2225.7,960.2,2176.0,960.2,0
578,32,player,1,1828.1,537.9,1939.0,697.3,1883.6,697.3,0
578,33,player,1,1763.7,667.7,1832.8,864.5,1798.2,864.5,0
578,36,player,0,1995.7,431.5,2070.9,578.6,2033.3,578.6,0
578,40,player,0,1059.5,551.4,1145.5,712.7,1102.5,712.7,0
578,41,player,0,1060.0,963.5,1157.1,1220.0,1108.6,1220.0,0
578,50,player,0,576.2,648.2,643.5,846.4,609.8,846.4,0
578,52,player,0,2401.5,316.7,2459.5,454.2,2430.5,454.2,0
578,59,player,1,657.0,305.9,704.9,446.5,681.0,446.5,0
578,60,player,0,262.4,294.0,316.1,442.9,289.2,442.9,0
578,62,player,1,439.6,302.6,486.0,435.6,462.8,435.6,0
579,-1,ball,-1,796.8,773.1,808.8,785.1,802.8,779.1,0
579,4,player,1,2350.1,722.3,2430.0,950.6,2390.0,950.6,0
579,5,player,1,2722.7,946.5,2799.8,1186.8,2761.2,1186.8,0
579,12,player,1,2748.9,530.9,2824.8,700.1,2786.9,700.1,0
579,24,player,0,1797.7,891.6,1896.6,1119.2,1847.2,1119.2,0
579,27,player,0,2126.2,744.4,2225.6,960.3,2175.9,960.3,0
579,32,player,1,1828.1,537.9,1939.1,697.4,1883.6,697.4,0
579,33,player,1,1763.7,667.6,1832.8,864.5,1798.2,864.5,0
579,36,player,0,1995.6,431.5,2070.9,578.5,2033.2,578.5,0
579,40,player,0,1059.5,551.4,1145.5,712.5,1102.5,712.5,0
579,41,player,0,1060.0,963.5,1157.1,1219.9,1108.6,1219.9,0
579,50,player,0,576.2,648.2,643.5,846.4,609.8,846.4,0
579,52,player,0,2401.6,316.7,2459.4,454.0,2430.5,454.0,0
579,59,player,1,657.0,305.9,704.8,446.5,680.9,446.5,0
579,60,player,0,262.4,294.0,316.1,443.0,289.2,443.0,0
579,62,player,1,439.6,302.6,486.0,435.5,462.8,435.5,0
580,-1,ball,-1,796.7,773.2,808.7,785.2,802.7,779.2,0
580,4,player,1,2350.1,722.3,2429.9,950.6,2390.0,950.6,0
580,5,player,1,2722.6,946.4,2799.8,1186.8,2761.2,1186.8,0
580,12,player,1,2748.9,530.9,2824.8,700.0,2786.9,700.0,0
580,24,player,0,1797.7,891.6,1896.6,1119.2,1847.2,1119.2,0
580,27,player,0,2126.2,744.4,2225.7,960.2,2176.0,960.2,0
580,32,player,1,1828.1,537.9,1939.2,697.4,1883.6,697.4,0
580,33,player,1,1763.7,667.6,1832.8,864.6,1798.2,864.6,0
580,36,player,0,1995.6,431.5,2070.9,578.5,2033.2,578.5,0
580,40,player,0,1059.5,551.4,1145.5,712.6,1102.5,712.6,0
580,41,player,0,1059.9,963.5,1157.1,1219.9,1108.5,1219.9,0
580,50,player,0,576.2,648.2,643.5,846.4,609.8,846.4,0
580,52,player,0,2401.5,316.7,2459.5,454.0,2430.5,454.0,0
580,59,player,1,657.0,305.8,704.8,446.5,680.9,446.5,0
580,60,player,0,262.4,294.0,316.1,443.0,289.2,443.0,0
580,62,player,1,439.6,302.6,486.0,435.5,462.8,435.5,0
581,-1,ball,-1,796.7,773.2,808.7,785.2,802.7,779.2,0
581,4,player,1,2350.1,722.3,2429.8,950.6,2390.0,950.6,0
581,5,player,1,2722.6,946.4,2799.8,1186.8,2761.2,1186.8,0
581,12,player,1,2749.0,530.9,2824.8,700.1,2786.9,700.1,0
581,24,player,0,1797.7,891.6,1896.6,1119.2,1847.2,1119.2,0
581,27,player,0,2126.3,744.4,2225.2,960.2,2175.8,960.2,0
581,32,player,1,1828.2,537.9,1936.8,697.3,1882.5,697.3,0
581,33,player,1,1763.7,667.6,1832.8,864.5,1798.2,864.5,0
581,36,player,0,1995.7,431.5,2070.9,578.5,2033.3,578.5,0
581,40,player,0,1059.5,551.4,1145.5,712.7,1102.5,712.7,0
581,41,player,0,1059.9,963.5,1157.1,1219.9,1108.5,1219.9,0
581,50,player,0,576.2,648.2,643.5,846.4,609.8,846.4,0
581,52,player,0,2401.5,316.7,2459.6,454.0,2430.6,454.0,0
581,59,player,1,657.0,305.8,704.8,446.5,680.9,446.5,0
581,60,player,0,262.4,294.0,316.1,443.0,289.2,443.0,0
581,62,player,1,439.6,302.6,486.0,435.5,462.8,435.5,0
582,-1,ball,-1,813.8,769.0,825.8,781.0,819.8,775.0,0
582,4,player,1,2343.7,718.2,2421.4,951.2,2382.6,951.2,0
582,5,player,1,2708.6,944.5,2782.7,1186.3,2745.6,1186.3,0
582,12,player,1,2741.6,530.2,2823.3,698.2,2782.4,698.2,0
582,24,player,0,1787.3,892.6,1881.7,1116.2,1834.5,1116.2,0
582,27,player,0,2118.6,745.4,2210.0,960.1,2164.3,960.1,0
582,32,player,1,1817.7,537.2,1927.1,696.0,1872.4,696.0,0
582,33,player,1,1756.6,668.4,1825.3,865.2,1791.0,865.2,0
582,36,player,0,1988.6,431.2,2064.9,577.0,2026.8,577.0,0
582,40,player,0,1036.8,553.3,1135.6,716.7,1086.2,716.7,0
582,41,player,0,1058.8,962.8,1155.0,1220.5,1106.9,1220.5,0
582,50,player,0,572.5,647.0,639.0,839.8,605.8,839.8,0
582,52,player,0,2402.1,318.2,2457.7,453.5,2429.9,453.5,0
582,59,player,1,656.8,307.7,704.4,446.9,680.6,446.9,0
582,60,player,0,261.1,296.5,315.5,443.3,288.3,443.3,0
582,62,player,1,439.5,302.2,485.2,436.3,462.4,436.3,0
583,-1,ball,-1,813.9,768.9,825.9,780.9,819.9,774.9,0
583,4,player,1,2343.7,717.9,2421.5,951.1,2382.6,951.1,0
583,5,player,1,2708.6,944.5,2782.7,1186.3,2745.6,1186.3,0
583,12,player,1,2741.6,530.2,2823.4,698.3,2782.5,698.3,0
583,24,player,0,1787.3,892.6,1881.7,1116.2,1834.5,1116.2,0
583,27,player,0,2118.7,745.4,2209.8,960.2,2164.2,960.2,0
583,32,player,1,1817.7,537.2,1927.1,696.0,1872.4,696.0,0
583,33,player,1,1756.7,668.4,1825.3,865.0,1791.0,865.0,0
583,36,player,0,1988.7,431.2,2064.7,576.8,2026.7,576.8,0
583,40,player,0,1037.0,553.3,1135.5,716.8,1086.2,716.8,0
583,41,player,0,1058.8,962.8,1154.8,1220.4,1106.8,1220.4,0
583,50,player,0,572.5,647.1,638.7,839.8,605.6,839.8,0
583,52,player,0,2402.1,318.2,2457.8,453.8,2430.0,453.8,0
583,59,player,1,656.8,307.8,704.5,447.0,680.6,447.0,0
583,60,player,0,261.1,296.5,315.5,443.3,288.3,443.3,0
583,62,player,1,439.5,302.2,485.2,436.3,462.4,436.3,0
584,-1,ball,-1,831.8,763.6,843.8,775.6,837.8,769.6,0
584,4,player,1,2334.8,718.8,2411.5,947.0,2373.2,947.0,0
584,5,player,1,2691.1,937.9,2783.5,1186.6,2737.3,1186.6,0
584,12,player,1,2737.8,529.0,2819.9,697.8,2778.9,697.8,0
584,24,player,0,1775.1,894.0,1862.6,1118.6,1818.8,1118.6,0
584,27,player,0,2114.9,743.7,2200.3,962.7,2157.6,962.7,0
584,32,player,1,1808.4,537.7,1918.2,696.3,1863.3,696.3,0
584,33,player,1,1752.1,671.2,1818.7,862.4,1785.4,862.4,0
584,36,player,0,1984.0,429.9,2056.6,576.3,2020.3,576.3,0
584,40,player,0,1023.4,557.8,1125.5,718.2,1074.4,718.2,0
584,41,player,0,1055.4,963.4,1154.1,1222.1,1104.8,1222.1,0
584,50,player,0,569.9,647.1,634.4,840.0,602.2,840.0,0
584,52,player,0,2401.7,317.2,2454.1,453.8,2427.9,453.8,0
584,59,player,1,654.3,307.6,703.6,447.7,679.0,447.7,0
584,60,player,0,258.9,297.0,315.9,443.8,287.4,443.8,0
584,62,player,1,439.5,304.2,483.7,436.6,461.6,436.6,0
585,-1,ball,-1,831.9,763.4,843.9,775.4,837.9,769.4,0
585,4,player,1,2334.8,718.8,2411.5,947.1,2373.2,947.1,0
585,5,player,1,2691.1,937.9,2783.6,1186.6,2737.4,1186.6,0
585,12,player,1,2737.9,529.0,2819.9,697.9,2778.9,697.9,0
585,24,player,0,1775.1,894.0,1862.5,1118.7,1818.8,1118.7,0
585,27,player,0,2114.7,743.7,2200.3,962.7,2157.5,962.7,0
585,32,player,1,1808.1,537.6,1918.3,696.5,1863.2,696.5,0
585,33,player,1,1752.0,671.2,1818.7,862.5,1785.4,862.5,0
585,36,player,0,1984.0,429.9,2056.6,576.5,2020.3,576.5,0
585,40,player,0,1023.5,557.8,1125.5,718.2,1074.5,718.2,0
585,41,player,0,1055.4,963.5,1154.0,1222.0,1104.7,1222.0,0
585,50,player,0,569.9,647.0,634.5,840.0,602.2,840.0,0
585,52,player,0,2401.8,317.2,2454.1,453.8,2428.0,453.8,0
585,59,player,1,654.3,307.7,703.6,447.7,679.0,447.7,0
585,60,player,0,258.9,297.0,315.9,443.8,287.4,443.8,0
585,62,player,1,439.5,304.2,483.7,436.6,461.6,436.6,0
586,-1,ball,-1,847.6,758.8,859.6,770.8,853.6,764.8,0
586,4,player,1,2324.0,719.4,2399.9,943.9,2362.0,943.9,0
586,5,player,1,2680.8,933.5,2781.3,1187.7,2731.0,1187.7,0
586,12,player,1,2729.4,527.1,2812.2,698.1,2770.8,698.1,0
586,24,player,0,1764.3,893.7,1845.8,1120.8,1805.0,1120.8,0
586,27,player,0,2108.3,740.6,2191.8,962.8,2150.0,962.8,0
586,32,player,1,1799.8,540.6,1890.9,696.4,1845.4,696.4,0
586,33,player,1,1745.2,673.1,1811.5,863.7,1778.4,863.7,0
586,36,player,0,1977.6,426.2,2046.0,576.3,2011.8,576.3,0
586,40,player,0,1022.0,560.8,1114.3,719.9,1068.2,719.9,0
586,41,player,0,1055.3,964.5,1152.0,1223.2,1103.6,1223.2,0
586,50,player,0,566.2,649.1,631.3,839.8,598.8,839.8,0
586,52,player,0,2399.4,317.8,2452.6,452.5,2426.0,452.5,0
586,59,player,1,653.9,306.9,701.0,449.7,677.4,449.7,0
586,60,player,0,257.5,301.2,314.7,445.5,286.1,445.5,0
586,62,player,1,438.5,305.0,482.3,438.6,460.4,438.6,0
587,-1,ball,-1,847.6,758.8,859.6,770.8,853.6,764.8,0
587,4,player,1,2324.0,719.4,2399.8,943.9,2361.9,943.9,0
587,5,player,1,2680.9,933.5,2781.3,1187.8,2731.1,1187.8,0
587,12,player,1,2729.4,527.1,2812.2,698.1,2770.8,698.1,0
587,24,player,0,1764.4,893.7,1845.8,1120.8,1805.1,1120.8,0
587,27,player,0,2108.3,740.6,2191.8,962.2,2150.0,962.2,0
587,32,player,1,1799.9,540.7,1892.1,696.4,1846.0,696.4,0
587,33,player,1,1745.2,673.1,1811.5,863.7,1778.4,863.7,0
587,36,player,0,1977.7,426.2,2046.0,576.3,2011.8,576.3,0
587,40,player,0,1022.0,560.7,1114.2,719.8,1068.1,719.8,0
587,41,player,0,1055.3,964.5,1152.0,1223.1,1103.6,1223.1,0
587,50,player,0,566.2,649.0,631.3,839.8,598.8,839.8,0
587,52,player,0,2399.5,317.8,2452.6,452.5,2426.0,452.5,0
587,59,player,1,653.9,307.1,701.0,449.7,677.4,449.7,0
587,60,player,0,257.5,301.2,314.8,445.5,286.2,445.5,0
587,62,player,1,438.5,305.0,482.2,438.6,460.4,438.6,0
587,64,player,1,1800.0,541.6,1859.2,695.7,1829.6,695.7,0
588,-1,ball,-1,865.4,754.4,877.4,766.4,871.4,760.4,0
588,4,player,1,2314.4,722.8,2390.9,938.2,2352.6,938.2,0
588,5,player,1,2668.5,927.8,2780.3,1186.8,2724.4,1186.8,0
588,12,player,1,2721.4,527.8,2804.2,691.6,2762.8,691.6,0
588,24,player,0,1755.6,888.1,1834.3,1119.8,1795.0,1119.8,0
588,27,player,0,2099.7,736.5,2183.0,960.6,2141.4,960.6,0
588,32,player,1,1790.6,540.9,1867.8,697.0,1829.2,697.0,0
588,33,player,1,1735.2,672.7,1802.3,864.0,1768.8,864.0,0
588,36,player,0,1975.9,422.1,2034.8,574.7,2005.4,574.7,0
588,40,player,0,1019.1,562.1,1101.4,719.7,1060.2,719.7,0
588,41,player,0,1054.7,965.6,1148.7,1223.6,1101.7,1223.6,0
588,50,player,0,563.0,650.4,627.2,838.3,595.1,838.3,0
588,52,player,0,2398.2,316.5,2453.3,453.3,2425.8,453.3,0
588,59,player,1,653.2,307.4,699.4,449.8,676.3,449.8,0
588,60,player,0,255.8,301.8,313.5,446.3,284.6,446.3,0
588,62,player,1,437.5,306.3,481.4,441.3,459.4,441.3,0
589,-1,ball,-1,865.4,754.4,877.4,766.4,871.4,760.4,0
589,4,player,1,2314.5,722.8,2390.9,938.1,2352.7,938.1,0
589,5,player,1,2668.5,927.7,2780.3,1186.7,2724.4,1186.7,0
589,12,player,1,2721.4,527.8,2804.1,691.6,2762.8,691.6,0
589,24,player,0,1755.5,888.1,1834.2,1119.8,1794.8,1119.8,0
589,27,player,0,2099.7,736.5,2183.4,960.7,2141.6,960.7,0
589,32,player,1,1790.6,540.9,1867.8,696.9,1829.2,696.9,0
589,33,player,1,1735.2,672.7,1802.2,864.2,1768.7,864.2,0
589,36,player,0,1975.9,422.1,2034.7,574.7,2005.3,574.7,0
589,40,player,0,1019.1,562.1,1101.4,719.7,1060.2,719.7,0
589,41,player,0,1055.6,965.9,1149.0,1223.4,1102.3,1223.4,0
589,50,player,0,563.0,650.4,627.2,838.2,595.1,838.2,0
589,52,player,0,2398.1,316.5,2453.3,453.3,2425.7,453.3,0
589,59,player,1,653.3,307.4,699.4,449.8,676.3,449.8,0
589,60,player,0,255.8,301.8,313.5,446.3,284.6,446.3,0
589,62,player,1,437.5,306.3,481.3,441.3,459.4,441.3,0
590,-1,ball,-1,878.0,750.0,890.0,762.0,884.0,756.0,0
590,4,player,1,2304.3,726.2,2378.2,938.0,2341.2,938.0,0
590,5,player,1,2646.4,925.1,2770.4,1179.6,2708.4,1179.6,0
590,12,player,1,2714.2,526.8,2787.9,688.4,2751.0,688.4,0
590,24,player,0,1742.0,883.7,1828.1,1118.6,1785.0,1118.6,0
590,27,player,0,2089.9,732.6,2173.0,961.0,2131.4,961.0,0
590,32,player,1,1770.7,542.6,1843.2,697.0,1807.0,697.0,0
590,33,player,1,1728.4,670.5,1792.4,862.5,1760.4,862.5,0
590,36,player,0,1970.5,420.6,2025.7,573.7,1998.1,573.7,0
590,40,player,0,1013.2,561.5,1090.9,719.9,1052.1,719.9,0
590,41,player,0,1050.0,966.5,1147.3,1223.4,1098.6,1223.4,0
590,50,player,0,559.0,650.7,623.4,841.4,591.2,841.4,0
590,52,player,0,2398.0,316.1,2450.3,453.2,2424.2,453.2,0
590,59,player,1,651.9,307.6,698.2,450.2,675.0,450.2,0
590,60,player,0,253.0,302.9,310.6,447.1,281.8,447.1,0
590,62,player,1,433.8,308.2,480.3,441.5,457.0,441.5,0
591,-1,ball,-1,878.0,750.0,890.0,762.0,884.0,756.0,0
591,4,player,1,2304.3,726.2,2378.2,938.0,2341.2,938.0,0
591,5,player,1,2646.4,925.2,2770.3,1179.6,2708.4,1179.6,0
591,12,player,1,2714.2,526.9,2787.9,688.4,2751.0,688.4,0
591,24,player,0,1742.1,883.7,1828.1,1118.6,1785.1,1118.6,0
591,27,player,0,2089.9,732.6,2172.9,961.0,2131.4,961.0,0
591,32,player,1,1770.7,542.6,1843.3,697.0,1807.0,697.0,0
591,33,player,1,1728.4,670.5,1792.4,862.5,1760.4,862.5,0
591,36,player,0,1970.6,420.7,2025.7,573.7,1998.2,573.7,0
591,40,player,0,1013.2,561.5,1090.9,720.0,1052.1,720.0,0
591,41,player,0,1050.0,966.7,1147.3,1223.4,1098.6,1223.4,0
591,50,player,0,559.0,650.7,623.4,841.3,591.2,841.3,0
591,52,player,0,2398.0,316.1,2450.3,453.2,2424.2,453.2,0
591,59,player,1,651.9,307.7,698.2,450.2,675.0,450.2,0
591,60,player,0,253.0,303.0,310.6,447.0,281.8,447.0,0
591,62,player,1,433.8,308.1,480.3,441.6,457.0,441.6,0
592,-1,ball,-1,878.0,750.0,890.0,762.0,884.0,756.0,0
592,4,player,1,2304.2,726.2,2378.2,938.0,2341.2,938.0,0
592,5,player,1,2646.4,925.2,2770.3,1179.6,2708.4,1179.6,0
592,12,player,1,2714.2,526.9,2788.1,688.5,2751.1,688.5,0
592,24,player,0,1742.0,883.7,1828.1,1118.6,1785.0,1118.6,0
592,27,player,0,2089.9,732.6,2172.9,961.0,2131.4,961.0,0
592,32,player,1,1770.7,542.7,1843.3,697.0,1807.0,697.0,0
592,33,player,1,1728.4,670.5,1792.4,862.5,1760.4,862.5,0
592,36,player,0,1970.5,420.7,2025.7,573.6,1998.1,573.6,0
592,40,player,0,1013.2,561.5,1090.9,720.0,1052.1,720.0,0
592,41,player,0,1050.0,966.6,1147.3,1223.4,1098.6,1223.4,0
592,50,player,0,559.1,650.7,623.4,841.2,591.2,841.2,0
592,52,player,0,2398.0,316.1,2450.3,453.3,2424.2,453.3,0
592,59,player,1,651.9,307.7,698.2,450.2,675.0,450.2,0
592,60,player,0,253.0,303.0,310.6,447.0,281.8,447.0,0
592,62,player,1,433.8,308.1,480.3,441.6,457.0,441.6,0
593,-1,ball,-1,890.6,747.0,902.6,759.0,896.6,753.0,0
593,4,player,1,2291.4,729.0,2365.8,936.5,2328.6,936.5,0
593,5,player,1,2631.8,925.2,2763.5,1171.3,2697.6,1171.3,0
593,12,player,1,2705.9,525.3,2771.3,688.4,2738.6,688.4,0
593,24,player,0,1729.7,877.4,1824.1,1119.1,1776.9,1119.1,0
593,27,player,0,2078.4,732.5,2163.8,962.3,2121.1,962.3,0
593,32,player,1,1753.2,542.5,1839.5,698.0,1796.4,698.0,0
593,33,player,1,1717.3,666.8,1782.8,862.4,1750.0,862.4,0
593,36,player,0,1966.0,418.2,2015.4,574.0,1990.7,574.0,0
593,40,player,0,1007.8,560.0,1081.9,720.1,1044.8,720.1,0
593,41,player,0,1047.9,967.6,1145.2,1223.9,1096.6,1223.9,0
593,50,player,0,553.8,649.2,618.8,841.7,586.3,841.7,0
593,52,player,0,2394.4,318.8,2448.0,453.3,2421.2,453.3,0
593,59,player,1,650.4,311.3,695.4,450.4,672.9,450.4,0
593,60,player,0,250.4,305.3,307.8,448.0,279.1,448.0,0
593,62,player,1,431.1,308.6,477.5,442.3,454.3,442.3,0
594,-1,ball,-1,890.7,747.0,902.7,759.0,896.7,753.0,0
594,4,player,1,2291.5,729.0,2365.8,936.5,2328.6,936.5,0
594,5,player,1,2631.8,925.2,2763.5,1171.3,2697.6,1171.3,0
594,12,player,1,2705.9,525.2,2771.4,688.5,2738.6,688.5,0
594,24,player,0,1729.7,877.4,1824.2,1119.0,1777.0,1119.0,0
594,27,player,0,2078.4,732.5,2163.9,962.3,2121.2,962.3,0
594,32,player,1,1753.2,542.4,1839.5,698.1,1796.4,698.1,0
594,33,player,1,1717.3,666.8,1782.7,862.4,1750.0,862.4,0
594,36,player,0,1966.0,418.2,2015.4,574.0,1990.7,574.0,0
594,40,player,0,1007.9,560.0,1082.0,720.1,1045.0,720.1,0
594,41,player,0,1047.8,967.6,1145.3,1224.0,1096.6,1224.0,0
594,50,player,0,553.8,649.3,618.9,841.7,586.3,841.7,0
594,52,player,0,2394.4,318.8,2448.0,453.3,2421.2,453.3,0
594,59,player,1,650.4,311.4,695.4,450.4,672.9,450.4,0
594,60,player,0,250.4,305.4,307.8,448.0,279.1,448.0,0
594,62,player,1,431.1,308.5,477.5,442.2,454.3,442.2,0
595,-1,ball,-1,902.6,743.0,914.6,755.0,908.6,749.0,0
595,4,player,1,2280.4,725.5,2352.3,938.2,2316.4,938.2,0
595,5,player,1,2629.6,926.9,2755.3,1172.4,2692.4,1172.4,0
595,12,player,1,2695.6,521.8,2757.7,690.9,2726.6,690.9,0
595,24,player,0,1712.4,876.9,1816.3,1106.8,1764.4,1106.8,0
595,27,player,0,2069.8,733.9,2153.9,957.1,2111.9,957.1,0
595,32,player,1,1727.0,537.6,1834.2,693.8,1780.6,693.8,0
595,33,player,1,1707.7,660.7,1773.1,863.1,1740.4,863.1,0
595,36,player,0,1958.5,419.3,2007.4,568.6,1983.0,568.6,0
595,40,player,0,1000.3,560.6,1071.9,721.0,1036.1,721.0,0
595,41,player,0,1044.4,967.5,1143.1,1223.3,1093.8,1223.3,0
595,50,player,0,547.7,647.1,612.5,837.8,580.1,837.8,0
595,52,player,0,2391.7,317.9,2445.1,455.0,2418.4,455.0,0
595,59,player,1,646.5,312.6,693.3,451.8,669.9,451.8,0
595,60,player,0,249.1,306.1,304.4,448.4,276.8,448.4,0
595,62,player,1,427.7,307.8,474.7,442.7,451.2,442.7,0
596,-1,ball,-1,902.6,743.0,914.6,755.0,908.6,749.0,0
596,4,player,1,2280.3,725.4,2352.4,938.4,2316.4,938.4,0
596,5,player,1,2629.5,926.8,2755.3,1172.4,2692.4,1172.4,0
596,12,player,1,2695.8,521.8,2758.2,690.8,2727.0,690.8,0
596,24,player,0,1712.4,876.9,1816.2,1106.9,1764.3,1106.9,0
596,27,player,0,2069.8,733.9,2153.9,956.4,2111.9,956.4,0
596,32,player,1,1727.3,537.6,1833.8,693.9,1780.6,693.9,0
596,33,player,1,1707.7,660.7,1773.1,863.1,1740.4,863.1,0
596,36,player,0,1958.6,419.4,2007.4,568.2,1983.0,568.2,0
596,40,player,0,1000.3,560.6,1072.4,721.4,1036.4,721.4,0
596,41,player,0,1044.4,967.4,1143.1,1223.3,1093.8,1223.3,0
596,50,player,0,547.7,647.1,612.5,837.9,580.1,837.9,0
596,52,player,0,2391.6,317.8,2445.1,454.9,2418.4,454.9,0
596,59,player,1,646.5,312.6,693.3,451.8,669.9,451.8,0
596,60,player,0,249.1,306.1,304.4,448.4,276.8,448.4,0
596,62,player,1,427.7,307.8,474.7,442.7,451.2,442.7,0
597,-1,ball,-1,902.6,743.0,914.6,755.0,908.6,749.0,0
597,4,player,1,2280.3,725.4,2352.4,938.3,2316.4,938.3,0
597,5,player,1,2629.6,926.9,2755.2,1172.2,2692.4,1172.2,0
597,12,player,1,2695.7,521.8,2757.6,690.9,2726.6,690.9,0
597,24,player,0,1712.4,876.9,1816.2,1106.8,1764.3,1106.8,0
597,27,player,0,2069.8,733.9,2153.9,957.1,2111.9,957.1,0
597,32,player,1,1727.5,537.6,1834.2,693.9,1780.8,693.9,0
597,33,player,1,1707.8,660.8,1773.2,863.1,1740.5,863.1,0
597,36,player,0,1958.5,419.4,2007.3,568.0,1982.9,568.0,0
597,40,player,0,1000.3,560.4,1072.4,721.3,1036.4,721.3,0
597,41,player,0,1044.4,967.4,1143.1,1223.4,1093.8,1223.4,0
597,50,player,0,547.5,647.0,612.7,838.1,580.1,838.1,0
597,52,player,0,2391.7,317.9,2445.1,455.0,2418.4,455.0,0
597,59,player,1,646.5,312.6,693.3,451.8,669.9,451.8,0
597,60,player,0,249.1,306.1,304.4,448.4,276.8,448.4,0
597,62,player,1,427.7,307.8,474.7,442.7,451.2,442.7,0
598,-1,ball,-1,916.1,738.2,928.1,750.2,922.1,744.2,0
598,4,player,1,2266.8,723.7,2340.8,937.6,2303.8,937.6,0
598,5,player,1,2620.3,930.4,2737.1,1169.0,2678.7,1169.0,0
598,12,player,1,2683.9,517.2,2754.1,690.2,2719.0,690.2,0
598,24,player,0,1697.3,875.4,1804.4,1100.2,1750.8,1100.2,0
598,27,player,0,2060.2,735.2,2144.1,951.4,2102.1,951.4,0
598,32,player,1,1715.5,538.7,1826.0,695.1,1770.8,695.1,0
598,33,player,1,1696.9,657.3,1767.6,861.1,1732.2,861.1,0
598,36,player,0,1950.4,423.0,1999.2,572.3,1974.8,572.3,0
598,40,player,0,984.2,559.5,1064.7,722.7,1024.4,722.7,1
598,41,player,0,1041.2,966.1,1138.9,1223.1,1090.1,1223.1,0
598,50,player,0,541.1,643.0,606.5,838.1,573.8,838.1,0
598,52,player,0,2386.2,321.4,2441.5,454.6,2413.8,454.6,0
598,59,player,1,642.9,266.6,691.1,453.2,667.0,453.2,0
598,60,player,0,246.0,305.6,302.1,451.5,274.0,451.5,0
598,62,player,1,425.5,307.8,469.7,442.5,447.6,442.5,0
599,-1,ball,-1,916.1,738.2,928.1,750.2,922.1,744.2,0
599,4,player,1,2266.8,723.7,2340.7,937.6,2303.8,937.6,0
599,5,player,1,2620.4,930.6,2737.0,1169.1,2678.7,1169.1,0
599,12,player,1,2683.9,517.1,2754.0,690.2,2719.0,690.2,0
599,24,player,0,1697.4,875.4,1804.3,1100.2,1750.8,1100.2,0
599,27,player,0,2060.2,735.3,2144.2,951.4,2102.2,951.4,0
599,32,player,1,1715.4,538.7,1826.0,696.0,1770.7,696.0,0
599,33,player,1,1696.8,657.3,1767.8,861.0,1732.3,861.0,0
599,36,player,0,1950.5,423.0,1999.2,572.3,1974.8,572.3,0
599,40,player,0,984.2,559.4,1064.7,722.7,1024.4,722.7,1
599,41,player,0,1041.2,966.2,1138.9,1223.1,1090.1,1223.1,0
599,50,player,0,541.1,643.0,606.5,838.1,573.8,838.1,0
599,52,player,0,2386.2,321.4,2441.5,454.5,2413.8,454.5,0
599,59,player,1,642.9,267.0,691.1,453.2,667.0,453.2,0
599,60,player,0,246.0,305.6,302.1,451.4,274.0,451.4,0
599,62,player,1,425.5,307.8,469.7,442.5,447.6,442.5,0
600,-1,ball,-1,925.6,733.6,937.6,745.6,931.6,739.6,0
600,4,player,1,2254.9,719.6,2330.4,936.6,2292.6,936.6,0
600,5,player,1,2600.1,932.3,2715.4,1168.7,2657.8,1168.7,0
600,12,player,1,2670.7,514.4,2748.9,688.6,2709.8,688.6,0
600,24,player,0,1684.3,875.9,1790.7,1101.1,1737.5,1101.1,0
600,27,player,0,2051.7,736.4,2135.1,948.1,2093.4,948.1,0
600,32,player,1,1694.7,539.3,1810.7,690.5,1752.7,690.5,0
600,33,player,1,1688.4,661.3,1764.5,858.2,1726.4,858.2,0
600,36,player,0,1942.1,425.7,1992.0,572.8,1967.0,572.8,0
600,40,player,0,971.9,560.6,1056.6,723.4,1014.2,723.4,1
600,41,player,0,1038.9,963.9,1134.7,1214.5,1086.8,1214.5,0
600,50,player,0,532.8,641.5,601.5,836.3,567.2,836.3,0
600,52,player,0,2385.6,321.5,2436.8,454.3,2411.2,454.3,0
600,59,player,1,642.4,312.6,688.5,453.0,665.4,453.0,0
600,60,player,0,243.9,304.0,299.7,450.3,271.8,450.3,0
600,62,player,1,425.5,308.1,468.1,442.7,446.8,442.7,0
601,-1,ball,-1,925.6,733.6,937.6,745.6,931.6,739.6,0
601,4,player,1,2254.9,719.8,2330.4,936.7,2292.6,936.7,0
601,5,player,1,2600.1,932.4,2715.7,1168.7,2657.9,1168.7,0
601,12,player,1,2670.7,514.4,2748.8,688.6,2709.8,688.6,0
601,24,player,0,1684.3,875.9,1790.3,1101.1,1737.3,1101.1,0
601,27,player,0,2051.8,736.4,2135.1,948.0,2093.4,948.0,0
601,32,player,1,1694.5,539.3,1810.8,690.5,1752.6,690.5,0
601,33,player,1,1688.5,661.4,1764.5,858.3,1726.5,858.3,0
601,36,player,0,1942.1,425.7,1992.0,572.7,1967.0,572.7,0
601,40,player,0,971.9,560.6,1056.7,723.4,1014.3,723.4,1
601,41,player,0,1038.9,963.9,1134.8,1214.6,1086.8,1214.6,0
601,50,player,0,533.0,641.5,601.4,836.3,567.2,836.3,0
601,52,player,0,2385.5,321.6,2436.8,454.3,2411.2,454.3,0
601,59,player,1,642.3,312.5,688.5,453.0,665.4,453.0,0
601,60,player,0,243.9,304.0,299.7,450.4,271.8,450.4,0
601,62,player,1,425.5,308.1,468.1,442.7,446.8,442.7,0
602,-1,ball,-1,936.6,729.1,948.6,741.1,942.6,735.1,0
602,4,player,1,2244.4,716.3,2325.1,938.1,2284.8,938.1,0
602,5,player,1,2593.9,931.0,2690.3,1169.0,2642.1,1169.0,0
602,12,player,1,2657.1,513.6,2744.4,686.5,2700.8,686.5,0
602,24,player,0,1668.7,878.4,1773.2,1102.5,1721.0,1102.5,0
602,27,player,0,2046.9,736.0,2126.6,949.3,2086.8,949.3,0
602,32,player,1,1683.6,539.7,1768.3,691.0,1726.0,691.0,0
602,33,player,1,1685.6,664.7,1760.7,853.2,1723.2,853.2,0
602,36,player,0,1927.2,430.0,1989.5,575.2,1958.4,575.2,0
602,40,player,0,966.3,561.0,1047.9,723.0,1007.1,723.0,1
602,41,player,0,1038.0,962.4,1132.1,1208.9,1085.0,1208.9,0
602,50,player,0,524.6,640.9,594.3,830.1,559.4,830.1,0
602,52,player,0,2381.2,321.6,2432.1,453.6,2406.6,453.6,0
602,59,player,1,639.8,314.6,686.6,452.7,663.2,452.7,0
602,60,player,0,240.0,303.0,298.3,451.0,269.2,451.0,0
602,62,player,1,420.7,308.3,466.0,442.7,443.4,442.7,0
603,-1,ball,-1,936.5,729.1,948.5,741.1,942.5,735.1,0
603,4,player,1,2244.4,716.3,2325.1,938.1,2284.8,938.1,0
603,5,player,1,2593.8,931.0,2690.2,1169.0,2642.0,1169.0,0
603,12,player,1,2656.9,513.6,2744.4,686.7,2700.6,686.7,0
603,24,player,0,1668.1,878.0,1772.6,1101.2,1720.4,1101.2,0
603,27,player,0,2046.9,735.9,2126.6,949.3,2086.8,949.3,0
603,32,player,1,1683.7,539.8,1768.0,690.3,1725.8,690.3,0
603,33,player,1,1685.6,664.7,1760.7,853.2,1723.2,853.2,0
603,36,player,0,1927.2,430.0,1989.5,575.2,1958.4,575.2,0
603,40,player,0,966.3,561.0,1047.9,723.0,1007.1,723.0,1
603,41,player,0,1038.0,962.3,1132.2,1208.9,1085.1,1208.9,0
603,50,player,0,524.6,640.8,594.3,830.1,559.4,830.1,0
603,52,player,0,2381.2,321.6,2432.1,453.6,2406.6,453.6,0
603,59,player,1,639.8,314.6,686.6,452.7,663.2,452.7,0
603,60,player,0,240.0,303.0,298.3,451.0,269.2,451.0,0
603,62,player,1,420.7,308.3,466.0,442.7,443.4,442.7,0
604,-1,ball,-1,936.4,729.2,948.4,741.2,942.4,735.2,0
604,4,player,1,2244.4,716.4,2325.1,938.1,2284.8,938.1,0
604,5,player,1,2593.8,931.1,2690.2,1169.0,2642.0,1169.0,0
604,12,player,1,2656.7,513.6,2744.4,686.6,2700.6,686.6,0
604,24,player,0,1668.1,878.0,1772.6,1101.2,1720.4,1101.2,0
604,27,player,0,2046.9,736.0,2126.6,949.3,2086.8,949.3,0
604,32,player,1,1683.7,539.7,1768.0,690.6,1725.8,690.6,0
604,33,player,1,1685.6,664.7,1760.7,853.2,1723.2,853.2,0
604,36,player,0,1927.2,430.0,1989.5,575.2,1958.4,575.2,0
604,40,player,0,966.3,561.0,1047.9,723.0,1007.1,723.0,1
604,41,player,0,1037.9,962.4,1132.2,1209.1,1085.1,1209.1,0
604,50,player,0,524.6,640.8,594.3,830.1,559.4,830.1,0
604,52,player,0,2381.2,321.6,2432.2,453.6,2406.7,453.6,0
604,59,player,1,639.8,314.7,686.6,452.7,663.2,452.7,0
604,60,player,0,240.0,303.0,298.2,451.0,269.1,451.0,0
604,62,player,1,420.7,308.3,466.0,442.7,443.4,442.7,0
605,-1,ball,-1,936.5,729.2,948.5,741.2,942.5,735.2,0
605,4,player,1,2244.4,716.4,2325.1,938.1,2284.8,938.1,0
605,5,player,1,2593.9,931.0,2690.3,1169.1,2642.1,1169.1,0
605,12,player,1,2656.7,513.6,2744.4,686.6,2700.6,686.6,0
605,24,player,0,1668.1,878.0,1772.5,1101.2,1720.3,1101.2,0
605,27,player,0,2046.8,736.0,2126.6,949.3,2086.7,949.3,0
605,32,player,1,1683.7,539.7,1768.2,690.7,1726.0,690.7,0
605,33,player,1,1685.6,664.7,1760.7,853.2,1723.2,853.2,0
605,36,player,0,1927.2,430.0,1989.5,575.2,1958.4,575.2,0
605,40,player,0,966.3,561.0,1047.9,723.0,1007.1,723.0,1
605,41,player,0,1037.9,962.4,1132.2,1209.0,1085.1,1209.0,0
605,50,player,0,524.6,640.8,594.3,830.1,559.4,830.1,0
605,52,player,0,2381.2,321.6,2432.1,453.6,2406.6,453.6,0
605,59,player,1,639.8,314.6,686.6,452.7,663.2,452.7,0
605,60,player,0,240.0,303.0,298.2,451.0,269.1,451.0,0
605,62,player,1,420.7,308.3,466.0,442.7,443.4,442.7,0
606,-1,ball,-1,948.2,727.2,960.2,739.2,954.2,733.2,0
606,4,player,1,2222.6,711.6,2320.3,935.0,2271.4,935.0,0
606,5,player,1,2579.9,924.6,2666.3,1168.2,2623.1,1168.2,0
606,12,player,1,2642.5,513.1,2738.7,676.3,2690.6,676.3,0
606,24,player,0,1650.2,876.6,1749.0,1102.3,1699.6,1102.3,0
606,27,player,0,2040.0,733.0,2116.1,949.2,2078.0,949.2,0
606,32,player,1,1677.3,541.8,1737.2,684.8,1707.2,684.8,0
606,33,player,1,1681.2,666.6,1755.7,854.4,1718.4,854.4,0
606,36,player,0,1918.4,432.3,1989.7,575.3,1954.0,575.3,0
606,40,player,0,957.9,561.1,1043.0,728.1,1000.4,728.1,1
606,41,player,0,1035.6,960.8,1130.0,1206.7,1082.8,1206.7,0
606,50,player,0,517.5,641.4,587.9,827.5,552.7,827.5,0
606,52,player,0,2379.5,319.0,2430.9,453.7,2405.2,453.7,0
606,59,player,1,637.7,317.1,685.4,453.4,661.6,453.4,0
606,60,player,0,238.1,302.6,297.1,451.6,267.6,451.6,0
606,62,player,1,420.1,309.0,464.4,443.5,442.2,443.5,0
607,-1,ball,-1,952.5,725.6,964.5,737.6,958.5,731.6,0
607,4,player,1,2208.9,712.1,2316.8,932.3,2262.9,932.3,0
607,5,player,1,2566.5,918.6,2655.7,1167.0,2611.1,1167.0,0
607,12,player,1,2634.8,515.4,2729.6,671.8,2682.2,671.8,0
607,24,player,0,1637.6,874.2,1723.7,1102.8,1680.6,1102.8,0
607,27,player,0,2032.6,727.8,2108.4,948.7,2070.5,948.7,0
607,32,player,1,1658.7,544.6,1702.1,672.9,1680.4,672.9,0
607,33,player,1,1672.4,657.2,1746.4,855.4,1709.4,855.4,0
607,36,player,0,1907.1,431.7,1987.9,573.5,1947.5,573.5,0
607,40,player,0,952.4,563.1,1042.9,740.1,997.6,740.1,1
607,41,player,0,1032.1,959.1,1124.1,1207.1,1078.1,1207.1,0
607,50,player,0,510.2,643.8,584.0,828.3,547.1,828.3,0
607,52,player,0,2379.5,316.3,2432.1,452.0,2405.8,452.0,0
607,59,player,1,637.2,261.2,685.4,455.5,661.3,455.5,0
607,60,player,0,237.3,303.4,295.0,452.4,266.2,452.4,0
607,62,player,1,417.8,308.7,463.9,443.9,440.8,443.9,0
608,-1,ball,-1,956.9,724.0,968.9,736.0,962.9,730.0,0
608,4,player,1,2208.9,712.0,2316.8,932.2,2262.9,932.2,0
608,5,player,1,2566.5,918.5,2655.8,1167.1,2611.2,1167.1,0
608,12,player,1,2634.8,515.4,2729.7,671.9,2682.2,671.9,0
608,24,player,0,1637.6,874.3,1723.7,1102.8,1680.6,1102.8,0
608,27,player,0,2032.7,727.8,2108.4,948.6,2070.6,948.6,0
608,32,player,1,1658.7,544.4,1702.1,675.2,1680.4,675.2,0
608,33,player,1,1672.5,657.5,1746.4,855.5,1709.4,855.5,0
608,36,player,0,1907.1,431.8,1987.9,573.7,1947.5,573.7,0
608,40,player,0,952.4,563.1,1042.9,740.1,997.6,740.1,1
608,41,player,0,1032.2,959.1,1124.0,1207.1,1078.1,1207.1,0
608,50,player,0,510.5,643.2,583.8,828.6,547.2,828.6,0
608,52,player,0,2379.5,316.3,2432.1,452.0,2405.8,452.0,0
608,59,player,1,637.2,261.2,685.4,455.5,661.3,455.5,0
608,60,player,0,237.3,303.4,295.0,452.4,266.2,452.4,0
608,62,player,1,417.8,308.7,463.9,443.9,440.8,443.9,0
609,-1,ball,-1,961.3,722.5,973.3,734.5,967.3,728.5,0
609,4,player,1,2208.9,712.1,2316.8,932.3,2262.9,932.3,0
609,5,player,1,2566.5,918.6,2655.7,1167.0,2611.1,1167.0,0
609,12,player,1,2634.8,515.4,2729.7,671.9,2682.2,671.9,0
609,24,player,0,1637.6,874.2,1723.7,1102.8,1680.6,1102.8,0
609,27,player,0,2032.6,727.8,2108.4,948.7,2070.5,948.7,0
609,32,player,1,1658.7,544.5,1702.1,675.1,1680.4,675.1,0
609,33,player,1,1672.5,657.3,1746.4,855.5,1709.4,855.5,0
609,36,player,0,1907.1,431.8,1987.9,573.6,1947.5,573.6,0
609,40,player,0,952.4,563.1,1042.9,740.1,997.6,740.1,1
609,41,player,0,1032.1,959.0,1124.1,1207.1,1078.1,1207.1,0
609,50,player,0,510.4,643.2,583.9,828.6,547.2,828.6,0
609,52,player,0,2379.5,316.3,2432.1,452.0,2405.8,452.0,0
609,59,player,1,637.2,261.2,685.4,455.5,661.3,455.5,0
609,60,player,0,237.3,303.4,295.0,452.4,266.2,452.4,0
609,62,player,1,417.8,308.7,463.8,443.9,440.8,443.9,0
610,-1,ball,-1,965.7,720.9,977.7,732.9,971.7,726.9,0
610,4,player,1,2200.9,712.7,2310.7,926.5,2255.8,926.5,0
610,5,player,1,2553.8,912.8,2648.7,1165.8,2601.2,1165.8,0
610,12,player,1,2632.9,515.6,2719.8,677.1,2676.4,677.1,0
610,24,player,0,1624.8,868.5,1716.8,1100.2,1670.8,1100.2,0
610,27,player,0,2026.2,723.4,2100.6,949.6,2063.4,949.6,0
610,32,player,1,1638.2,541.7,1686.3,667.4,1662.2,667.4,0
610,33,player,1,1670.0,661.1,1736.1,855.5,1703.0,855.5,0
610,36,player,0,1901.6,430.8,1986.7,571.6,1944.2,571.6,0
610,40,player,0,959.5,563.0,1042.1,736.8,1000.8,736.8,1
610,41,player,0,1030.2,957.5,1120.8,1207.9,1075.5,1207.9,0
610,50,player,0,508.0,642.7,578.7,828.0,543.4,828.0,0
610,52,player,0,2377.9,314.2,2429.8,453.8,2403.9,453.8,0
610,59,player,1,635.4,265.5,684.0,455.4,659.7,455.4,0
610,60,player,0,236.0,302.9,294.4,452.2,265.2,452.2,0
610,62,player,1,416.5,309.4,463.3,444.4,439.9,444.4,0
611,-1,ball,-1,970.1,719.4,982.1,731.4,976.1,725.4,0
611,4,player,1,2200.8,712.6,2310.7,926.4,2255.8,926.4,0
611,5,player,1,2553.9,912.9,2648.5,1165.7,2601.2,1165.7,0
611,12,player,1,2633.0,515.7,2719.3,676.8,2676.2,676.8,0
611,24,player,0,1624.8,868.5,1716.7,1100.2,1670.8,1100.2,0
611,27,player,0,2026.2,723.4,2100.7,949.5,2063.4,949.5,0
611,32,player,1,1638.2,541.7,1686.4,667.4,1662.3,667.4,0
611,33,player,1,1670.0,661.1,1736.0,855.6,1703.0,855.6,0
611,36,player,0,1901.6,430.8,1986.6,571.6,1944.1,571.6,0
611,40,player,0,959.7,563.0,1042.1,736.8,1000.9,736.8,1
611,41,player,0,1030.2,957.5,1120.8,1207.9,1075.5,1207.9,0
611,50,player,0,506.9,642.9,578.6,827.2,542.8,827.2,0
611,52,player,0,2377.9,314.2,2429.8,453.6,2403.9,453.6,0
611,59,player,1,635.4,265.5,684.0,455.5,659.7,455.5,0
611,60,player,0,236.0,302.9,294.3,452.2,265.2,452.2,0
611,62,player,1,416.5,309.3,463.3,444.4,439.9,444.4,0
611,65,player,1,636.3,321.0,682.0,455.5,659.2,455.5,0
612,-1,ball,-1,974.5,717.8,986.5,729.8,980.5,723.8,0
612,4,player,1,2200.9,716.9,2298.2,927.8,2249.6,927.8,0
612,5,player,1,2541.4,909.2,2642.0,1161.7,2591.7,1161.7,0
612,12,player,1,2623.1,515.0,2706.0,678.1,2664.6,678.1,0
612,24,player,0,1610.6,863.4,1708.2,1096.9,1659.4,1096.9,0
612,27,player,0,2020.0,720.6,2093.8,948.1,2056.9,948.1,0
612,32,player,1,1624.0,538.9,1690.9,689.8,1657.4,689.8,0
612,33,player,1,1665.8,657.6,1731.7,854.0,1698.8,854.0,0
612,36,player,0,1899.7,431.5,1981.5,571.9,1940.6,571.9,0
612,40,player,0,960.1,561.0,1042.7,726.9,1001.4,726.9,1
612,41,player,0,1027.4,955.7,1118.2,1208.8,1072.8,1208.8,0
612,50,player,0,506.3,642.6,572.0,827.0,539.2,827.0,0
612,52,player,0,2376.6,313.8,2426.4,452.5,2401.5,452.5,0
612,59,player,1,637.4,265.2,682.6,456.6,660.0,456.6,0
612,60,player,0,235.4,303.7,293.8,452.6,264.6,452.6,0
612,62,player,1,415.7,309.7,463.3,445.2,439.5,445.2,0
612,65,player,1,637.0,325.1,681.4,455.7,659.2,455.7,0
613,-1,ball,-1,974.6,717.8,986.6,729.8,980.6,723.8,0
613,4,player,1,2200.8,716.9,2298.3,927.8,2249.6,927.8,0
613,5,player,1,2541.3,909.1,2642.0,1161.6,2591.6,1161.6,0
613,12,player,1,2622.6,514.8,2706.1,678.2,2664.4,678.2,0
613,24,player,0,1610.7,863.4,1708.2,1097.0,1659.4,1097.0,0
613,27,player,0,2020.0,720.6,2093.7,948.2,2056.8,948.2,0
613,32,player,1,1624.1,539.0,1691.0,689.6,1657.6,689.6,0
613,33,player,1,1665.8,657.6,1731.7,854.1,1698.8,854.1,0
613,36,player,0,1899.7,431.6,1981.5,571.9,1940.6,571.9,0
613,40,player,0,960.0,561.0,1042.7,727.0,1001.4,727.0,1
613,41,player,0,1027.1,955.7,1118.3,1208.8,1072.7,1208.8,0
613,50,player,0,506.3,642.6,572.1,827.1,539.2,827.1,0
613,52,player,0,2376.6,313.5,2426.5,452.6,2401.6,452.6,0
613,59,player,1,637.4,264.2,682.7,456.5,660.0,456.5,0
613,60,player,0,235.4,303.7,293.8,452.6,264.6,452.6,0
613,62,player,1,415.7,309.7,463.3,445.2,439.5,445.2,0
613,65,player,1,637.0,325.2,681.4,455.7,659.2,455.7,0
614,-1,ball,-1,985.2,715.1,997.2,727.1,991.2,721.1,0
614,4,player,1,2191.2,716.9,2284.5,928.7,2237.8,928.7,0
614,5,player,1,2528.9,907.4,2635.4,1153.3,2582.2,1153.3,0
614,12,player,1,2612.5,513.9,2690.1,678.0,2651.3,678.0,0
614,24,player,0,1597.3,861.4,1700.2,1087.4,1648.8,1087.4,0
614,27,player,0,2011.8,718.9,2088.8,945.8,2050.3,945.8,0
614,32,player,1,1593.9,536.7,1679.1,690.5,1636.5,690.5,0
614,33,player,1,1660.7,655.2,1727.8,852.3,1694.2,852.3,0
614,36,player,0,1887.2,431.5,1974.2,572.1,1930.7,572.1,0
614,40,player,0,959.7,559.0,1042.6,723.8,1001.2,723.8,1
614,41,player,0,1027.5,955.0,1115.9,1209.1,1071.7,1209.1,0
614,50,player,0,504.2,638.4,571.2,829.5,537.7,829.5,0
614,52,player,0,2377.3,313.8,2428.0,452.8,2402.6,452.8,0
614,59,player,1,638.7,264.0,682.9,454.8,660.8,454.8,0
614,60,player,0,235.5,304.7,293.5,453.4,264.5,453.4,0
614,62,player,1,415.2,310.1,462.5,445.7,438.8,445.7,0
614,65,player,1,636.4,324.5,681.1,455.9,658.8,455.9,0
615,-1,ball,-1,985.2,715.1,997.2,727.1,991.2,721.1,0
615,4,player,1,2191.2,716.9,2284.5,928.7,2237.8,928.7,0
615,5,player,1,2528.9,907.4,2635.5,1153.3,2582.2,1153.3,0
615,12,player,1,2612.5,513.9,2690.2,678.0,2651.4,678.0,0
615,24,player,0,1597.4,861.4,1700.2,1087.3,1648.8,1087.3,0
615,27,player,0,2011.8,718.8,2088.8,945.9,2050.3,945.9,0
615,32,player,1,1593.8,536.6,1679.1,690.5,1636.4,690.5,0
615,33,player,1,1660.7,655.2,1728.0,851.9,1694.4,851.9,0
615,36,player,0,1887.2,431.5,1974.2,572.0,1930.7,572.0,0
615,40,player,0,959.7,559.0,1042.6,723.8,1001.2,723.8,1
615,41,player,0,1027.5,954.9,1115.9,1209.1,1071.7,1209.1,0
615,50,player,0,504.2,638.4,571.2,829.5,537.7,829.5,0
615,52,player,0,2377.2,313.9,2428.0,452.7,2402.6,452.7,0
615,59,player,1,638.7,263.9,682.8,454.7,660.8,454.7,0
615,60,player,0,235.5,304.7,293.4,453.4,264.4,453.4,0
615,62,player,1,415.2,310.1,462.5,445.7,438.8,445.7,0
615,65,player,1,636.4,324.4,681.1,455.9,658.8,455.9,0
616,-1,ball,-1,985.2,715.1,997.2,727.1,991.2,721.1,0
616,4,player,1,2191.2,716.8,2284.5,928.7,2237.8,928.7,0
616,5,player,1,2528.8,907.4,2635.5,1153.3,2582.2,1153.3,0
616,12,player,1,2612.4,513.9,2690.2,678.0,2651.3,678.0,0
616,24,player,0,1597.3,861.4,1700.2,1087.4,1648.8,1087.4,0
616,27,player,0,2011.8,718.8,2088.8,945.8,2050.3,945.8,0
616,32,player,1,1593.8,536.7,1679.2,690.7,1636.5,690.7,0
616,33,player,1,1660.7,655.1,1728.1,852.3,1694.4,852.3,0
616,36,player,0,1887.2,431.5,1974.2,572.2,1930.7,572.2,0
616,40,player,0,959.8,559.0,1042.6,723.7,1001.2,723.7,1
616,41,player,0,1027.5,955.0,1115.9,1209.1,1071.7,1209.1,0
616,50,player,0,504.1,638.4,571.2,829.6,537.7,829.6,0
616,52,player,0,2377.3,313.9,2428.0,452.8,2402.6,452.8,0
616,59,player,1,638.7,263.9,682.8,454.6,660.8,454.6,0
616,60,player,0,235.5,304.8,293.4,453.4,264.4,453.4,0
616,62,player,1,415.1,310.1,462.5,445.7,438.8,445.7,0
616,65,player,1,636.4,324.4,681.1,455.9,658.8,455.9,0
617,-1,ball,-1,994.6,711.9,1006.6,723.9,1000.6,717.9,0
617,4,player,1,2184.3,715.8,2267.6,929.5,2226.0,929.5,0
617,5,player,1,2519.1,908.3,2625.8,1151.5,2572.4,1151.5,0
617,12,player,1,2609.1,513.2,2664.0,677.4,2636.6,677.4,0
617,24,player,0,1584.5,860.2,1682.4,1080.6,1633.4,1080.6,0
617,27,player,0,2004.8,720.5,2084.7,936.7,2044.8,936.7,0
617,32,player,1,1566.2,537.1,1675.1,694.5,1620.6,694.5,0
617,33,player,1,1656.9,654.5,1722.5,851.3,1689.7,851.3,0
617,36,player,0,1877.6,431.9,1961.9,569.9,1919.8,569.9,0
617,40,player,0,959.0,555.3,1041.9,724.1,1000.4,724.1,1
617,41,player,0,1023.2,955.2,1113.6,1209.7,1068.4,1209.7,0
617,50,player,0,503.4,633.8,567.0,830.7,535.2,830.7,0
617,52,player,0,2375.3,314.8,2427.2,451.4,2401.2,451.4,0
617,60,player,0,235.3,305.9,292.5,453.7,263.9,453.7,0
617,62,player,1,414.8,310.3,461.4,446.6,438.1,446.6,0
617,65,player,1,635.7,323.2,680.8,456.3,658.2,456.3,0
618,-1,ball,-1,994.6,711.8,1006.6,723.8,1000.6,717.8,0
618,4,player,1,2184.5,715.8,2267.6,929.5,2226.0,929.5,0
618,5,player,1,2519.1,908.4,2625.8,1151.5,2572.4,1151.5,0
618,12,player,1,2609.0,513.2,2664.0,677.7,2636.5,677.7,0
618,24,player,0,1584.4,860.2,1682.4,1080.6,1633.4,1080.6,0
618,27,player,0,2004.8,720.6,2084.9,936.7,2044.8,936.7,0
618,32,player,1,1566.1,537.1,1675.1,694.5,1620.6,694.5,0
618,33,player,1,1657.0,654.7,1722.2,851.1,1689.6,851.1,0
618,36,player,0,1877.7,431.9,1961.8,569.9,1919.8,569.9,0
618,40,player,0,958.9,555.3,1042.0,724.2,1000.4,724.2,1
618,41,player,0,1023.2,955.4,1113.6,1209.7,1068.4,1209.7,0
618,50,player,0,503.4,633.8,567.0,830.7,535.2,830.7,0
618,52,player,0,2375.3,314.8,2427.2,451.3,2401.2,451.3,0
618,60,player,0,235.3,305.8,292.5,453.7,263.9,453.7,0
618,62,player,1,414.8,310.4,461.4,446.6,438.1,446.6,0
618,65,player,1,635.7,323.2,680.8,456.3,658.2,456.3,0
619,-1,ball,-1,1001.6,709.7,1013.6,721.7,1007.6,715.7,0
619,4,player,1,2179.7,712.4,2260.1,929.1,2219.9,929.1,0
619,5,player,1,2509.9,910.5,2613.0,1148.5,2561.4,1148.5,0
619,12,player,1,2598.3,508.1,2657.8,677.8,2628.0,677.8,0
619,24,player,0,1570.7,862.4,1666.6,1079.5,1618.6,1079.5,0
619,27,player,0,1996.8,722.5,2079.6,935.6,2038.2,935.6,0
619,32,player,1,1545.8,539.9,1652.4,695.8,1599.1,695.8,0
619,33,player,1,1651.3,654.4,1720.0,851.2,1685.6,851.2,0
619,36,player,0,1868.0,429.1,1944.7,570.3,1906.4,570.3,0
619,40,player,0,958.7,552.8,1043.7,721.2,1001.2,721.2,1
619,41,player,0,1021.8,955.2,1111.5,1209.5,1066.6,1209.5,0
619,50,player,0,500.9,631.1,564.0,826.7,532.4,826.7,0
619,52,player,0,2371.8,314.1,2430.1,451.3,2401.0,451.3,0
619,60,player,0,235.3,306.7,291.9,454.2,263.6,454.2,0
619,62,player,1,414.9,310.7,461.2,446.7,438.0,446.7,0
619,65,player,1,635.4,320.9,681.4,456.4,658.4,456.4,0
620,-1,ball,-1,1001.6,709.7,1013.6,721.7,1007.6,715.7,0
620,4,player,1,2179.7,712.3,2260.1,929.2,2219.9,929.2,0
620,5,player,1,2509.9,910.5,2613.1,1148.6,2561.5,1148.6,0
620,12,player,1,2598.1,508.1,2658.1,678.1,2628.1,678.1,0
620,24,player,0,1570.7,862.4,1666.6,1079.5,1618.6,1079.5,0
620,27,player,0,1996.9,722.5,2079.5,935.6,2038.2,935.6,0
620,32,player,1,1545.8,539.9,1652.5,695.8,1599.2,695.8,0
620,33,player,1,1651.3,654.3,1720.1,851.2,1685.7,851.2,0
620,36,player,0,1868.0,429.1,1944.7,570.2,1906.4,570.2,0
620,40,player,0,958.7,552.8,1043.7,721.2,1001.2,721.2,1
620,41,player,0,1021.8,955.2,1111.5,1209.4,1066.6,1209.4,0
620,50,player,0,500.9,631.1,564.0,826.7,532.4,826.7,0
620,52,player,0,2371.8,314.1,2430.1,451.5,2401.0,451.5,0
620,60,player,0,235.3,306.7,291.9,454.2,263.6,454.2,0
620,62,player,1,414.9,310.7,461.2,446.7,438.0,446.7,0
620,65,player,1,635.4,320.9,681.4,456.4,658.4,456.4,0
621,-1,ball,-1,1001.6,709.7,1013.6,721.7,1007.6,715.7,0
621,4,player,1,2179.7,712.3,2260.1,929.1,2219.9,929.1,0
621,5,player,1,2509.9,910.5,2613.1,1148.6,2561.5,1148.6,0
621,12,player,1,2598.1,508.1,2658.0,678.1,2628.0,678.1,0
621,24,player,0,1570.7,862.4,1666.5,1079.4,1618.6,1079.4,0
621,27,player,0,1996.8,722.3,2079.4,935.7,2038.1,935.7,0
621,32,player,1,1545.8,539.9,1652.5,695.9,1599.2,695.9,0
621,33,player,1,1651.3,654.3,1720.1,851.3,1685.7,851.3,0
621,36,player,0,1867.9,429.2,1944.7,570.2,1906.3,570.2,0
621,40,player,0,958.7,552.8,1043.7,721.2,1001.2,721.2,1
621,41,player,0,1021.8,955.3,1111.5,1209.4,1066.6,1209.4,0
621,50,player,0,500.9,631.2,564.0,826.7,532.4,826.7,0
621,52,player,0,2371.9,314.1,2430.1,451.2,2401.0,451.2,0
621,60,player,0,235.3,306.6,291.9,454.2,263.6,454.2,0
621,62,player,1,414.9,310.7,461.1,446.7,438.0,446.7,0
621,65,player,1,635.4,320.9,681.4,456.4,658.4,456.4,0
622,-1,ball,-1,1015.2,705.0,1027.2,717.0,1021.2,711.0,0
622,4,player,1,2176.9,709.0,2253.8,927.7,2215.4,927.7,0
622,5,player,1,2501.0,912.7,2591.5,1148.0,2546.2,1148.0,0
622,12,player,1,2586.3,503.5,2654.6,678.6,2620.4,678.6,0
622,24,player,0,1559.3,862.0,1644.7,1082.7,1602.0,1082.7,0
622,27,player,0,1989.2,724.2,2072.5,933.6,2030.8,933.6,0
622,32,player,1,1539.1,542.5,1643.0,700.5,1591.0,700.5,0
622,33,player,1,1649.5,655.2,1717.6,843.0,1683.6,843.0,0
622,36,player,0,1861.4,425.6,1922.0,569.4,1891.7,569.4,0
622,40,player,0,953.2,551.2,1045.7,723.3,999.4,723.3,1
622,41,player,0,1020.1,954.5,1107.3,1209.9,1063.7,1209.9,0
622,50,player,0,497.1,628.4,562.4,820.0,529.8,820.0,0
622,52,player,0,2365.8,314.6,2431.9,451.8,2398.9,451.8,0
622,60,player,0,234.7,305.5,292.1,453.8,263.4,453.8,0
622,62,player,1,413.8,310.7,460.3,446.5,437.0,446.5,0
622,65,player,1,634.9,319.8,681.6,456.3,658.2,456.3,0
623,-1,ball,-1,1015.0,705.0,1027.0,717.0,1021.0,711.0,0
623,4,player,1,2176.8,708.9,2253.8,927.9,2215.3,927.9,0
623,5,player,1,2501.0,912.7,2591.6,1148.0,2546.3,1148.0,0
623,12,player,1,2586.3,503.5,2654.6,678.6,2620.4,678.6,0
623,24,player,0,1559.3,862.0,1644.7,1082.7,1602.0,1082.7,0
623,27,player,0,1989.2,724.2,2072.4,933.6,2030.8,933.6,0
623,32,player,1,1539.0,542.5,1643.0,700.4,1591.0,700.4,0
623,33,player,1,1649.5,655.2,1717.6,843.0,1683.6,843.0,0
623,36,player,0,1861.4,425.6,1922.1,569.3,1891.8,569.3,0
623,40,player,0,953.2,551.2,1045.8,723.4,999.5,723.4,1
623,41,player,0,1020.1,954.6,1107.3,1209.9,1063.7,1209.9,0
623,50,player,0,497.1,628.4,562.4,820.0,529.8,820.0,0
623,52,player,0,2365.7,314.6,2431.8,451.8,2398.8,451.8,0
623,60,player,0,234.6,305.5,292.1,453.8,263.4,453.8,0
623,62,player,1,413.8,310.7,460.3,446.5,437.0,446.5,0
623,65,player,1,634.9,319.8,681.6,456.3,658.2,456.3,0
624,-1,ball,-1,1014.4,705.0,1026.4,717.0,1020.4,711.0,0
624,4,player,1,2176.8,708.9,2254.0,928.0,2215.4,928.0,0
624,5,player,1,2501.0,912.7,2591.5,1148.1,2546.2,1148.1,0
624,12,player,1,2586.3,503.5,2654.6,678.6,2620.4,678.6,0
624,24,player,0,1558.9,861.9,1644.7,1082.7,1601.8,1082.7,0
624,27,player,0,1989.2,724.2,2072.5,933.6,2030.8,933.6,0
624,32,player,1,1539.3,542.6,1643.0,700.5,1591.2,700.5,0
624,33,player,1,1649.5,655.2,1717.7,843.0,1683.6,843.0,0
624,36,player,0,1861.4,425.6,1922.3,569.4,1891.8,569.4,0
624,40,player,0,953.1,551.2,1045.6,723.4,999.4,723.4,1
624,41,player,0,1020.1,954.5,1107.3,1209.9,1063.7,1209.9,0
624,50,player,0,497.1,628.4,562.4,820.0,529.8,820.0,0
624,52,player,0,2365.7,314.6,2431.8,451.9,2398.8,451.9,0
624,60,player,0,234.6,305.5,292.1,453.8,263.4,453.8,0
624,62,player,1,413.8,310.8,460.3,446.4,437.0,446.4,0
624,65,player,1,634.9,319.8,681.5,456.3,658.2,456.3,0
625,-1,ball,-1,1820.3,677.7,1832.3,689.7,1826.3,683.7,0
625,4,player,1,2169.7,704.5,2245.8,927.3,2207.8,927.3,0
625,5,player,1,2495.6,911.1,2567.7,1148.5,2531.6,1148.5,0
625,12,player,1,2577.9,501.6,2647.8,673.5,2612.9,673.5,0
625,24,player,0,1545.6,859.3,1625.3,1081.3,1585.4,1081.3,0
625,27,player,0,1984.1,721.8,2067.2,934.2,2025.6,934.2,0
625,32,player,1,1536.8,543.4,1618.0,697.7,1577.4,697.7,0
625,33,player,1,1646.4,655.2,1711.5,839.5,1679.0,839.5,0
625,36,player,0,1854.2,421.3,1912.5,565.5,1883.4,565.5,0
625,40,player,0,948.1,552.0,1044.5,722.7,996.3,722.7,0
625,41,player,0,1017.6,954.2,1104.2,1209.0,1060.9,1209.0,0
625,50,player,0,494.0,627.6,560.3,815.0,527.2,815.0,0
625,52,player,0,2366.0,315.6,2425.9,450.2,2396.0,450.2,0
625,60,player,0,233.5,305.7,291.0,453.8,262.2,453.8,0
625,62,player,1,413.6,310.1,459.5,446.7,436.6,446.7,0
625,65,player,1,634.1,319.4,680.9,456.3,657.5,456.3,0
626,-1,ball,-1,2626.1,650.4,2638.1,662.4,2632.1,656.4,0
626,4,player,1,2161.4,702.5,2237.6,923.8,2199.5,923.8,0
626,5,player,1,2479.1,907.7,2548.7,1148.6,2513.9,1148.6,0
626,12,player,1,2563.1,500.8,2641.4,672.8,2602.2,672.8,1
626,24,player,0,1537.1,853.5,1612.5,1082.0,1574.8,1082.0,0
626,27,player,0,1980.4,719.4,2061.5,934.6,2021.0,934.6,0
626,32,player,1,1529.6,541.5,1592.5,696.8,1561.0,696.8,0
626,33,player,1,1640.0,654.2,1705.0,839.5,1672.5,839.5,0
626,36,player,0,1846.9,419.0,1907.8,566.5,1877.4,566.5,0
626,40,player,0,945.3,553.9,1039.9,722.7,992.6,722.7,0
626,41,player,0,1015.1,953.7,1101.8,1208.4,1058.4,1208.4,0
626,50,player,0,489.4,628.7,559.5,814.2,524.4,814.2,0
626,52,player,0,2362.0,315.1,2424.9,451.4,2393.4,451.4,0
626,60,player,0,232.4,304.8,290.6,454.1,261.5,454.1,0
626,62,player,1,413.6,310.2,458.6,446.8,436.1,446.8,0
626,65,player,1,632.9,318.7,681.3,456.5,657.1,456.5,0
627,-1,ball,-1,2626.0,650.2,2638.0,662.2,2632.0,656.2,0
627,4,player,1,2161.4,702.4,2237.6,923.9,2199.5,923.9,0
627,5,player,1,2479.2,907.7,2548.7,1148.6,2514.0,1148.6,0
627,12,player,1,2563.4,500.8,2641.3,672.4,2602.4,672.4,1
627,24,player,0,1537.1,853.5,1612.4,1082.0,1574.8,1082.0,0
627,27,player,0,1980.4,719.4,2061.5,934.6,2021.0,934.6,0
627,32,player,1,1529.6,541.5,1592.4,696.8,1561.0,696.8,0
627,33,player,1,1640.0,654.2,1705.0,839.5,1672.5,839.5,0
627,36,player,0,1846.9,419.0,1907.8,566.5,1877.4,566.5,0
627,40,player,0,945.3,553.9,1039.9,722.7,992.6,722.7,0
627,41,player,0,1015.1,953.7,1101.8,1208.4,1058.4,1208.4,0
627,50,player,0,489.4,628.7,559.4,814.2,524.4,814.2,0
627,52,player,0,2362.2,315.1,2424.9,451.4,2393.6,451.4,0
627,60,player,0,232.4,304.7,290.6,454.1,261.5,454.1,0
627,62,player,1,413.6,310.1,458.6,446.9,436.1,446.9,0
627,65,player,1,632.9,318.8,681.3,456.5,657.1,456.5,0
628,-1,ball,-1,2626.0,650.0,2638.0,662.0,2632.0,656.0,0
628,4,player,1,2161.4,702.4,2237.6,923.9,2199.5,923.9,0
628,5,player,1,2479.2,907.7,2548.7,1148.5,2514.0,1148.5,0
628,12,player,1,2563.4,500.8,2641.3,672.0,2602.4,672.0,1
628,24,player,0,1537.1,853.5,1612.5,1082.0,1574.8,1082.0,0
628,27,player,0,1980.4,719.4,2061.5,934.6,2021.0,934.6,0
628,32,player,1,1529.6,541.5,1592.4,696.8,1561.0,696.8,0
628,33,player,1,1640.0,654.2,1705.0,839.5,1672.5,839.5,0
628,36,player,0,1846.9,419.0,1907.8,566.5,1877.4,566.5,0
628,40,player,0,945.3,553.9,1039.9,722.7,992.6,722.7,0
628,41,player,0,1015.2,953.7,1101.8,1208.4,1058.5,1208.4,0
628,50,player,0,489.4,628.7,559.4,814.2,524.4,814.2,0
628,52,player,0,2362.2,315.1,2424.8,451.4,2393.5,451.4,0
628,60,player,0,232.4,304.8,290.6,454.1,261.5,454.1,0
628,62,player,1,413.6,310.1,458.6,446.9,436.1,446.9,0
628,65,player,1,632.9,318.6,681.3,456.5,657.1,456.5,0
629,-1,ball,-1,2556.8,651.7,2568.8,663.7,2562.8,657.7,0
629,4,player,1,2152.0,702.3,2228.2,919.8,2190.1,919.8,0
629,5,player,1,2464.5,902.9,2544.4,1144.8,2504.4,1144.8,0
629,12,player,1,2550.3,499.9,2626.8,667.8,2588.6,667.8,1
629,24,player,0,1522.5,848.9,1601.3,1078.3,1561.9,1078.3,0
629,27,player,0,1975.1,715.2,2055.3,933.9,2015.2,933.9,0
629,32,player,1,1516.2,541.8,1572.9,695.6,1544.6,695.6,0
629,33,player,1,1635.1,651.4,1694.9,838.1,1665.0,838.1,0
629,36,player,0,1837.9,415.8,1895.8,564.4,1866.8,564.4,0
629,40,player,0,942.8,554.9,1037.7,722.8,990.2,722.8,0
629,41,player,0,1011.0,950.5,1099.3,1204.1,1055.2,1204.1,0
629,50,player,0,486.8,630.9,559.1,814.7,523.0,814.7,0
629,52,player,0,2359.9,315.5,2422.9,450.4,2391.4,450.4,0
629,60,player,0,230.6,305.2,288.4,454.0,259.5,454.0,0
629,62,player,1,414.2,310.5,456.7,446.9,435.4,446.9,0
629,65,player,1,632.7,319.8,680.6,456.2,656.7,456.2,0
630,-1,ball,-1,2556.8,651.7,2568.8,663.7,2562.8,657.7,0
630,4,player,1,2152.0,702.5,2228.2,919.4,2190.1,919.4,0
630,5,player,1,2464.4,902.8,2544.4,1144.7,2504.4,1144.7,0
630,12,player,1,2550.2,499.9,2626.8,667.8,2588.5,667.8,1
630,24,player,0,1522.6,848.9,1601.4,1078.4,1562.0,1078.4,0
630,27,player,0,1975.1,715.1,2055.4,933.7,2015.2,933.7,0
630,32,player,1,1516.2,541.8,1573.1,695.7,1544.6,695.7,0
630,33,player,1,1635.0,651.3,1695.0,838.3,1665.0,838.3,0
630,36,player,0,1837.9,415.7,1895.8,564.4,1866.8,564.4,0
630,40,player,0,942.9,554.9,1037.9,722.8,990.4,722.8,0
630,41,player,0,1011.0,950.5,1099.3,1203.9,1055.2,1203.9,0
630,50,player,0,486.8,630.9,559.0,814.6,522.9,814.6,0
630,52,player,0,2359.7,315.5,2422.9,450.3,2391.3,450.3,0
630,60,player,0,230.5,305.3,288.4,454.1,259.4,454.1,0
630,62,player,1,414.2,310.5,456.7,446.9,435.4,446.9,0
630,65,player,1,632.7,319.7,680.6,456.2,656.7,456.2,0
631,-1,ball,-1,2598.2,645.5,2610.2,657.5,2604.2,651.5,0
631,4,player,1,2144.8,704.2,2218.2,912.9,2181.5,912.9,0
631,5,player,1,2448.7,895.7,2543.2,1147.2,2496.0,1147.2,0
631,12,player,1,2541.8,501.4,2609.0,666.2,2575.4,666.2,1
631,24,player,0,1506.1,844.2,1598.0,1079.6,1552.0,1079.6,0
631,27,player,0,1969.0,710.8,2049.6,934.6,2009.3,934.6,0
631,32,player,1,1502.2,541.9,1564.9,697.5,1533.6,697.5,0
631,33,player,1,1627.5,647.3,1686.2,839.8,1656.8,839.8,0
631,36,player,0,1828.0,417.2,1883.9,563.0,1856.0,563.0,0
631,40,player,0,941.6,555.7,1030.9,723.7,986.2,723.7,0
631,41,player,0,1006.4,948.5,1096.4,1199.7,1051.4,1199.7,0
631,50,player,0,486.5,630.4,556.5,813.9,521.5,813.9,0
631,52,player,0,2359.6,316.1,2423.3,451.4,2391.4,451.4,0
631,60,player,0,229.8,307.2,286.4,453.8,258.1,453.8,0
631,62,player,1,412.3,310.2,456.4,446.7,434.4,446.7,0
631,65,player,1,632.8,319.4,679.1,455.7,656.0,455.7,0
632,-1,ball,-1,2598.2,645.5,2610.2,657.5,2604.2,651.5,0
632,4,player,1,2144.7,703.9,2218.3,912.9,2181.5,912.9,0
632,5,player,1,2448.6,895.7,2543.3,1147.2,2496.0,1147.2,0
632,12,player,1,2541.7,501.4,2609.1,666.2,2575.4,666.2,1
632,24,player,0,1506.1,844.2,1598.0,1079.7,1552.0,1079.7,0
632,27,player,0,1968.9,710.8,2049.6,934.6,2009.2,934.6,0
632,32,player,1,1502.2,541.8,1564.9,697.5,1533.6,697.5,0
632,33,player,1,1627.4,647.3,1686.2,839.8,1656.8,839.8,0
632,36,player,0,1828.0,417.2,1883.9,563.1,1856.0,563.1,0
632,40,player,0,941.6,555.8,1030.9,723.7,986.2,723.7,0
632,41,player,0,1006.4,948.5,1096.4,1199.7,1051.4,1199.7,0
632,50,player,0,486.5,630.4,556.6,813.9,521.6,813.9,0
632,52,player,0,2359.6,316.1,2423.3,451.4,2391.4,451.4,0
632,60,player,0,229.8,307.2,286.4,453.8,258.1,453.8,0
632,62,player,1,412.3,310.2,456.4,446.7,434.4,446.7,0
632,65,player,1,632.8,319.4,679.1,455.7,656.0,455.7,0
632,66,player,1,2863.2,434.0,2879.4,579.6,2871.3,579.6,0
633,-1,ball,-1,2598.2,645.5,2610.2,657.5,2604.2,651.5,0
633,4,player,1,2144.7,704.1,2218.3,912.9,2181.5,912.9,0
633,5,player,1,2448.7,895.7,2543.3,1147.3,2496.0,1147.3,0
633,12,player,1,2541.7,501.4,2608.9,666.1,2575.3,666.1,1
633,24,player,0,1506.1,844.2,1598.0,1079.7,1552.0,1079.7,0
633,27,player,0,1968.9,710.8,2049.5,934.6,2009.2,934.6,0
633,32,player,1,1502.3,541.9,1564.9,697.2,1533.6,697.2,0
633,33,player,1,1627.4,647.3,1686.2,839.8,1656.8,839.8,0
633,36,player,0,1828.1,417.2,1884.0,562.9,1856.0,562.9,0
633,40,player,0,941.6,555.8,1030.9,723.7,986.2,723.7,0
633,41,player,0,1006.5,948.6,1096.5,1199.8,1051.5,1199.8,0
633,50,player,0,486.3,630.4,556.5,814.0,521.4,814.0,0
633,52,player,0,2359.9,316.2,2423.3,451.0,2391.6,451.0,0
633,60,player,0,229.8,307.2,286.4,453.8,258.1,453.8,0
633,62,player,1,412.3,310.2,456.4,446.7,434.4,446.7,0
633,65,player,1,632.8,319.4,679.1,455.7,656.0,455.7,0
633,66,player,1,2863.2,433.9,2879.4,579.8,2871.3,579.8,0
634,-1,ball,-1,1002.8,705.4,1014.8,717.4,1008.8,711.4,0
634,4,player,1,2132.4,705.3,2208.5,913.6,2170.4,913.6,0
634,5,player,1,2437.6,891.3,2537.6,1146.1,2487.6,1146.1,0
634,12,player,1,2543.5,501.9,2597.3,667.7,2570.4,667.7,0
634,24,player,0,1479.8,840.7,1594.6,1073.1,1537.2,1073.1,0
634,27,player,0,1963.4,707.3,2043.4,933.8,2003.4,933.8,0
634,32,player,1,1486.4,541.6,1557.1,699.2,1521.8,699.2,0
634,33,player,1,1623.1,644.4,1686.9,841.1,1655.0,841.1,0
634,36,player,0,1822.5,418.3,1872.8,564.6,1847.6,564.6,0
634,40,player,0,941.1,556.0,1025.1,723.9,983.1,723.9,1
634,41,player,0,1000.0,946.0,1092.7,1194.4,1046.4,1194.4,0
634,50,player,0,483.5,627.7,553.3,815.1,518.4,815.1,0
634,52,player,0,2360.1,316.7,2424.1,451.6,2392.1,451.6,0
634,60,player,0,229.4,307.3,285.7,453.7,257.6,453.7,0
634,62,player,1,411.0,309.9,455.9,447.0,433.4,447.0,0
634,65,player,1,632.5,319.0,678.9,455.9,655.7,455.9,0
634,66,player,1,2862.3,430.4,2879.4,578.5,2870.9,578.5,0
635,-1,ball,-1,1002.8,705.4,1014.8,717.4,1008.8,711.4,0
635,4,player,1,2132.5,705.4,2208.5,913.6,2170.5,913.6,0
635,5,player,1,2437.7,891.3,2537.8,1146.2,2487.8,1146.2,0
635,12,player,1,2543.4,502.0,2597.5,667.7,2570.4,667.7,0
635,24,player,0,1479.8,840.7,1594.4,1073.2,1537.1,1073.2,0
635,27,player,0,1963.4,707.3,2043.3,933.8,2003.4,933.8,0
635,32,player,1,1486.4,541.5,1557.2,699.2,1521.8,699.2,0
635,33,player,1,1623.1,644.4,1686.9,841.0,1655.0,841.0,0
635,36,player,0,1822.5,418.3,1872.7,564.7,1847.6,564.7,0
635,40,player,0,941.1,555.9,1025.1,724.0,983.1,724.0,1
635,41,player,0,1000.0,945.8,1092.5,1194.4,1046.2,1194.4,0
635,50,player,0,483.5,627.8,553.3,815.0,518.4,815.0,0
635,52,player,0,2360.0,316.7,2424.1,451.6,2392.0,451.6,0
635,60,player,0,229.6,307.3,285.7,453.6,257.6,453.6,0
635,62,player,1,411.0,309.9,455.9,447.0,433.4,447.0,0
635,65,player,1,632.5,319.0,679.0,455.9,655.8,455.9,0
635,66,player,1,2862.3,430.3,2879.4,578.5,2870.9,578.5,0
636,-1,ball,-1,1000.2,706.7,1012.2,718.7,1006.2,712.7,0
636,4,player,1,2124.3,704.9,2198.0,912.7,2161.2,912.7,0
636,5,player,1,2412.1,889.9,2535.1,1131.7,2473.6,1131.7,0
636,12,player,1,2526.7,501.9,2577.7,666.1,2552.2,666.1,0
636,24,player,0,1463.4,840.1,1584.0,1064.0,1523.7,1064.0,0
636,27,player,0,1957.3,706.4,2034.9,931.2,1996.1,931.2,0
636,32,player,1,1464.1,545.4,1547.8,697.0,1505.9,697.0,0
636,33,player,1,1616.8,643.1,1687.4,838.5,1652.1,838.5,0
636,36,player,0,1811.9,420.5,1863.4,566.8,1837.6,566.8,0
636,40,player,0,942.3,555.2,1020.8,725.4,981.6,725.4,1
636,41,player,0,995.2,943.4,1088.5,1193.5,1041.8,1193.5,0
636,50,player,0,480.2,624.6,547.4,814.5,513.8,814.5,0
636,52,player,0,2358.3,319.8,2423.1,451.3,2390.7,451.3,0
636,60,player,0,227.7,307.6,284.2,454.1,256.0,454.1,0
636,62,player,1,409.8,309.8,454.4,446.7,432.1,446.7,0
636,65,player,1,631.0,318.4,677.9,455.8,654.4,455.8,0
636,66,player,1,2861.5,426.5,2879.4,579.4,2870.4,579.4,0
637,-1,ball,-1,997.6,708.0,1009.6,720.0,1003.6,714.0,0
637,4,player,1,2124.3,704.9,2198.1,912.7,2161.2,912.7,0
637,5,player,1,2412.2,889.8,2535.0,1131.7,2473.6,1131.7,0
637,12,player,1,2526.7,501.9,2577.7,666.1,2552.2,666.1,0
637,24,player,0,1463.4,840.1,1584.0,1064.0,1523.7,1064.0,0
637,27,player,0,1957.3,706.4,2034.9,931.2,1996.1,931.2,0
637,32,player,1,1463.6,545.1,1547.8,697.4,1505.7,697.4,0
637,33,player,1,1616.8,643.1,1687.4,838.5,1652.1,838.5,0
637,36,player,0,1811.9,420.5,1863.3,566.8,1837.6,566.8,0
637,40,player,0,942.3,555.2,1020.8,725.4,981.6,725.4,1
637,41,player,0,995.2,943.5,1088.4,1193.3,1041.8,1193.3,0
637,50,player,0,480.2,624.6,547.5,814.5,513.8,814.5,0
637,52,player,0,2358.3,319.8,2423.1,451.3,2390.7,451.3,0
637,60,player,0,227.7,307.8,284.1,454.1,255.9,454.1,0
637,62,player,1,409.8,309.8,454.4,446.7,432.1,446.7,0
637,65,player,1,631.0,318.4,677.9,455.8,654.4,455.8,0
637,66,player,1,2861.5,426.5,2879.3,579.4,2870.4,579.4,0
638,-1,ball,-1,995.0,709.2,1007.0,721.2,1001.0,715.2,0
638,4,player,1,2114.3,701.0,2186.5,913.7,2150.4,913.7,0
638,5,player,1,2401.6,889.5,2526.4,1124.0,2464.0,1124.0,0
638,12,player,1,2509.0,498.9,2570.6,665.2,2539.8,665.2,0
638,24,player,0,1453.0,841.9,1568.4,1062.6,1510.7,1062.6,0
638,27,player,0,1951.5,707.9,2028.9,926.1,1990.2,926.1,0
638,32,player,1,1447.7,548.6,1535.7,699.9,1491.7,699.9,0
638,33,player,1,1610.6,643.4,1684.2,836.2,1647.4,836.2,0
638,36,player,0,1797.0,423.4,1855.3,568.0,1826.2,568.0,0
638,40,player,0,945.4,556.4,1017.9,726.9,981.6,726.9,1
638,41,player,0,991.2,942.5,1084.3,1194.1,1037.8,1194.1,0
638,50,player,0,477.7,622.5,539.3,812.7,508.5,812.7,0
638,52,player,0,2360.0,324.0,2422.5,451.3,2391.2,451.3,0
638,60,player,0,224.4,308.1,280.6,454.4,252.5,454.4,0
638,62,player,1,406.9,311.3,453.3,448.1,430.1,448.1,0
638,65,player,1,628.6,322.1,676.0,456.9,652.3,456.9,0
638,66,player,1,2856.3,426.1,2879.4,579.5,2867.9,579.5,0
639,-1,ball,-1,995.0,709.2,1007.0,721.2,1001.0,715.2,0
639,4,player,1,2114.3,701.0,2186.6,913.8,2150.4,913.8,0
639,5,player,1,2401.6,889.5,2526.4,1124.0,2464.0,1124.0,0
639,12,player,1,2509.3,498.9,2570.5,665.2,2539.9,665.2,0
639,24,player,0,1453.1,841.9,1568.4,1062.6,1510.8,1062.6,0
639,27,player,0,1951.5,707.9,2028.9,926.2,1990.2,926.2,0
639,32,player,1,1447.8,548.6,1535.7,699.9,1491.8,699.9,0
639,33,player,1,1610.6,643.4,1684.2,836.2,1647.4,836.2,0
639,36,player,0,1797.0,423.4,1855.3,568.0,1826.2,568.0,0
639,40,player,0,945.5,556.4,1017.9,726.9,981.7,726.9,1
639,41,player,0,991.2,942.5,1084.2,1194.1,1037.7,1194.1,0
639,50,player,0,477.4,622.7,539.5,812.3,508.4,812.3,0
639,52,player,0,2360.0,324.0,2422.5,451.3,2391.2,451.3,0
639,60,player,0,224.4,308.1,280.6,454.4,252.5,454.4,0
639,62,player,1,406.9,311.3,453.3,448.1,430.1,448.1,0
639,65,player,1,628.6,322.1,676.0,456.9,652.3,456.9,0
639,66,player,1,2856.3,426.1,2879.4,579.6,2867.9,579.6,0
640,-1,ball,-1,995.0,709.3,1007.0,721.3,1001.0,715.3,0
640,4,player,1,2114.3,701.0,2186.5,913.7,2150.4,913.7,0
640,5,player,1,2401.6,889.4,2526.5,1124.0,2464.0,1124.0,0
640,12,player,1,2509.3,498.9,2570.6,665.2,2540.0,665.2,0
640,24,player,0,1453.1,841.8,1568.4,1062.6,1510.8,1062.6,0
640,27,player,0,1951.5,707.8,2029.0,926.3,1990.2,926.3,0
640,32,player,1,1447.7,548.6,1535.8,699.8,1491.8,699.8,0
640,33,player,1,1610.6,643.4,1684.2,836.3,1647.4,836.3,0
640,36,player,0,1797.0,423.4,1855.3,568.0,1826.2,568.0,0
640,40,player,0,945.4,556.4,1018.0,727.0,981.7,727.0,1
640,41,player,0,991.2,942.5,1084.2,1194.1,1037.7,1194.1,0
640,50,player,0,477.8,622.5,539.3,812.6,508.6,812.6,0
640,52,player,0,2360.0,324.1,2422.5,451.3,2391.2,451.3,0
640,60,player,0,224.4,308.1,280.6,454.4,252.5,454.4,0
640,62,player,1,406.9,311.3,453.3,448.1,430.1,448.1,0
640,65,player,1,628.6,322.1,676.0,456.9,652.3,456.9,0
640,66,player,1,2856.3,426.1,2879.4,579.6,2867.9,579.6,0
641,-1,ball,-1,993.0,710.5,1005.0,722.5,999.0,716.5,0
641,4,player,1,2106.2,699.4,2174.0,909.6,2140.1,909.6,0
641,5,player,1,2398.3,892.2,2516.8,1126.0,2457.6,1126.0,0
641,12,player,1,2489.7,497.3,2568.6,665.8,2529.1,665.8,0
641,24,player,0,1448.6,844.3,1549.0,1064.5,1498.8,1064.5,0
641,27,player,0,1944.8,710.8,2022.1,922.2,1983.4,922.2,0
641,32,player,1,1422.9,552.6,1521.5,702.7,1472.2,702.7,0
641,33,player,1,1600.4,644.6,1681.1,836.0,1640.8,836.0,0
641,36,player,0,1785.0,425.6,1845.1,568.3,1815.0,568.3,0
641,40,player,0,949.8,556.3,1015.6,727.1,982.7,727.1,1
641,41,player,0,986.7,942.4,1080.2,1193.7,1033.4,1193.7,0
641,50,player,0,471.1,619.6,535.2,813.3,503.2,813.3,0
641,52,player,0,2358.9,323.7,2420.3,451.3,2389.6,451.3,0
641,60,player,0,222.4,308.7,278.4,456.1,250.4,456.1,0
641,62,player,1,404.2,312.3,449.5,449.8,426.8,449.8,0
641,65,player,1,625.1,319.7,672.4,458.3,648.8,458.3,0
641,66,player,1,2849.3,422.0,2879.5,580.9,2864.4,580.9,0
642,-1,ball,-1,993.2,710.4,1005.2,722.4,999.2,716.4,0
642,4,player,1,2106.1,699.4,2174.1,909.6,2140.1,909.6,0
642,5,player,1,2398.3,892.2,2516.7,1125.9,2457.5,1125.9,0
642,12,player,1,2489.7,497.3,2568.7,665.8,2529.2,665.8,0
642,24,player,0,1448.7,844.3,1549.0,1064.5,1498.8,1064.5,0
642,27,player,0,1945.0,710.9,2022.1,922.2,1983.6,922.2,0
642,32,player,1,1422.8,552.6,1521.5,702.8,1472.2,702.8,0
642,33,player,1,1600.2,644.7,1681.1,836.0,1640.6,836.0,0
642,36,player,0,1785.1,425.6,1845.1,568.3,1815.1,568.3,0
642,40,player,0,949.9,556.3,1015.7,727.1,982.8,727.1,1
642,41,player,0,986.8,942.5,1080.2,1193.7,1033.5,1193.7,0
642,50,player,0,471.1,619.7,534.9,813.3,503.0,813.3,0
642,52,player,0,2358.9,323.7,2420.3,451.3,2389.6,451.3,0
642,60,player,0,222.4,308.7,278.4,456.2,250.4,456.2,0
642,62,player,1,404.2,312.3,449.4,449.8,426.8,449.8,0
642,65,player,1,625.1,319.7,672.4,458.3,648.8,458.3,0
642,66,player,1,2849.3,422.0,2879.5,580.9,2864.4,580.9,0
643,-1,ball,-1,989.0,710.7,1001.0,722.7,995.0,716.7,0
643,4,player,1,2098.8,696.5,2164.3,910.0,2131.6,910.0,0
643,5,player,1,2383.4,896.0,2495.5,1127.5,2439.4,1127.5,0
643,12,player,1,2477.4,495.8,2568.4,665.9,2522.9,665.9,0
643,24,player,0,1441.3,842.6,1524.1,1064.3,1482.7,1064.3,0
643,27,player,0,1938.5,709.0,2014.0,919.6,1976.2,919.6,0
643,32,player,1,1410.3,557.2,1504.7,703.5,1457.5,703.5,0
643,33,player,1,1591.7,647.8,1673.8,834.7,1632.8,834.7,0
643,36,player,0,1769.6,424.7,1834.3,567.9,1802.0,567.9,0
643,40,player,0,954.8,555.7,1011.4,727.2,983.1,727.2,1
643,41,player,0,982.3,940.7,1074.1,1193.8,1028.2,1193.8,0
643,50,player,0,464.8,618.0,531.1,811.9,498.0,811.9,0
643,52,player,0,2360.6,320.4,2416.3,449.6,2388.4,449.6,0
643,60,player,0,219.3,307.8,275.4,455.9,247.4,455.9,0
643,62,player,1,400.5,312.4,445.0,448.2,422.8,448.2,0
643,65,player,1,622.4,318.5,670.9,458.5,646.6,458.5,0
643,66,player,1,2843.1,417.7,2879.3,575.9,2861.2,575.9,0
644,-1,ball,-1,989.0,710.7,1001.0,722.7,995.0,716.7,0
644,4,player,1,2098.7,696.4,2164.2,910.0,2131.4,910.0,0
644,5,player,1,2383.2,896.1,2495.4,1127.5,2439.3,1127.5,0
644,12,player,1,2477.4,495.8,2568.3,665.9,2522.9,665.9,0
644,24,player,0,1441.3,842.7,1524.1,1064.3,1482.7,1064.3,0
644,27,player,0,1938.4,709.0,2014.0,919.6,1976.2,919.6,0
644,32,player,1,1410.2,557.2,1504.7,703.5,1457.4,703.5,0
644,33,player,1,1591.6,647.9,1673.8,834.7,1632.7,834.7,0
644,36,player,0,1769.5,424.7,1834.3,567.9,1801.9,567.9,0
644,40,player,0,954.8,555.7,1011.4,727.2,983.1,727.2,1
644,41,player,0,982.3,940.7,1074.2,1193.8,1028.2,1193.8,0
644,50,player,0,464.8,618.0,531.3,812.0,498.0,812.0,0
644,52,player,0,2360.5,320.4,2416.3,449.9,2388.4,449.9,0
644,60,player,0,219.3,307.8,275.4,455.9,247.4,455.9,0
644,62,player,1,400.5,312.4,445.0,448.2,422.8,448.2,0
644,65,player,1,622.4,318.5,670.9,458.5,646.6,458.5,0
644,66,player,1,2843.1,417.7,2879.3,575.6,2861.2,575.6,0
645,-1,ball,-1,989.0,710.7,1001.0,722.7,995.0,716.7,0
645,4,player,1,2098.7,696.3,2164.2,910.0,2131.4,910.0,0
645,5,player,1,2383.2,896.2,2494.7,1127.4,2439.0,1127.4,0
645,12,player,1,2477.4,495.8,2568.6,665.9,2523.0,665.9,0
645,24,player,0,1441.3,842.6,1524.1,1064.3,1482.7,1064.3,0
645,27,player,0,1938.3,709.0,2014.0,919.5,1976.2,919.5,0
645,32,player,1,1410.5,557.2,1504.7,703.7,1457.6,703.7,0
645,33,player,1,1591.8,647.9,1673.7,834.7,1632.8,834.7,0
645,36,player,0,1769.5,424.7,1834.4,567.9,1802.0,567.9,0
645,40,player,0,954.8,555.7,1011.4,727.3,983.1,727.3,1
645,41,player,0,982.2,940.7,1074.2,1193.8,1028.2,1193.8,0
645,50,player,0,464.8,618.0,531.2,812.0,498.0,812.0,0
645,52,player,0,2360.5,320.4,2416.2,449.7,2388.4,449.7,0
645,60,player,0,219.3,307.8,275.4,455.9,247.4,455.9,0
645,62,player,1,400.5,312.4,445.0,448.2,422.8,448.2,0
645,65,player,1,622.4,318.5,670.9,458.5,646.6,458.5,0
645,66,player,1,2843.1,417.7,2879.3,575.7,2861.2,575.7,0
646,-1,ball,-1,988.8,710.6,1000.8,722.6,994.8,716.6,0
646,4,player,1,2087.3,690.4,2155.9,911.0,2121.6,911.0,0
646,5,player,1,2368.8,894.2,2471.2,1125.7,2420.0,1125.7,0
646,12,player,1,2464.0,493.0,2557.8,665.2,2510.9,665.2,0
646,24,player,0,1432.1,839.3,1508.2,1063.6,1470.2,1063.6,0
646,27,player,0,1927.9,708.0,2005.9,916.6,1966.9,916.6,0
646,32,player,1,1401.3,560.0,1489.1,705.2,1445.2,705.2,0
646,33,player,1,1584.4,646.6,1665.7,832.8,1625.1,832.8,0
646,36,player,0,1751.8,423.8,1826.7,566.6,1789.2,566.6,0
646,40,player,0,952.2,553.5,1008.1,726.6,980.2,726.6,1
646,41,player,0,976.3,940.7,1070.8,1195.5,1023.6,1195.5,0
646,50,player,0,457.1,619.0,525.4,803.8,491.2,803.8,0
646,52,player,0,2355.2,321.2,2412.6,444.1,2383.9,444.1,0
646,60,player,0,216.1,306.4,272.3,456.1,244.2,456.1,0
646,62,player,1,398.6,312.6,442.3,449.0,420.4,449.0,0
646,65,player,1,618.8,319.0,666.6,458.3,642.7,458.3,0
646,66,player,1,2834.9,415.9,2878.6,576.8,2856.8,576.8,0
647,-1,ball,-1,988.5,710.5,1000.5,722.5,994.5,716.5,0
647,4,player,1,2087.5,690.4,2155.9,910.9,2121.7,910.9,0
647,5,player,1,2368.8,894.3,2471.2,1125.8,2420.0,1125.8,0
647,12,player,1,2464.0,492.9,2557.7,665.2,2510.8,665.2,0
647,24,player,0,1432.0,839.3,1508.3,1063.6,1470.2,1063.6,0
647,27,player,0,1928.0,708.0,2005.9,916.7,1967.0,916.7,0
647,32,player,1,1401.5,559.9,1489.2,705.3,1445.4,705.3,0
647,33,player,1,1584.4,646.6,1665.8,832.9,1625.1,832.9,0
647,36,player,0,1751.8,423.8,1826.6,566.5,1789.2,566.5,0
647,40,player,0,952.2,553.5,1008.1,726.6,980.2,726.6,1
647,41,player,0,976.2,940.7,1070.7,1195.6,1023.4,1195.6,0
647,50,player,0,457.1,619.1,524.5,803.8,490.8,803.8,0
647,52,player,0,2355.3,321.2,2412.6,444.2,2384.0,444.2,0
647,60,player,0,216.1,306.4,272.3,456.1,244.2,456.1,0
647,62,player,1,398.6,312.6,442.3,449.0,420.4,449.0,0
647,65,player,1,618.8,319.0,666.6,458.3,642.7,458.3,0
647,66,player,1,2834.9,415.9,2878.6,576.8,2856.8,576.8,0
648,-1,ball,-1,988.3,710.4,1000.3,722.4,994.3,716.4,0
648,4,player,1,2072.1,688.7,2152.1,908.9,2112.1,908.9,0
648,5,player,1,2352.8,892.2,2441.6,1125.8,2397.2,1125.8,0
648,12,player,1,2451.6,493.1,2553.9,656.2,2502.8,656.2,0
648,24,player,0,1419.6,834.2,1494.8,1062.9,1457.2,1062.9,0
648,27,player,0,1921.1,705.7,1998.5,918.7,1959.8,918.7,0
648,32,player,1,1399.4,562.2,1476.3,704.8,1437.8,704.8,0
648,33,player,1,1575.5,645.5,1649.0,832.2,1612.2,832.2,0
648,36,player,0,1736.7,424.5,1823.8,566.7,1780.2,566.7,0
648,40,player,0,948.3,553.5,1009.3,727.7,978.8,727.7,1
648,41,player,0,971.9,941.6,1065.6,1195.4,1018.8,1195.4,0
648,50,player,0,449.5,620.7,526.3,803.3,487.9,803.3,0
648,52,player,0,2356.6,319.4,2410.5,445.8,2383.6,445.8,0
648,60,player,0,213.0,305.7,269.4,455.6,241.2,455.6,0
648,62,player,1,396.2,313.4,440.1,448.3,418.2,448.3,0
648,65,player,1,616.9,319.9,664.0,458.6,640.4,458.6,0
648,66,player,1,2827.8,413.3,2873.4,578.1,2850.6,578.1,0
649,-1,ball,-1,988.1,710.3,1000.1,722.3,994.1,716.3,0
649,4,player,1,2071.6,687.4,2152.3,908.6,2112.0,908.6,0
649,5,player,1,2352.8,892.2,2441.1,1125.8,2397.0,1125.8,0
649,12,player,1,2451.6,493.1,2553.8,656.2,2502.7,656.2,0
649,24,player,0,1419.6,834.2,1494.8,1062.8,1457.2,1062.8,0
649,27,player,0,1921.0,705.7,1998.5,918.6,1959.8,918.6,0
649,32,player,1,1399.3,562.2,1476.3,704.7,1437.8,704.7,0
649,33,player,1,1575.4,645.5,1648.8,832.2,1612.1,832.2,0
649,36,player,0,1736.7,424.5,1823.7,566.7,1780.2,566.7,0
649,40,player,0,948.2,553.5,1009.3,727.7,978.8,727.7,1
649,41,player,0,971.9,941.6,1065.6,1195.4,1018.8,1195.4,0
649,50,player,0,449.4,620.7,526.1,803.3,487.8,803.3,0
649,52,player,0,2356.6,319.4,2410.5,445.8,2383.6,445.8,0
649,60,player,0,213.0,305.7,269.4,455.6,241.2,455.6,0
649,62,player,1,396.2,313.5,440.1,448.3,418.2,448.3,0
649,65,player,1,616.9,319.9,664.0,458.6,640.4,458.6,0
649,66,player,1,2827.8,413.3,2873.4,578.2,2850.6,578.2,0
650,-1,ball,-1,987.8,710.2,999.8,722.2,993.8,716.2,0
650,4,player,1,2064.3,689.0,2152.6,905.0,2108.4,905.0,0
650,5,player,1,2336.8,886.4,2424.0,1126.1,2380.4,1126.1,0
650,12,player,1,2445.4,492.4,2546.9,652.0,2496.2,652.0,0
650,24,player,0,1404.1,828.7,1482.8,1061.1,1443.4,1061.1,0
650,27,player,0,1913.7,700.4,1990.8,921.2,1952.2,921.2,0
650,32,player,1,1396.2,562.6,1465.4,705.7,1430.8,705.7,0
650,33,player,1,1567.2,644.6,1637.2,832.7,1602.2,832.7,0
650,36,player,0,1730.4,423.9,1817.8,568.8,1774.1,568.8,0
650,40,player,0,945.2,553.6,1010.4,729.0,977.8,729.0,1
650,41,player,0,965.7,943.4,1062.0,1196.3,1013.8,1196.3,0
650,50,player,0,440.2,621.5,528.1,803.7,484.2,803.7,0
650,52,player,0,2355.8,319.6,2409.9,452.2,2382.9,452.2,0
650,60,player,0,210.3,307.4,267.8,456.6,239.0,456.6,0
650,62,player,1,391.5,314.2,438.3,449.9,414.9,449.9,0
650,65,player,1,614.4,321.7,661.3,459.1,637.8,459.1,0
650,66,player,1,2820.4,413.5,2869.1,577.1,2844.8,577.1,0
651,-1,ball,-1,987.8,710.2,999.8,722.2,993.8,716.2,0
651,4,player,1,2064.3,689.0,2152.6,905.0,2108.4,905.0,0
651,5,player,1,2336.6,886.5,2424.0,1126.0,2380.3,1126.0,0
651,12,player,1,2445.4,492.4,2546.9,652.0,2496.2,652.0,0
651,24,player,0,1404.1,828.7,1482.8,1061.1,1443.4,1061.1,0
651,27,player,0,1913.7,700.4,1990.8,921.1,1952.2,921.1,0
651,32,player,1,1396.2,562.7,1465.4,705.7,1430.8,705.7,0
651,33,player,1,1567.2,644.6,1637.2,832.7,1602.2,832.7,0
651,36,player,0,1730.4,423.9,1817.8,568.8,1774.1,568.8,0
651,40,player,0,945.1,553.6,1010.4,729.0,977.8,729.0,1
651,41,player,0,965.7,943.4,1062.0,1196.2,1013.8,1196.2,0
651,50,player,0,440.2,621.4,528.1,803.8,484.2,803.8,0
651,52,player,0,2355.8,319.6,2409.9,452.2,2382.9,452.2,0
651,60,player,0,210.3,307.4,267.8,456.6,239.0,456.6,0
651,62,player,1,391.5,314.2,438.3,449.9,414.9,449.9,0
651,65,player,1,614.4,321.7,661.3,459.1,637.8,459.1,0
651,66,player,1,2820.4,413.5,2869.1,577.1,2844.8,577.1,0
652,-1,ball,-1,987.8,710.2,999.8,722.2,993.8,716.2,0
652,4,player,1,2064.3,689.0,2152.7,905.0,2108.5,905.0,0
652,5,player,1,2336.7,886.5,2424.0,1126.1,2380.4,1126.1,0
652,12,player,1,2445.4,492.4,2546.9,652.0,2496.2,652.0,0
652,24,player,0,1404.2,828.7,1482.8,1061.1,1443.5,1061.1,0
652,27,player,0,1913.8,700.4,1990.8,921.1,1952.3,921.1,0
652,32,player,1,1396.2,562.7,1465.4,705.7,1430.8,705.7,0
652,33,player,1,1567.2,644.6,1637.2,832.7,1602.2,832.7,0
652,36,player,0,1730.4,423.9,1817.8,568.8,1774.1,568.8,0
652,40,player,0,945.1,553.6,1010.4,729.0,977.8,729.0,1
652,41,player,0,965.7,943.4,1062.0,1196.2,1013.8,1196.2,0
652,50,player,0,440.2,621.5,528.1,803.8,484.2,803.8,0
652,52,player,0,2355.9,319.6,2409.9,452.2,2382.9,452.2,0
652,60,player,0,210.3,307.4,267.8,456.6,239.0,456.6,0
652,62,player,1,391.5,314.2,438.3,449.9,414.9,449.9,0
652,65,player,1,614.4,321.7,661.3,459.1,637.8,459.1,0
652,66,player,1,2820.4,413.5,2869.2,577.2,2844.8,577.2,0
653,-1,ball,-1,987.8,710.2,999.8,722.2,993.8,716.2,0
653,4,player,1,2064.4,689.1,2152.5,905.0,2108.4,905.0,0
653,5,player,1,2336.7,886.5,2424.0,1126.1,2380.4,1126.1,0
653,12,player,1,2445.4,492.4,2547.0,652.1,2496.2,652.1,0
653,24,player,0,1404.1,828.6,1482.7,1061.1,1443.4,1061.1,0
653,27,player,0,1913.8,700.4,1990.9,921.1,1952.4,921.1,0
653,32,player,1,1396.2,562.7,1465.4,705.8,1430.8,705.8,0
653,33,player,1,1567.3,644.7,1637.2,832.7,1602.2,832.7,0
653,36,player,0,1730.4,423.9,1817.8,568.8,1774.1,568.8,0
653,40,player,0,945.1,553.7,1010.4,729.0,977.8,729.0,1
653,41,player,0,965.7,943.3,1062.0,1196.3,1013.8,1196.3,0
653,50,player,0,440.3,621.5,528.0,803.7,484.2,803.7,0
653,52,player,0,2355.8,319.5,2409.9,452.2,2382.9,452.2,0
653,60,player,0,210.3,307.4,267.8,456.6,239.0,456.6,0
653,62,player,1,391.5,314.1,438.3,449.9,414.9,449.9,0
653,65,player,1,614.4,321.7,661.3,459.1,637.8,459.1,0
653,66,player,1,2820.4,413.5,2869.1,577.1,2844.8,577.1,0
654,-1,ball,-1,990.0,710.6,1002.0,722.6,996.0,716.6,0
654,4,player,1,2057.9,693.2,2148.0,899.3,2103.0,899.3,0
654,5,player,1,2324.8,881.1,2417.5,1125.6,2371.2,1125.6,0
654,12,player,1,2447.0,495.8,2538.2,648.8,2492.6,648.8,0
654,24,player,0,1387.4,825.2,1472.6,1053.0,1430.0,1053.0,0
654,27,player,0,1906.1,698.2,1983.0,919.8,1944.6,919.8,0
654,32,player,1,1394.4,560.6,1455.8,705.6,1425.1,705.6,0
654,33,player,1,1559.1,641.6,1632.3,832.6,1595.7,832.6,0
654,36,player,0,1728.4,425.4,1810.5,570.7,1769.4,570.7,0
654,40,player,0,943.3,554.5,1010.7,729.7,977.0,729.7,1
654,41,player,0,961.0,943.9,1057.5,1197.2,1009.2,1197.2,0
654,50,player,0,436.7,622.6,526.3,802.8,481.5,802.8,0
654,52,player,0,2350.1,326.6,2407.8,450.7,2379.0,450.7,0
654,60,player,0,206.1,309.9,264.8,456.8,235.4,456.8,0
654,62,player,1,389.5,313.8,435.2,450.4,412.4,450.4,0
654,65,player,1,612.4,319.9,657.5,460.1,635.0,460.1,0
654,66,player,1,2804.5,413.5,2863.4,577.3,2834.0,577.3,0
655,-1,ball,-1,1609.1,814.2,1621.1,826.2,1615.1,820.2,0
655,4,player,1,2046.7,694.4,2140.9,897.9,2093.8,897.9,0
655,5,player,1,2308.7,875.5,2409.2,1125.5,2359.0,1125.5,0
655,12,player,1,2438.5,497.5,2525.2,648.5,2481.8,648.5,0
655,24,player,0,1371.0,824.6,1461.3,1045.4,1416.2,1045.4,0
655,27,player,0,1897.4,696.0,1974.3,918.6,1935.8,918.6,0
655,32,player,1,1392.4,558.0,1449.8,705.4,1421.1,705.4,0
655,33,player,1,1551.4,637.5,1624.7,833.9,1588.1,833.9,1
655,36,player,0,1725.2,423.7,1797.0,570.4,1761.1,570.4,0
655,40,player,0,939.5,556.0,1008.3,730.6,973.9,730.6,0
655,41,player,0,957.1,942.3,1053.1,1196.3,1005.1,1196.3,0
655,50,player,0,432.3,619.7,520.8,804.8,476.6,804.8,0
655,52,player,0,2344.3,323.1,2405.8,449.4,2375.0,449.4,0
655,60,player,0,203.7,309.8,261.5,457.7,232.6,457.7,0
655,62,player,1,388.7,314.7,431.9,451.5,410.3,451.5,0
655,65,player,1,609.1,319.4,655.0,460.7,632.0,460.7,0
655,66,player,1,2790.8,415.5,2861.7,578.4,2826.2,578.4,0
656,-1,ball,-1,1609.1,814.2,1621.1,826.2,1615.1,820.2,0
656,4,player,1,2046.6,694.5,2140.8,897.9,2093.7,897.9,0
656,5,player,1,2308.8,875.5,2409.2,1125.5,2359.0,1125.5,0
656,12,player,1,2438.6,496.5,2526.2,648.5,2482.4,648.5,0
656,24,player,0,1371.0,824.6,1461.3,1045.4,1416.2,1045.4,0
656,27,player,0,1897.4,696.1,1974.3,918.6,1935.8,918.6,0
656,32,player,1,1392.4,558.0,1449.8,705.4,1421.1,705.4,0
656,33,player,1,1551.3,637.5,1624.7,833.9,1588.0,833.9,1
656,36,player,0,1725.2,423.6,1796.9,570.5,1761.0,570.5,0
656,40,player,0,939.5,556.1,1008.3,730.6,973.9,730.6,0
656,41,player,0,957.1,942.2,1053.1,1196.2,1005.1,1196.2,0
656,50,player,0,432.3,619.8,520.7,804.7,476.5,804.7,0
656,52,player,0,2344.3,323.1,2405.8,449.4,2375.0,449.4,0
656,60,player,0,203.7,309.8,261.5,457.7,232.6,457.7,0
656,62,player,1,388.7,314.7,431.9,451.5,410.3,451.5,0
656,65,player,1,609.1,319.5,655.0,460.6,632.0,460.6,0
656,66,player,1,2790.7,415.5,2861.8,578.4,2826.2,578.4,0
657,-1,ball,-1,1609.1,814.2,1621.1,826.2,1615.1,820.2,0
657,4,player,1,2046.7,694.4,2140.9,897.9,2093.8,897.9,0
657,5,player,1,2308.7,875.4,2409.2,1125.5,2359.0,1125.5,0
657,12,player,1,2438.6,496.5,2526.2,648.3,2482.4,648.3,0
657,24,player,0,1371.0,824.6,1461.3,1045.4,1416.2,1045.4,0
657,27,player,0,1897.4,696.1,1974.3,918.5,1935.8,918.5,0
657,32,player,1,1392.4,558.0,1449.8,705.4,1421.1,705.4,0
657,33,player,1,1551.3,637.5,1624.8,834.0,1588.0,834.0,1
657,36,player,0,1725.2,423.7,1796.9,570.4,1761.0,570.4,0
657,40,player,0,939.5,556.0,1008.3,730.5,973.9,730.5,0
657,41,player,0,957.1,942.3,1053.1,1196.2,1005.1,1196.2,0
657,50,player,0,432.3,619.7,520.7,804.8,476.5,804.8,0
657,52,player,0,2344.3,323.1,2405.8,449.4,2375.0,449.4,0
657,60,player,0,203.7,309.8,261.5,457.7,232.6,457.7,0
657,62,player,1,388.7,314.7,431.9,451.5,410.3,451.5,0
657,65,player,1,609.1,319.5,655.0,460.7,632.0,460.7,0
657,66,player,1,2790.7,415.6,2861.9,578.6,2826.3,578.6,0
658,-1,ball,-1,984.2,712.4,996.2,724.4,990.2,718.4,0
658,4,player,1,2035.3,694.9,2128.7,899.9,2082.0,899.9,0
658,5,player,1,2292.9,874.8,2399.3,1112.2,2346.1,1112.2,0
658,12,player,1,2427.6,497.3,2507.5,641.0,2467.6,641.0,0
658,24,player,0,1360.5,825.0,1447.9,1047.5,1404.2,1047.5,0
658,27,player,0,1882.6,697.0,1968.0,916.5,1925.3,916.5,0
658,32,player,1,1384.8,554.7,1446.3,705.7,1415.6,705.7,0
658,33,player,1,1544.4,638.9,1614.7,829.5,1579.6,829.5,0
658,36,player,0,1718.7,418.4,1782.9,569.5,1750.8,569.5,0
658,40,player,0,936.3,557.1,1004.6,731.2,970.4,731.2,1
658,41,player,0,952.4,943.2,1049.7,1195.6,1001.0,1195.6,0
658,50,player,0,429.4,616.7,514.5,805.1,472.0,805.1,0
658,52,player,0,2339.1,329.3,2404.7,448.4,2371.9,448.4,0
658,60,player,0,199.9,310.2,257.9,458.1,228.9,458.1,0
658,62,player,1,385.1,315.1,430.1,451.5,407.6,451.5,0
658,65,player,1,606.9,319.6,651.9,460.5,629.4,460.5,0
658,66,player,1,2780.3,419.2,2860.0,579.1,2820.2,579.1,0
659,-1,ball,-1,984.2,712.4,996.2,724.4,990.2,718.4,0
659,4,player,1,2035.3,694.9,2128.6,899.8,2082.0,899.8,0
659,5,player,1,2292.8,874.7,2399.2,1112.2,2346.0,1112.2,0
659,12,player,1,2427.6,497.5,2507.5,640.9,2467.6,640.9,0
659,24,player,0,1360.4,825.1,1447.9,1047.2,1404.2,1047.2,0
659,27,player,0,1882.7,697.0,1968.0,916.7,1925.4,916.7,0
659,32,player,1,1384.7,554.7,1446.1,705.8,1415.4,705.8,0
659,33,player,1,1544.4,638.9,1614.6,829.5,1579.5,829.5,0
659,36,player,0,1718.7,418.4,1782.9,569.6,1750.8,569.6,0
659,40,player,0,936.3,557.1,1004.7,731.2,970.5,731.2,1
659,41,player,0,952.4,943.3,1049.7,1195.5,1001.0,1195.5,0
659,50,player,0,429.4,616.7,514.5,805.0,472.0,805.0,0
659,52,player,0,2339.0,329.3,2404.7,448.4,2371.8,448.4,0
659,60,player,0,199.9,310.1,257.9,458.1,228.9,458.1,0
659,62,player,1,385.1,315.1,430.1,451.5,407.6,451.5,0
659,65,player,1,606.9,319.6,651.9,460.5,629.4,460.5,0
659,66,player,1,2780.4,419.2,2859.9,579.0,2820.2,579.0,0
660,-1,ball,-1,984.0,712.4,996.0,724.4,990.0,718.4,0
660,4,player,1,2035.3,694.9,2128.7,899.8,2082.0,899.8,0
660,5,player,1,2292.9,874.7,2399.0,1112.2,2346.0,1112.2,0
660,12,player,1,2427.5,497.3,2507.5,640.9,2467.5,640.9,0
660,24,player,0,1360.4,825.1,1447.9,1047.2,1404.2,1047.2,0
660,27,player,0,1882.6,697.0,1967.9,916.6,1925.2,916.6,0
660,32,player,1,1384.7,554.8,1446.0,705.8,1415.4,705.8,0
660,33,player,1,1544.4,638.9,1614.5,829.6,1579.4,829.6,0
660,36,player,0,1718.7,418.4,1782.8,569.6,1750.8,569.6,0
660,40,player,0,936.2,557.2,1004.6,731.2,970.4,731.2,1
660,41,player,0,952.4,943.2,1049.7,1195.4,1001.0,1195.4,0
660,50,player,0,429.4,616.7,514.4,804.9,471.9,804.9,0
660,52,player,0,2339.1,329.3,2404.7,448.4,2371.9,448.4,0
660,60,player,0,199.9,310.1,257.9,458.1,228.9,458.1,0
660,62,player,1,385.1,315.1,430.1,451.5,407.6,451.5,0
660,65,player,1,606.9,319.6,652.0,460.5,629.4,460.5,0
660,66,player,1,2780.4,419.2,2859.9,579.1,2820.2,579.1,0
661,-1,ball,-1,2471.6,621.3,2483.6,633.3,2477.6,627.3,0
661,4,player,1,2026.3,691.7,2114.4,899.6,2070.4,899.6,0
661,5,player,1,2280.7,874.1,2386.9,1105.3,2333.8,1105.3,0
661,24,player,0,1350.9,826.4,1435.8,1046.6,1393.4,1046.6,0
661,27,player,0,1876.4,699.4,1962.9,913.2,1919.6,913.2,0
661,32,player,1,1379.5,552.3,1442.7,705.5,1411.1,705.5,0
661,33,player,1,1537.5,639.6,1603.5,826.5,1570.5,826.5,0
661,36,player,0,1711.0,415.9,1768.5,567.9,1739.8,567.9,0
661,40,player,0,932.7,556.6,1001.4,732.3,967.0,732.3,0
661,41,player,0,949.0,940.6,1045.0,1193.3,997.0,1193.3,0
661,50,player,0,426.1,612.4,507.8,803.7,467.0,803.7,0
661,52,player,0,2338.4,331.9,2408.3,449.6,2373.4,449.6,0
661,60,player,0,196.4,308.8,255.0,458.3,225.7,458.3,0
661,62,player,1,381.8,315.2,427.7,452.6,404.8,452.6,0
661,65,player,1,604.4,320.6,649.2,460.4,626.8,460.4,0
661,66,player,1,2774.3,421.7,2859.1,580.3,2816.7,580.3,0
662,-1,ball,-1,974.7,712.9,986.7,724.9,980.7,718.9,0
662,4,player,1,2023.0,688.3,2095.9,898.9,2059.4,898.9,0
662,5,player,1,2271.6,876.3,2374.6,1102.8,2323.1,1102.8,0
662,24,player,0,1342.6,825.7,1424.0,1046.5,1383.3,1046.5,0
662,27,player,0,1871.9,701.9,1956.7,911.5,1914.3,911.5,0
662,32,player,1,1374.0,551.8,1441.8,705.9,1407.9,705.9,0
662,33,player,1,1530.9,639.6,1593.6,825.9,1562.2,825.9,0
662,36,player,0,1704.6,412.5,1752.3,565.8,1728.4,565.8,0
662,40,player,0,929.5,557.4,997.6,732.3,963.6,732.3,1
662,41,player,0,945.0,938.8,1040.8,1189.1,992.9,1189.1,0
662,50,player,0,422.7,609.3,503.3,803.9,463.0,803.9,0
662,52,player,0,2337.1,331.3,2412.0,449.5,2374.6,449.5,0
662,60,player,0,193.1,308.8,252.4,457.9,222.8,457.9,0
662,62,player,1,379.4,314.3,424.0,451.6,401.7,451.6,0
662,65,player,1,601.6,316.5,647.7,460.7,624.7,460.7,0
662,66,player,1,2773.1,425.3,2858.7,579.7,2815.9,579.7,0
662,67,player,1,2408.6,488.3,2453.5,611.2,2431.0,611.2,0
663,-1,ball,-1,974.8,713.0,986.8,725.0,980.8,719.0,0
663,4,player,1,2023.0,688.2,2095.9,898.9,2059.4,898.9,0
663,5,player,1,2271.6,876.2,2374.6,1102.8,2323.1,1102.8,0
663,24,player,0,1342.6,825.8,1424.0,1046.5,1383.3,1046.5,0
663,27,player,0,1871.9,701.9,1956.7,911.6,1914.3,911.6,0
663,32,player,1,1374.0,551.8,1441.8,705.9,1407.9,705.9,0
663,33,player,1,1530.9,639.6,1593.6,825.9,1562.2,825.9,0
663,36,player,0,1704.6,412.5,1752.3,565.8,1728.4,565.8,0
663,40,player,0,929.5,557.4,997.7,732.3,963.6,732.3,1
663,41,player,0,945.0,938.8,1040.8,1189.3,992.9,1189.3,0
663,50,player,0,422.7,609.3,503.3,803.9,463.0,803.9,0
663,52,player,0,2337.1,331.3,2412.0,449.5,2374.6,449.5,0
663,60,player,0,193.1,308.8,252.4,457.9,222.8,457.9,0
663,62,player,1,379.4,314.3,424.0,451.6,401.7,451.6,0
663,65,player,1,601.6,316.5,647.7,460.7,624.7,460.7,0
663,66,player,1,2773.2,425.4,2858.7,579.7,2816.0,579.7,0
663,67,player,1,2408.6,488.3,2453.5,611.2,2431.0,611.2,0
664,-1,ball,-1,974.8,713.0,986.8,725.0,980.8,719.0,0
664,4,player,1,2023.0,688.2,2095.9,898.8,2059.4,898.8,0
664,5,player,1,2271.5,876.2,2374.6,1102.8,2323.0,1102.8,0
664,24,player,0,1342.6,825.8,1424.0,1046.5,1383.3,1046.5,0
664,27,player,0,1871.9,701.9,1956.7,911.6,1914.3,911.6,0
664,32,player,1,1374.0,551.8,1441.8,705.9,1407.9,705.9,0
664,33,player,1,1530.9,639.7,1593.7,825.9,1562.3,825.9,0
664,36,player,0,1704.6,412.5,1752.4,565.8,1728.5,565.8,0
664,40,player,0,929.5,557.4,997.7,732.3,963.6,732.3,1
664,41,player,0,945.0,938.9,1040.8,1189.2,992.9,1189.2,0
664,50,player,0,422.7,609.3,503.3,803.9,463.0,803.9,0
664,52,player,0,2337.2,331.3,2412.0,449.5,2374.6,449.5,0
664,60,player,0,193.1,308.8,252.4,457.9,222.8,457.9,0
664,62,player,1,379.4,314.3,424.0,451.6,401.7,451.6,0
664,65,player,1,601.6,316.5,647.7,460.7,624.7,460.7,0
664,66,player,1,2773.4,425.4,2858.6,579.8,2816.0,579.8,0
664,67,player,1,2408.6,488.3,2453.3,611.4,2431.0,611.4,0
665,-1,ball,-1,968.6,713.1,980.6,725.1,974.6,719.1,0
665,4,player,1,2013.3,683.5,2089.1,898.0,2051.2,898.0,0
665,5,player,1,2261.0,879.5,2353.2,1102.3,2307.1,1102.3,0
665,24,player,0,1330.9,821.4,1411.5,1045.2,1371.2,1045.2,0
665,27,player,0,1864.8,701.7,1949.0,911.4,1906.9,911.4,0
665,32,player,1,1369.0,553.0,1439.3,705.5,1404.2,705.5,0
665,33,player,1,1524.7,641.9,1580.6,823.3,1552.6,823.3,0
665,36,player,0,1697.5,408.9,1743.7,563.9,1720.6,563.9,0
665,40,player,0,927.6,559.8,992.6,732.2,960.1,732.2,1
665,41,player,0,942.3,935.4,1035.8,1181.5,989.0,1181.5,0
665,50,player,0,414.8,609.3,497.0,803.2,455.9,803.2,0
665,52,player,0,2336.5,326.5,2415.5,449.7,2376.0,449.7,0
665,60,player,0,191.3,309.3,250.1,457.7,220.7,457.7,0
665,62,player,1,377.3,313.5,421.8,450.9,399.6,450.9,0
665,65,player,1,600.7,317.1,646.3,460.7,623.5,460.7,0
665,66,player,1,2773.7,424.7,2852.0,579.3,2812.8,579.3,0
665,67,player,1,2402.2,485.2,2444.7,617.6,2423.4,617.6,0
666,-1,ball,-1,968.6,713.2,980.6,725.2,974.6,719.2,0
666,4,player,1,2013.3,683.5,2089.1,898.0,2051.2,898.0,0
666,5,player,1,2261.1,879.4,2353.3,1102.3,2307.2,1102.3,0
666,24,player,0,1330.8,821.4,1411.6,1045.3,1371.2,1045.3,0
666,27,player,0,1864.8,701.7,1949.0,911.4,1906.9,911.4,0
666,32,player,1,1368.9,553.0,1439.3,705.5,1404.1,705.5,0
666,33,player,1,1524.7,641.9,1580.7,823.1,1552.7,823.1,0
666,36,player,0,1697.4,408.9,1743.9,563.9,1720.6,563.9,0
666,40,player,0,927.6,559.8,992.6,732.1,960.1,732.1,1
666,41,player,0,942.3,935.4,1035.8,1181.6,989.0,1181.6,0
666,50,player,0,414.8,609.3,497.0,802.9,455.9,802.9,0
666,52,player,0,2336.5,326.2,2415.2,449.8,2375.8,449.8,0
666,60,player,0,191.3,309.3,250.1,457.7,220.7,457.7,0
666,62,player,1,377.3,313.5,421.7,450.9,399.5,450.9,0
666,65,player,1,600.7,317.1,646.3,460.7,623.5,460.7,0
666,66,player,1,2773.8,424.7,2852.0,579.3,2812.9,579.3,0
666,67,player,1,2402.1,485.4,2444.6,617.5,2423.4,617.5,0
667,-1,ball,-1,963.8,712.8,975.8,724.8,969.8,718.8,0
667,4,player,1,2008.5,681.5,2082.9,898.8,2045.7,898.8,0
667,5,player,1,2243.7,877.6,2331.0,1102.9,2287.4,1102.9,0
667,24,player,0,1323.6,815.3,1409.6,1043.6,1366.6,1043.6,0
667,27,player,0,1858.6,698.8,1942.9,912.4,1900.8,912.4,0
667,32,player,1,1363.0,555.1,1437.1,705.8,1400.0,705.8,0
667,33,player,1,1518.5,640.4,1569.4,823.0,1544.0,823.0,0
667,36,player,0,1689.9,409.1,1737.1,562.5,1713.5,562.5,0
667,40,player,0,922.8,560.3,985.8,731.2,954.3,731.2,1
667,41,player,0,939.5,933.4,1030.4,1180.6,985.0,1180.6,0
667,50,player,0,411.5,611.9,495.6,792.7,453.6,792.7,0
667,52,player,0,2337.9,325.1,2419.9,450.8,2378.9,450.8,0
667,60,player,0,191.3,306.9,249.4,457.4,220.4,457.4,0
667,62,player,1,377.8,313.0,419.9,450.8,398.8,450.8,0
667,65,player,1,598.6,316.9,644.8,460.4,621.7,460.4,0
667,66,player,1,2773.1,420.3,2847.8,577.3,2810.4,577.3,0
667,67,player,1,2392.6,482.4,2436.8,628.2,2414.7,628.2,0
668,-1,ball,-1,963.8,712.8,975.8,724.8,969.8,718.8,0
668,4,player,1,2008.5,681.4,2082.9,898.5,2045.7,898.5,0
668,5,player,1,2243.7,877.4,2331.0,1102.9,2287.4,1102.9,0
668,24,player,0,1323.6,815.3,1409.6,1043.5,1366.6,1043.5,0
668,27,player,0,1858.6,698.8,1942.9,912.3,1900.8,912.3,0
668,32,player,1,1362.9,555.1,1437.1,705.8,1400.0,705.8,0
668,33,player,1,1518.5,640.4,1569.4,823.0,1544.0,823.0,0
668,36,player,0,1689.9,409.1,1737.1,562.5,1713.5,562.5,0
668,40,player,0,922.8,560.3,985.7,731.0,954.2,731.0,1
668,41,player,0,939.5,933.3,1030.4,1180.5,985.0,1180.5,0
668,50,player,0,411.4,611.9,495.6,792.8,453.5,792.8,0
668,52,player,0,2338.0,325.2,2419.9,450.7,2379.0,450.7,0
668,60,player,0,191.3,306.9,249.4,457.4,220.4,457.4,0
668,62,player,1,377.8,313.0,419.8,450.9,398.8,450.9,0
668,65,player,1,598.6,317.0,644.7,460.4,621.7,460.4,0
668,66,player,1,2773.1,420.4,2847.8,577.3,2810.4,577.3,0
668,67,player,1,2392.6,482.5,2436.8,628.3,2414.7,628.3,0
669,-1,ball,-1,963.8,712.8,975.8,724.8,969.8,718.8,0
669,4,player,1,2008.5,681.4,2082.9,898.8,2045.7,898.8,0
669,5,player,1,2243.7,877.5,2330.8,1102.9,2287.2,1102.9,0
669,24,player,0,1323.6,815.2,1409.6,1043.6,1366.6,1043.6,0
669,27,player,0,1858.6,698.8,1943.0,912.2,1900.8,912.2,0
669,32,player,1,1362.9,555.0,1437.2,705.8,1400.1,705.8,0
669,33,player,1,1518.6,640.5,1569.3,822.8,1543.9,822.8,0
669,36,player,0,1690.0,409.2,1737.1,562.4,1713.6,562.4,0
669,40,player,0,922.8,560.1,985.8,730.9,954.3,730.9,1
669,41,player,0,939.5,933.3,1030.4,1180.4,985.0,1180.4,0
669,50,player,0,411.4,611.9,495.7,792.7,453.6,792.7,0
669,52,player,0,2337.8,325.1,2419.9,450.7,2378.9,450.7,0
669,60,player,0,191.3,306.9,249.4,457.4,220.4,457.4,0
669,62,player,1,377.8,313.0,419.9,450.9,398.8,450.9,0
669,65,player,1,598.6,317.0,644.7,460.4,621.7,460.4,0
669,66,player,1,2773.1,420.4,2847.6,577.4,2810.4,577.4,0
669,67,player,1,2392.6,482.5,2436.7,628.2,2414.6,628.2,0
670,-1,ball,-1,965.2,715.4,977.2,727.4,971.2,721.4,0
670,4,player,1,2003.3,679.1,2075.4,895.4,2039.4,895.4,0
670,5,player,1,2235.3,875.7,2307.9,1102.9,2271.6,1102.9,0
670,24,player,0,1318.3,809.4,1392.0,1042.7,1355.2,1042.7,0
670,27,player,0,1858.2,696.4,1938.2,911.4,1898.2,911.4,0
670,32,player,1,1358.0,559.3,1435.0,706.6,1396.5,706.6,0
670,33,player,1,1507.6,636.5,1566.3,821.5,1536.9,821.5,0
670,36,player,0,1682.5,408.6,1731.1,561.9,1706.8,561.9,0
670,40,player,0,920.6,561.3,985.7,732.1,953.2,732.1,1
670,41,player,0,935.5,930.6,1025.3,1179.9,980.4,1179.9,0
670,50,player,0,405.1,608.9,492.7,794.8,448.9,794.8,0
670,52,player,0,2340.8,326.7,2421.6,449.1,2381.2,449.1,0
670,60,player,0,189.7,305.7,248.7,457.0,219.2,457.0,0
670,62,player,1,375.7,313.2,418.4,450.0,397.0,450.0,0
670,65,player,1,598.1,320.6,643.0,459.9,620.6,459.9,0
670,66,player,1,2773.4,417.6,2839.9,576.1,2806.6,576.1,0
670,67,player,1,2377.6,482.0,2426.4,635.3,2402.0,635.3,0
671,-1,ball,-1,965.2,715.4,977.2,727.4,971.2,721.4,0
671,4,player,1,2003.2,679.0,2075.5,895.4,2039.4,895.4,0
671,5,player,1,2235.4,875.7,2307.8,1102.9,2271.6,1102.9,0
671,24,player,0,1318.3,809.3,1392.0,1042.7,1355.2,1042.7,0
671,27,player,0,1858.2,696.5,1938.2,911.3,1898.2,911.3,0
671,32,player,1,1358.0,559.3,1435.0,706.5,1396.5,706.5,0
671,33,player,1,1507.6,636.5,1566.4,821.5,1537.0,821.5,0
671,36,player,0,1682.5,408.6,1731.1,561.9,1706.8,561.9,0
671,40,player,0,920.6,561.3,985.7,732.1,953.2,732.1,1
671,41,player,0,935.5,930.6,1025.4,1179.9,980.4,1179.9,0
671,50,player,0,405.1,608.8,492.7,794.8,448.9,794.8,0
671,52,player,0,2340.8,326.7,2421.6,449.1,2381.2,449.1,0
671,60,player,0,189.7,305.7,248.7,457.0,219.2,457.0,0
671,62,player,1,375.7,313.2,418.4,450.0,397.0,450.0,0
671,65,player,1,598.1,320.6,643.0,459.9,620.6,459.9,0
671,66,player,1,2773.4,417.6,2839.9,576.1,2806.6,576.1,0
671,67,player,1,2377.5,482.0,2426.4,635.4,2402.0,635.4,0
672,-1,ball,-1,965.2,715.4,977.2,727.4,971.2,721.4,0
672,4,player,1,2003.2,679.1,2075.4,895.4,2039.3,895.4,0
672,5,player,1,2235.3,875.6,2307.9,1102.9,2271.6,1102.9,0
672,24,player,0,1318.3,809.4,1392.0,1042.7,1355.2,1042.7,0
672,27,player,0,1858.2,696.5,1938.0,911.1,1898.1,911.1,0
672,32,player,1,1358.0,559.3,1435.0,706.5,1396.5,706.5,0
672,33,player,1,1507.6,636.4,1566.5,821.6,1537.0,821.6,0
672,36,player,0,1682.5,408.6,1731.1,561.9,1706.8,561.9,0
672,40,player,0,920.6,561.4,985.7,732.1,953.2,732.1,1
672,41,player,0,935.5,930.6,1025.4,1179.9,980.4,1179.9,0
672,50,player,0,405.1,608.8,492.7,794.8,448.9,794.8,0
672,52,player,0,2340.9,326.7,2421.6,449.1,2381.2,449.1,0
672,60,player,0,189.7,305.7,248.7,457.0,219.2,457.0,0
672,62,player,1,375.7,313.2,418.4,450.0,397.0,450.0,0
672,65,player,1,598.0,320.6,643.0,459.9,620.5,459.9,0
672,66,player,1,2773.4,417.6,2839.9,576.1,2806.6,576.1,0
672,67,player,1,2377.5,482.0,2426.3,635.3,2401.9,635.3,0
673,-1,ball,-1,2402.8,624.6,2414.8,636.6,2408.8,630.6,0
673,4,player,1,1993.0,679.5,2069.8,894.5,2031.4,894.5,0
673,5,player,1,2215.0,871.7,2306.4,1101.5,2260.7,1101.5,0
673,24,player,0,1309.8,804.9,1383.4,1035.0,1346.6,1035.0,0
673,27,player,0,1855.9,692.4,1935.0,912.3,1895.4,912.3,0
673,32,player,1,1351.3,561.6,1432.5,707.0,1391.9,707.0,0
673,33,player,1,1500.1,632.5,1565.4,818.4,1532.8,818.4,0
673,36,player,0,1674.2,409.0,1724.6,562.6,1699.4,562.6,0
673,40,player,0,915.7,562.3,984.8,732.2,950.2,732.2,0
673,41,player,0,931.2,929.7,1021.5,1181.1,976.4,1181.1,0
673,50,player,0,402.6,602.5,490.9,793.7,446.8,793.7,0
673,52,player,0,2349.2,318.9,2424.6,448.0,2386.9,448.0,0
673,60,player,0,189.0,305.0,247.3,456.4,218.2,456.4,0
673,62,player,1,374.2,312.6,418.0,450.0,396.1,450.0,0
673,65,player,1,598.4,322.7,641.9,459.7,620.2,459.7,0
673,66,player,1,2773.3,413.8,2827.7,575.7,2800.5,575.7,0
673,67,player,1,2366.1,481.9,2419.4,640.2,2392.8,640.2,1
674,-1,ball,-1,917.3,719.2,929.3,731.2,923.3,725.2,0
674,4,player,1,1981.0,681.7,2064.5,888.9,2022.8,888.9,0
674,5,player,1,2202.2,865.3,2303.2,1106.0,2252.7,1106.0,0
674,24,player,0,1304.6,802.5,1374.6,1029.4,1339.6,1029.4,0
674,27,player,0,1853.1,691.2,1930.9,910.0,1892.0,910.0,0
674,32,player,1,1349.6,564.7,1430.8,707.8,1390.2,707.8,0
674,33,player,1,1489.4,631.9,1564.1,819.4,1526.8,819.4,0
674,36,player,0,1663.4,413.3,1717.8,567.0,1690.6,567.0,0
674,40,player,0,908.8,563.0,985.5,737.2,947.2,737.2,1
674,41,player,0,923.8,929.6,1016.4,1181.0,970.1,1181.0,0
674,50,player,0,400.1,599.4,488.5,793.3,444.3,793.3,0
674,52,player,0,2362.0,312.7,2431.2,447.8,2396.6,447.8,0
674,60,player,0,188.4,305.0,247.0,456.2,217.7,456.2,0
674,62,player,1,373.7,312.1,417.6,449.6,395.6,449.6,0
674,65,player,1,597.6,321.8,641.6,459.8,619.6,459.8,0
674,66,player,1,2771.8,412.0,2818.3,575.5,2795.0,575.5,0
674,67,player,1,2354.3,486.3,2406.3,642.0,2380.3,642.0,0
675,-1,ball,-1,917.3,719.2,929.3,731.2,923.3,725.2,0
675,4,player,1,1981.0,681.6,2064.5,888.9,2022.8,888.9,0
675,5,player,1,2202.2,865.3,2303.2,1106.0,2252.7,1106.0,0
675,24,player,0,1304.6,802.5,1374.7,1029.4,1339.6,1029.4,0
675,27,player,0,1853.1,691.2,1931.0,910.0,1892.0,910.0,0
675,32,player,1,1349.7,564.7,1430.8,707.7,1390.2,707.7,0
675,33,player,1,1489.4,631.9,1564.2,819.8,1526.8,819.8,0
675,36,player,0,1663.3,413.4,1717.8,567.0,1690.6,567.0,0
675,40,player,0,908.9,563.1,985.4,737.1,947.2,737.1,1
675,41,player,0,923.8,929.6,1016.4,1180.9,970.1,1180.9,0
675,50,player,0,399.9,599.3,488.5,793.4,444.2,793.4,0
675,52,player,0,2362.0,312.7,2431.2,447.8,2396.6,447.8,0
675,60,player,0,188.5,305.0,247.0,456.2,217.8,456.2,0
675,62,player,1,373.7,312.1,417.6,449.6,395.6,449.6,0
675,65,player,1,597.5,322.0,641.6,459.8,619.6,459.8,0
675,66,player,1,2771.7,412.0,2818.3,575.5,2795.0,575.5,0
675,67,player,1,2354.3,486.3,2406.3,642.0,2380.3,642.0,0
676,-1,ball,-1,917.3,719.2,929.3,731.2,923.3,725.2,0
676,4,player,1,1980.9,681.6,2064.5,888.8,2022.7,888.8,0
676,5,player,1,2202.2,865.2,2303.2,1106.0,2252.7,1106.0,0
676,24,player,0,1304.6,802.5,1374.7,1029.4,1339.6,1029.4,0
676,27,player,0,1853.2,691.2,1931.1,910.0,1892.2,910.0,0
676,32,player,1,1349.7,564.7,1430.8,707.8,1390.2,707.8,0
676,33,player,1,1489.3,631.9,1564.2,819.9,1526.8,819.9,0
676,36,player,0,1663.3,413.4,1717.8,566.9,1690.6,566.9,0
676,40,player,0,908.8,563.0,985.5,737.1,947.2,737.1,1
676,41,player,0,923.8,929.6,1016.4,1180.9,970.1,1180.9,0
676,50,player,0,399.9,599.3,488.4,793.4,444.2,793.4,0
676,52,player,0,2362.1,312.7,2431.2,447.8,2396.6,447.8,0
676,60,player,0,188.5,305.0,247.0,456.2,217.8,456.2,0
676,62,player,1,373.7,312.1,417.6,449.5,395.6,449.5,0
676,65,player,1,597.5,322.0,641.5,459.7,619.5,459.7,0
676,66,player,1,2771.7,412.0,2818.4,575.5,2795.0,575.5,0
676,67,player,1,2354.3,486.3,2406.3,642.0,2380.3,642.0,0
677,-1,ball,-1,917.3,719.2,929.3,731.2,923.3,725.2,0
677,4,player,1,1980.9,681.6,2064.5,888.9,2022.7,888.9,0
677,5,player,1,2202.1,865.2,2303.2,1106.0,2252.6,1106.0,0
677,24,player,0,1304.6,802.6,1374.7,1029.4,1339.6,1029.4,0
677,27,player,0,1853.1,691.2,1931.1,910.0,1892.1,910.0,0
677,32,player,1,1349.7,564.6,1430.8,707.8,1390.2,707.8,0
677,33,player,1,1489.4,631.9,1564.2,819.9,1526.8,819.9,0
677,36,player,0,1663.3,413.4,1717.8,566.9,1690.6,566.9,0
677,40,player,0,908.9,563.1,985.5,737.2,947.2,737.2,1
677,41,player,0,923.8,929.6,1016.4,1180.9,970.1,1180.9,0
677,50,player,0,399.9,599.3,488.4,793.4,444.2,793.4,0
677,52,player,0,2362.1,312.7,2431.2,447.8,2396.6,447.8,0
677,60,player,0,188.4,305.0,247.0,456.2,217.7,456.2,0
677,62,player,1,373.7,312.1,417.6,449.5,395.6,449.5,0
677,65,player,1,597.5,322.0,641.5,459.7,619.5,459.7,0
677,66,player,1,2771.7,412.0,2818.3,575.5,2795.0,575.5,0
677,67,player,1,2354.3,486.3,2406.3,642.0,2380.3,642.0,0
678,-1,ball,-1,2361.2,628.4,2373.2,640.4,2367.2,634.4,0
678,4,player,1,1965.5,683.9,2054.1,887.2,2009.8,887.2,0
678,5,player,1,2189.0,859.8,2297.8,1103.3,2243.4,1103.3,0
678,24,player,0,1295.7,802.4,1369.0,1020.8,1332.4,1020.8,0
678,27,player,0,1849.3,690.8,1927.5,906.6,1888.4,906.6,0
678,32,player,1,1348.5,566.5,1428.7,710.7,1388.6,710.7,0
678,33,player,1,1480.6,631.5,1562.1,816.2,1521.4,816.2,0
678,36,player,0,1649.7,413.6,1711.4,566.2,1680.6,566.2,0
678,40,player,0,898.5,567.3,981.8,738.5,940.2,738.5,0
678,41,player,0,918.1,929.8,1011.8,1180.6,965.0,1180.6,0
678,50,player,0,394.8,598.3,482.8,792.7,438.8,792.7,0
678,52,player,0,2371.9,310.7,2433.4,446.1,2402.6,446.1,0
678,60,player,0,188.3,305.3,246.2,456.0,217.2,456.0,0
678,62,player,1,373.4,312.3,417.0,449.2,395.2,449.2,0
678,65,player,1,596.3,319.7,640.9,459.9,618.6,459.9,0
678,66,player,1,2770.4,411.1,2813.1,575.3,2791.8,575.3,0
678,67,player,1,2343.0,489.8,2399.0,640.0,2371.0,640.0,1
679,-1,ball,-1,2006.6,650.8,2018.6,662.8,2012.6,656.8,0
679,4,player,1,1956.0,683.0,2042.1,884.6,1999.0,884.6,0
679,5,player,1,2165.0,856.9,2292.4,1091.5,2228.7,1091.5,0
679,24,player,0,1281.7,803.1,1362.4,1022.0,1322.1,1022.0,0
679,27,player,0,1847.1,691.4,1924.8,901.9,1886.0,901.9,0
679,32,player,1,1348.6,567.0,1424.9,709.0,1386.8,709.0,0
679,33,player,1,1475.3,631.6,1558.6,812.5,1516.9,812.5,0
679,36,player,0,1633.8,414.6,1704.9,562.0,1669.4,562.0,0
679,40,player,0,894.4,568.5,970.9,740.6,932.6,740.6,0
679,41,player,0,909.9,929.9,1009.0,1179.8,959.4,1179.8,0
679,50,player,0,391.0,598.2,476.2,793.5,433.6,793.5,0
679,52,player,0,2382.1,310.0,2436.9,448.5,2409.5,448.5,0
679,60,player,0,187.5,305.4,245.6,455.6,216.6,455.6,0
679,62,player,1,372.7,311.6,417.0,449.1,394.8,449.1,0
679,65,player,1,595.5,317.2,640.4,459.6,618.0,459.6,0
679,66,player,1,2765.2,410.4,2809.5,574.8,2787.4,574.8,0
679,67,player,1,2331.4,491.1,2391.5,641.5,2361.4,641.5,0
680,-1,ball,-1,1652.2,673.2,1664.2,685.2,1658.2,679.2,0
680,4,player,1,1956.1,682.9,2042.1,884.6,1999.1,884.6,0
680,5,player,1,2164.9,856.9,2292.6,1091.4,2228.8,1091.4,0
680,24,player,0,1281.7,803.1,1362.2,1021.9,1322.0,1021.9,0
680,27,player,0,1847.1,691.4,1924.8,901.8,1886.0,901.8,0
680,32,player,1,1348.6,567.0,1424.9,709.0,1386.8,709.0,0
680,33,player,1,1475.4,631.5,1558.1,812.3,1516.8,812.3,0
680,36,player,0,1633.8,414.6,1704.9,562.0,1669.4,562.0,0
680,40,player,0,895.4,569.0,970.3,741.1,932.8,741.1,0
680,41,player,0,909.8,930.0,1008.9,1179.4,959.4,1179.4,0
680,50,player,0,391.0,598.4,476.2,793.5,433.6,793.5,0
680,52,player,0,2382.1,310.0,2436.9,448.5,2409.5,448.5,0
680,60,player,0,187.5,305.4,245.6,455.6,216.6,455.6,0
680,62,player,1,372.7,311.7,417.0,449.1,394.8,449.1,0
680,65,player,1,595.5,317.2,640.4,459.6,618.0,459.6,0
680,66,player,1,2765.2,410.4,2809.5,574.7,2787.4,574.7,0
680,67,player,1,2331.4,491.1,2391.5,641.6,2361.4,641.6,0
681,-1,ball,-1,1297.6,695.6,1309.6,707.6,1303.6,701.6,0
681,4,player,1,1956.1,683.0,2042.1,884.6,1999.1,884.6,0
681,5,player,1,2164.7,856.9,2292.7,1091.4,2228.7,1091.4,0
681,24,player,0,1281.7,803.1,1362.4,1022.0,1322.1,1022.0,0
681,27,player,0,1847.1,691.4,1924.8,901.8,1886.0,901.8,0
681,32,player,1,1348.6,567.0,1424.9,708.8,1386.8,708.8,1
681,33,player,1,1475.4,631.5,1558.0,812.2,1516.7,812.2,0
681,36,player,0,1633.8,414.6,1704.9,562.0,1669.4,562.0,0
681,40,player,0,895.4,569.0,970.2,741.1,932.8,741.1,0
681,41,player,0,909.8,929.9,1008.9,1179.2,959.4,1179.2,0
681,50,player,0,391.0,598.4,476.2,793.5,433.6,793.5,0
681,52,player,0,2382.1,310.0,2436.9,448.5,2409.5,448.5,0
681,60,player,0,187.5,305.4,245.6,455.6,216.6,455.6,0
681,62,player,1,372.7,311.6,417.0,449.1,394.8,449.1,0
681,65,player,1,595.5,317.2,640.4,459.6,618.0,459.6,0
681,66,player,1,2765.1,410.4,2809.5,574.7,2787.3,574.7,0
681,67,player,1,2331.4,491.1,2391.5,641.6,2361.4,641.6,0
682,-1,ball,-1,943.2,718.0,955.2,730.0,949.2,724.0,0
682,4,player,1,1947.2,681.5,2031.0,884.0,1989.1,884.0,0
682,5,player,1,2152.9,855.6,2285.9,1081.1,2219.4,1081.1,0
682,24,player,0,1270.9,803.3,1354.6,1022.2,1312.8,1022.2,0
682,27,player,0,1845.7,689.8,1922.1,895.9,1883.9,895.9,0
682,32,player,1,1348.0,566.7,1421.7,708.4,1384.8,708.4,0
682,33,player,1,1469.8,631.3,1550.3,812.2,1510.0,812.2,0
682,36,player,0,1622.9,415.0,1700.9,563.1,1661.9,563.1,0
682,40,player,0,890.2,567.1,966.7,740.5,928.4,740.5,1
682,41,player,0,901.6,930.0,1007.4,1179.8,954.5,1179.8,0
682,50,player,0,388.4,597.6,468.9,790.9,428.6,790.9,0
682,52,player,0,2387.4,311.6,2441.2,446.3,2414.3,446.3,0
682,60,player,0,187.6,305.4,245.3,455.1,216.4,455.1,0
682,62,player,1,371.5,310.9,417.1,448.7,394.3,448.7,0
682,65,player,1,595.9,317.3,639.9,458.8,617.9,458.8,0
682,66,player,1,2755.7,411.2,2807.4,572.1,2781.6,572.1,0
682,67,player,1,2315.5,490.2,2385.5,644.0,2350.5,644.0,0
683,-1,ball,-1,943.2,718.0,955.2,730.0,949.2,724.0,0
683,4,player,1,1947.2,681.6,2030.6,884.0,1988.9,884.0,0
683,5,player,1,2152.9,855.7,2285.8,1081.1,2219.4,1081.1,0
683,24,player,0,1270.9,803.3,1354.6,1022.2,1312.8,1022.2,0
683,27,player,0,1845.7,689.9,1922.1,895.9,1883.9,895.9,0
683,32,player,1,1348.0,566.7,1421.7,708.3,1384.8,708.3,0
683,33,player,1,1469.8,631.4,1550.5,812.1,1510.2,812.1,0
683,36,player,0,1622.9,415.0,1700.9,563.0,1661.9,563.0,0
683,40,player,0,890.3,567.0,966.7,740.6,928.5,740.6,1
683,41,player,0,901.7,929.9,1007.5,1179.7,954.6,1179.7,0
683,50,player,0,388.5,597.6,468.6,791.0,428.6,791.0,0
683,52,player,0,2387.3,311.6,2441.2,446.4,2414.2,446.4,0
683,60,player,0,187.6,305.5,245.3,455.1,216.4,455.1,0
683,62,player,1,371.5,310.9,417.0,448.7,394.2,448.7,0
683,65,player,1,595.8,317.2,640.0,458.9,617.9,458.9,0
683,66,player,1,2755.7,411.2,2807.5,572.0,2781.6,572.0,0
683,67,player,1,2315.6,490.2,2385.5,644.0,2350.6,644.0,0
684,-1,ball,-1,938.4,715.3,950.4,727.3,944.4,721.3,0
684,4,player,1,1938.6,679.0,2019.0,883.0,1978.8,883.0,0
684,5,player,1,2150.5,858.5,2276.0,1083.2,2213.2,1083.2,0
684,24,player,0,1265.1,800.8,1344.9,1020.6,1305.0,1020.6,0
684,27,player,0,1845.2,687.0,1921.7,890.9,1883.4,890.9,0
684,32,player,1,1346.7,565.0,1417.6,708.3,1382.2,708.3,0
684,33,player,1,1456.7,631.9,1539.6,810.5,1498.2,810.5,0
684,36,player,0,1612.9,417.5,1700.6,564.0,1656.8,564.0,0
684,40,player,0,887.5,563.2,961.5,740.0,924.5,740.0,1
684,41,player,0,894.3,930.1,1006.0,1178.4,950.2,1178.4,0
684,50,player,0,387.2,595.2,464.6,790.0,425.9,790.0,0
684,52,player,0,2394.8,313.3,2447.2,446.8,2421.0,446.8,0
684,60,player,0,187.8,306.1,245.0,454.9,216.4,454.9,0
684,62,player,1,371.2,310.6,416.3,448.3,393.8,448.3,0
684,65,player,1,596.0,316.9,639.8,458.7,617.9,458.7,0
684,66,player,1,2740.4,412.4,2806.2,572.0,2773.3,572.0,0
684,67,player,1,2296.6,489.4,2382.3,643.3,2339.4,643.3,0
685,-1,ball,-1,938.5,715.3,950.5,727.3,944.5,721.3,0
685,4,player,1,1938.6,679.0,2019.0,883.0,1978.8,883.0,0
685,5,player,1,2150.5,858.6,2276.3,1083.2,2213.4,1083.2,0
685,24,player,0,1265.1,800.8,1344.6,1020.8,1304.8,1020.8,0
685,27,player,0,1845.2,687.0,1921.7,890.9,1883.4,890.9,0
685,32,player,1,1346.7,565.0,1417.6,708.4,1382.2,708.4,0
685,33,player,1,1456.7,631.9,1539.9,810.4,1498.3,810.4,0
685,36,player,0,1612.9,417.5,1700.6,564.0,1656.8,564.0,0
685,40,player,0,887.4,563.2,961.5,739.9,924.4,739.9,1
685,41,player,0,894.3,930.2,1006.1,1178.4,950.2,1178.4,0
685,50,player,0,387.2,595.1,464.5,790.0,425.8,790.0,0
685,52,player,0,2394.8,313.3,2447.2,446.9,2421.0,446.9,0
685,60,player,0,187.8,306.2,245.0,454.9,216.4,454.9,0
685,62,player,1,371.2,310.6,416.3,448.3,393.8,448.3,0
685,65,player,1,596.1,317.2,639.8,458.7,618.0,458.7,0
685,66,player,1,2740.4,412.4,2806.2,572.0,2773.3,572.0,0
685,67,player,1,2296.8,489.4,2382.3,643.2,2339.6,643.2,0
686,-1,ball,-1,935.2,714.4,947.2,726.4,941.2,720.4,0
686,4,player,1,1929.0,675.8,2018.4,882.0,1973.7,882.0,0
686,5,player,1,2136.0,859.9,2256.6,1082.8,2196.3,1082.8,0
686,24,player,0,1255.7,797.6,1337.1,1017.9,1296.4,1017.9,0
686,27,player,0,1845.2,681.6,1921.3,888.0,1883.2,888.0,0
686,32,player,1,1345.5,563.8,1416.0,708.8,1380.8,708.8,0
686,33,player,1,1447.8,629.5,1527.0,810.4,1487.4,810.4,0
686,36,player,0,1613.0,416.5,1698.8,562.4,1655.9,562.4,0
686,40,player,0,886.6,562.6,956.2,736.9,921.4,736.9,1
686,41,player,0,888.3,930.5,1006.1,1178.2,947.2,1178.2,0
686,50,player,0,388.0,593.4,460.4,787.3,424.2,787.3,0
686,52,player,0,2398.7,315.0,2450.2,444.6,2424.4,444.6,0
686,60,player,0,187.8,306.3,244.9,454.9,216.4,454.9,0
686,62,player,1,371.3,310.7,416.3,448.3,393.8,448.3,0
686,65,player,1,596.4,317.3,640.0,458.5,618.2,458.5,0
686,66,player,1,2734.9,415.4,2806.5,572.5,2770.7,572.5,0
686,67,player,1,2294.4,487.6,2380.6,642.5,2337.5,642.5,0
687,-1,ball,-1,935.2,714.4,947.2,726.4,941.2,720.4,0
687,4,player,1,1928.9,675.8,2018.5,882.0,1973.7,882.0,0
687,5,player,1,2135.9,859.8,2256.4,1082.8,2196.2,1082.8,0
687,24,player,0,1255.7,797.6,1337.1,1018.0,1296.4,1018.0,0
687,27,player,0,1845.2,681.6,1921.3,888.0,1883.2,888.0,0
687,32,player,1,1345.6,563.8,1415.9,709.3,1380.8,709.3,0
687,33,player,1,1447.9,629.5,1526.3,810.4,1487.1,810.4,0
687,36,player,0,1612.6,416.5,1698.8,562.5,1655.7,562.5,0
687,40,player,0,886.5,562.7,956.2,736.9,921.4,736.9,1
687,41,player,0,888.2,930.5,1006.1,1178.2,947.2,1178.2,0
687,50,player,0,388.0,593.4,460.5,787.3,424.2,787.3,0
687,52,player,0,2398.6,315.0,2450.2,444.6,2424.4,444.6,0
687,60,player,0,187.8,306.3,244.9,455.0,216.4,455.0,0
687,62,player,1,371.2,310.7,416.3,448.2,393.8,448.2,0
687,65,player,1,596.3,317.3,640.0,458.6,618.2,458.6,0
687,66,player,1,2734.9,415.5,2806.5,572.5,2770.7,572.5,0
687,67,player,1,2294.6,487.6,2380.5,642.5,2337.6,642.5,0
688,-1,ball,-1,935.2,714.4,947.2,726.4,941.2,720.4,0
688,4,player,1,1929.0,675.8,2018.5,882.0,1973.8,882.0,0
688,5,player,1,2135.9,859.8,2256.3,1082.8,2196.1,1082.8,0
688,24,player,0,1255.7,797.6,1337.1,1018.0,1296.4,1018.0,0
688,27,player,0,1845.2,681.6,1921.3,888.0,1883.2,888.0,0
688,32,player,1,1345.5,563.8,1415.9,709.2,1380.7,709.2,0
688,33,player,1,1447.9,629.5,1526.2,810.4,1487.1,810.4,0
688,36,player,0,1612.6,416.5,1698.8,562.5,1655.7,562.5,0
688,40,player,0,886.6,562.7,956.2,736.9,921.4,736.9,1
688,41,player,0,889.0,930.7,1005.9,1178.2,947.4,1178.2,0
688,50,player,0,388.0,593.4,460.4,787.3,424.2,787.3,0
688,52,player,0,2398.7,315.0,2450.2,444.6,2424.4,444.6,0
688,60,player,0,187.8,306.2,244.9,455.0,216.4,455.0,0
688,62,player,1,371.2,310.7,416.3,448.3,393.8,448.3,0
688,65,player,1,596.3,317.3,640.0,458.6,618.2,458.6,0
688,66,player,1,2734.8,415.4,2806.5,572.5,2770.6,572.5,0
688,67,player,1,2294.6,487.6,2380.5,642.5,2337.6,642.5,0
689,-1,ball,-1,932.4,714.8,944.4,726.8,938.4,720.8,0
689,4,player,1,1925.6,674.2,2016.9,878.6,1971.2,878.6,0
689,5,player,1,2120.3,857.4,2228.9,1081.7,2174.6,1081.7,0
689,24,player,0,1249.0,792.0,1331.8,1017.9,1290.4,1017.9,0
689,27,player,0,1843.5,676.1,1920.2,890.9,1881.8,890.9,0
689,32,player,1,1344.3,561.5,1412.0,709.9,1378.2,709.9,0
689,33,player,1,1444.0,626.0,1512.1,809.5,1478.0,809.5,0
689,36,player,0,1613.8,415.8,1695.4,557.7,1654.6,557.7,0
689,40,player,0,880.5,563.4,948.0,733.4,914.2,733.4,1
689,41,player,0,881.1,930.0,1005.5,1176.5,943.3,1176.5,0
689,50,player,0,389.0,593.1,457.7,781.2,423.4,781.2,0
689,52,player,0,2402.6,316.3,2456.1,445.1,2429.4,445.1,0
689,60,player,0,187.0,305.0,246.1,454.6,216.6,454.6,0
689,62,player,1,371.6,310.2,416.4,447.5,394.0,447.5,0
689,65,player,1,597.3,319.7,640.3,456.7,618.8,456.7,0
689,66,player,1,2736.2,417.7,2806.6,572.9,2771.4,572.9,0
689,67,player,1,2288.5,486.6,2378.2,641.3,2333.4,641.3,0
690,-1,ball,-1,932.4,714.8,944.4,726.8,938.4,720.8,0
690,4,player,1,1925.6,674.3,2016.9,878.6,1971.2,878.6,0
690,5,player,1,2120.0,857.4,2228.9,1081.7,2174.4,1081.7,0
690,24,player,0,1249.0,792.0,1331.8,1017.9,1290.4,1017.9,0
690,27,player,0,1843.6,676.1,1920.2,891.0,1881.9,891.0,0
690,32,player,1,1344.1,561.5,1412.0,709.9,1378.0,709.9,0
690,33,player,1,1444.0,626.0,1512.2,809.5,1478.1,809.5,0
690,36,player,0,1613.8,415.8,1695.5,557.7,1654.6,557.7,0
690,40,player,0,880.5,563.4,948.0,733.4,914.2,733.4,1
690,41,player,0,881.1,929.9,1005.5,1176.4,943.3,1176.4,0
690,50,player,0,389.0,593.1,457.8,781.2,423.4,781.2,0
690,52,player,0,2402.6,316.3,2456.1,445.1,2429.4,445.1,0
690,60,player,0,187.0,305.0,246.1,454.6,216.6,454.6,0
690,62,player,1,371.6,310.2,416.4,447.5,394.0,447.5,0
690,65,player,1,597.3,319.7,640.3,456.7,618.8,456.7,0
690,66,player,1,2736.2,417.8,2806.5,572.9,2771.4,572.9,0
690,67,player,1,2288.6,486.6,2378.2,641.4,2333.4,641.4,0
691,-1,ball,-1,923.8,716.4,935.8,728.4,929.8,722.4,0
691,4,player,1,1910.9,672.2,2015.1,879.1,1963.0,879.1,0
691,5,player,1,2108.0,852.3,2201.8,1081.3,2154.9,1081.3,0
691,24,player,0,1241.8,789.1,1324.9,1006.9,1283.4,1006.9,0
691,27,player,0,1841.0,672.7,1921.8,891.0,1881.4,891.0,0
691,32,player,1,1339.4,560.8,1409.5,707.4,1374.4,707.4,0
691,33,player,1,1437.0,622.6,1506.9,810.4,1472.0,810.4,0
691,36,player,0,1613.2,415.4,1689.3,557.2,1651.2,557.2,0
691,40,player,0,873.9,564.6,948.9,733.8,911.4,733.8,1
691,41,player,0,875.4,929.4,1004.6,1172.1,940.0,1172.1,0
691,50,player,0,390.8,592.6,459.0,781.2,424.9,781.2,0
691,52,player,0,2404.3,319.1,2464.0,444.1,2434.2,444.1,0
691,60,player,0,186.5,304.1,246.6,453.7,216.6,453.7,0
691,62,player,1,371.0,309.4,417.3,447.0,394.2,447.0,0
691,65,player,1,598.1,321.2,640.7,455.7,619.4,455.7,0
691,66,player,1,2736.4,418.8,2806.4,572.5,2771.4,572.5,0
691,67,player,1,2289.9,483.4,2374.8,640.7,2332.4,640.7,0
692,-1,ball,-1,923.8,716.4,935.8,728.4,929.8,722.4,0
692,4,player,1,1910.9,672.3,2015.2,879.1,1963.0,879.1,0
692,5,player,1,2107.9,852.3,2201.9,1081.3,2154.9,1081.3,0
692,24,player,0,1241.7,789.0,1325.1,1007.0,1283.4,1007.0,0
692,27,player,0,1840.9,672.6,1921.8,891.0,1881.4,891.0,0
692,32,player,1,1339.4,560.8,1409.5,707.5,1374.4,707.5,0
692,33,player,1,1437.0,622.5,1506.9,810.4,1472.0,810.4,0
692,36,player,0,1613.2,415.4,1689.3,557.2,1651.2,557.2,0
692,40,player,0,873.9,564.6,948.9,733.8,911.4,733.8,1
692,41,player,0,875.4,929.3,1004.4,1171.9,939.9,1171.9,0
692,50,player,0,390.8,592.6,459.0,781.2,424.9,781.2,0
692,52,player,0,2404.3,319.1,2464.0,444.1,2434.2,444.1,0
692,60,player,0,186.5,304.1,246.6,453.7,216.6,453.7,0
692,62,player,1,371.0,309.4,417.2,447.0,394.1,447.0,0
692,65,player,1,598.1,321.2,640.7,455.7,619.4,455.7,0
692,66,player,1,2736.5,418.8,2806.4,572.5,2771.4,572.5,0
692,67,player,1,2289.8,483.4,2374.7,640.6,2332.2,640.6,0
693,-1,ball,-1,923.8,716.4,935.8,728.4,929.8,722.4,0
693,4,player,1,1910.9,672.1,2015.3,879.1,1963.1,879.1,0
693,5,player,1,2108.0,852.3,2201.9,1081.3,2155.0,1081.3,0
693,24,player,0,1241.8,789.1,1324.9,1007.0,1283.4,1007.0,0
693,27,player,0,1841.0,672.6,1921.7,891.0,1881.4,891.0,0
693,32,player,1,1339.4,560.8,1409.5,707.3,1374.4,707.3,0
693,33,player,1,1437.0,622.7,1506.9,810.3,1472.0,810.3,0
693,36,player,0,1613.4,415.3,1689.3,557.2,1651.4,557.2,0
693,40,player,0,873.9,564.7,948.8,733.8,911.4,733.8,1
693,41,player,0,875.4,929.3,1004.5,1171.9,940.0,1171.9,0
693,50,player,0,390.8,592.7,459.0,781.2,424.9,781.2,0
693,52,player,0,2404.0,319.1,2464.1,444.3,2434.0,444.3,0
693,60,player,0,186.5,304.1,246.6,453.7,216.6,453.7,0
693,62,player,1,371.0,309.4,417.3,447.0,394.2,447.0,0
693,65,player,1,598.1,321.2,640.7,455.7,619.4,455.7,0
693,66,player,1,2736.7,418.8,2806.4,572.5,2771.6,572.5,0
693,67,player,1,2289.8,483.4,2374.6,640.6,2332.2,640.6,0
694,-1,ball,-1,2355.0,619.8,2367.0,631.8,2361.0,625.8,0
694,4,player,1,1908.4,670.4,2010.2,878.5,1959.3,878.5,0
694,5,player,1,2094.6,848.8,2189.9,1081.5,2142.2,1081.5,0
694,24,player,0,1235.6,787.4,1319.1,996.3,1277.4,996.3,0
694,27,player,0,1837.5,671.2,1920.6,889.3,1879.0,889.3,0
694,32,player,1,1337.4,560.6,1405.8,706.8,1371.6,706.8,0
694,33,player,1,1428.5,617.6,1504.7,808.7,1466.6,808.7,0
694,36,player,0,1613.0,413.2,1682.1,556.6,1647.6,556.6,0
694,40,player,0,874.0,566.2,950.6,733.8,912.3,733.8,0
694,41,player,0,869.1,930.2,1003.0,1166.9,936.0,1166.9,0
694,50,player,0,395.3,594.9,460.3,778.7,427.8,778.7,0
694,52,player,0,2405.4,321.9,2470.0,445.1,2437.7,445.1,0
694,60,player,0,186.8,303.6,246.5,453.8,216.6,453.8,0
694,62,player,1,372.0,309.2,417.2,447.0,394.6,447.0,0
694,65,player,1,598.9,319.8,641.4,456.1,620.2,456.1,0
694,66,player,1,2737.7,418.3,2807.1,571.8,2772.4,571.8,0
694,67,player,1,2287.3,481.3,2370.0,639.9,2328.6,639.9,1
695,-1,ball,-1,2355.0,619.8,2367.0,631.8,2361.0,625.8,0
695,4,player,1,1908.4,670.4,2010.1,878.5,1959.2,878.5,0
695,5,player,1,2094.6,848.8,2189.9,1081.5,2142.2,1081.5,0
695,24,player,0,1235.6,787.4,1319.2,996.3,1277.4,996.3,0
695,27,player,0,1837.5,671.1,1920.5,889.3,1879.0,889.3,0
695,32,player,1,1337.4,560.6,1405.8,706.8,1371.6,706.8,0
695,33,player,1,1428.5,617.6,1504.6,808.8,1466.6,808.8,0
695,36,player,0,1612.9,413.2,1682.1,556.6,1647.5,556.6,0
695,40,player,0,874.0,566.2,950.5,733.8,912.2,733.8,0
695,41,player,0,869.1,930.2,1003.0,1166.9,936.0,1166.9,0
695,50,player,0,395.3,594.7,460.1,778.6,427.7,778.6,0
695,52,player,0,2405.4,321.9,2470.0,445.2,2437.7,445.2,0
695,60,player,0,186.8,303.6,246.5,453.8,216.6,453.8,0
695,62,player,1,372.0,309.2,417.2,446.9,394.6,446.9,0
695,65,player,1,598.9,319.8,641.4,456.1,620.2,456.1,0
695,66,player,1,2737.7,418.3,2807.0,571.7,2772.4,571.7,0
695,67,player,1,2287.4,481.3,2370.0,639.9,2328.7,639.9,1
696,-1,ball,-1,1485.8,784.9,1497.8,796.9,1491.8,790.9,0
696,4,player,1,1907.2,670.4,2002.8,877.1,1955.0,877.1,0
696,5,player,1,2085.5,840.9,2184.8,1079.5,2135.2,1079.5,0
696,24,player,0,1229.9,786.0,1312.8,996.8,1271.4,996.8,0
696,27,player,0,1828.3,670.9,1916.4,885.0,1872.4,885.0,0
696,32,player,1,1334.6,561.9,1399.4,712.1,1367.0,712.1,0
696,33,player,1,1423.5,614.0,1501.1,803.4,1462.3,803.4,1
696,36,player,0,1609.9,408.6,1670.9,556.4,1640.4,556.4,0
696,40,player,0,874.7,563.9,953.1,732.7,913.9,732.7,0
696,41,player,0,863.3,931.3,997.7,1165.3,930.5,1165.3,0
696,50,player,0,397.1,593.9,461.3,778.3,429.2,778.3,0
696,52,player,0,2407.2,321.5,2482.0,445.7,2444.6,445.7,0
696,60,player,0,188.9,303.9,247.2,453.1,218.0,453.1,0
696,62,player,1,372.0,308.6,417.9,446.5,395.0,446.5,0
696,65,player,1,600.0,319.5,642.7,455.8,621.4,455.8,0
696,66,player,1,2738.6,415.3,2806.3,569.7,2772.4,569.7,0
696,67,player,1,2283.7,477.6,2360.7,639.0,2322.2,639.0,0
697,-1,ball,-1,1485.8,784.9,1497.8,796.9,1491.8,790.9,0
697,4,player,1,1907.3,670.5,2002.9,877.2,1955.1,877.2,0
697,5,player,1,2085.4,841.0,2184.8,1079.5,2135.1,1079.5,0
697,24,player,0,1229.9,786.0,1312.8,996.8,1271.4,996.8,0
697,27,player,0,1828.2,671.0,1916.3,885.2,1872.2,885.2,0
697,32,player,1,1334.6,561.9,1399.5,712.1,1367.0,712.1,0
697,33,player,1,1423.5,614.0,1501.1,803.5,1462.3,803.5,1
697,36,player,0,1609.8,408.6,1670.9,556.5,1640.4,556.5,0
697,40,player,0,874.7,563.9,953.2,732.7,914.0,732.7,0
697,41,player,0,863.3,931.3,997.7,1165.3,930.5,1165.3,0
697,50,player,0,397.1,593.9,461.1,778.3,429.1,778.3,0
697,52,player,0,2407.3,321.5,2482.1,445.7,2444.7,445.7,0
697,60,player,0,188.9,303.8,247.2,453.3,218.0,453.3,0
697,62,player,1,372.0,308.6,417.9,446.5,395.0,446.5,0
697,65,player,1,600.0,319.7,642.6,455.9,621.3,455.9,0
697,66,player,1,2738.6,415.2,2806.4,569.7,2772.5,569.7,0
697,67,player,1,2283.6,477.5,2360.7,639.0,2322.1,639.0,0
698,-1,ball,-1,941.3,706.3,953.3,718.3,947.3,712.3,0
698,4,player,1,1909.1,669.2,1994.0,876.4,1951.6,876.4,0
698,5,player,1,2071.9,836.6,2178.1,1075.8,2125.0,1075.8,0
698,24,player,0,1225.1,784.1,1304.9,1000.7,1265.0,1000.7,0
698,27,player,0,1817.5,671.9,1914.0,884.0,1865.8,884.0,0
698,32,player,1,1331.8,563.9,1390.1,711.7,1360.9,711.7,0
698,33,player,1,1415.6,613.3,1496.0,800.4,1455.8,800.4,0
698,36,player,0,1609.1,403.6,1659.2,554.6,1634.2,554.6,0
698,40,player,0,876.9,561.7,955.4,731.0,916.2,731.0,1
698,41,player,0,856.7,932.1,985.1,1164.3,920.9,1164.3,0
698,50,player,0,398.9,592.7,460.9,777.9,429.9,777.9,0
698,52,player,0,2409.8,317.1,2490.1,447.2,2450.0,447.2,0
698,60,player,0,189.7,303.4,249.1,453.5,219.4,453.5,0
698,62,player,1,375.4,307.2,418.1,444.3,396.8,444.3,0
698,65,player,1,600.7,317.5,643.9,455.2,622.3,455.2,0
698,66,player,1,2740.0,410.4,2806.2,567.6,2773.1,567.6,0
698,67,player,1,2279.0,473.0,2350.5,638.6,2314.8,638.6,0
699,-1,ball,-1,941.4,706.3,953.4,718.3,947.4,712.3,0
699,4,player,1,1907.9,668.8,1994.0,875.7,1951.0,875.7,0
699,5,player,1,2071.9,836.6,2178.1,1075.8,2125.0,1075.8,0
699,24,player,0,1225.1,784.1,1304.8,1000.6,1264.9,1000.6,0
699,27,player,0,1817.5,671.9,1914.0,884.0,1865.8,884.0,0
699,32,player,1,1331.8,564.0,1390.0,711.7,1360.9,711.7,0
699,33,player,1,1415.7,613.3,1495.9,800.4,1455.8,800.4,0
699,36,player,0,1609.1,403.6,1659.2,554.6,1634.2,554.6,0
699,40,player,0,877.0,561.7,955.4,731.0,916.2,731.0,1
699,41,player,0,856.7,932.1,985.1,1164.1,920.9,1164.1,0
699,50,player,0,398.9,592.7,460.9,777.9,429.9,777.9,0
699,52,player,0,2409.8,317.1,2490.1,447.2,2450.0,447.2,0
699,60,player,0,189.7,303.6,249.0,453.5,219.4,453.5,0
699,62,player,1,375.3,307.2,418.1,444.3,396.7,444.3,0
699,65,player,1,600.7,317.7,643.8,455.2,622.2,455.2,0
699,66,player,1,2740.1,410.4,2806.2,567.6,2773.1,567.6,0
699,67,player,1,2278.9,473.0,2350.4,638.6,2314.6,638.6,0
700,-1,ball,-1,941.4,706.3,953.4,718.3,947.4,712.3,0
700,4,player,1,1907.9,668.8,1994.0,875.7,1951.0,875.7,0
700,5,player,1,2072.0,836.6,2178.1,1075.8,2125.0,1075.8,0
700,24,player,0,1225.1,784.1,1304.8,1000.6,1264.9,1000.6,0
700,27,player,0,1817.4,671.9,1914.0,883.9,1865.7,883.9,0
700,32,player,1,1331.8,564.0,1390.0,711.7,1360.9,711.7,0
700,33,player,1,1415.8,613.3,1495.9,800.4,1455.8,800.4,0
700,36,player,0,1609.1,403.6,1659.2,554.6,1634.2,554.6,0
700,40,player,0,877.0,561.7,955.3,731.0,916.2,731.0,1
700,41,player,0,856.7,932.1,985.1,1164.1,920.9,1164.1,0
700,50,player,0,398.9,592.7,460.9,777.9,429.9,777.9,0
700,52,player,0,2409.8,317.2,2490.1,447.2,2450.0,447.2,0
700,60,player,0,189.7,303.6,249.1,453.5,219.4,453.5,0
700,62,player,1,375.3,307.2,418.1,444.3,396.7,444.3,0
700,65,player,1,600.7,317.7,644.0,455.2,622.4,455.2,0
700,66,player,1,2740.1,410.4,2806.2,567.6,2773.1,567.6,0
700,67,player,1,2278.9,473.0,2350.4,638.6,2314.6,638.6,0
701,-1,ball,-1,941.4,706.3,953.4,718.3,947.4,712.3,0
701,4,player,1,1907.9,668.8,1994.0,875.7,1951.0,875.7,0
701,5,player,1,2071.9,836.6,2178.1,1075.8,2125.0,1075.8,0
701,24,player,0,1225.1,784.0,1304.8,1000.6,1264.9,1000.6,0
701,27,player,0,1817.5,671.9,1914.0,883.9,1865.8,883.9,0
701,32,player,1,1331.8,564.0,1390.0,711.7,1360.9,711.7,0
701,33,player,1,1415.8,613.3,1495.9,800.4,1455.8,800.4,0
701,36,player,0,1609.1,403.6,1659.2,554.6,1634.2,554.6,0
701,40,player,0,877.0,561.7,955.3,731.0,916.2,731.0,1
701,41,player,0,856.7,932.1,985.1,1164.4,920.9,1164.4,0
701,50,player,0,398.9,592.7,460.9,777.9,429.9,777.9,0
701,52,player,0,2409.8,317.1,2490.1,447.2,2450.0,447.2,0
701,60,player,0,189.7,303.6,249.1,453.5,219.4,453.5,0
701,62,player,1,375.3,307.2,418.1,444.3,396.7,444.3,0
701,65,player,1,600.7,317.7,644.0,455.2,622.4,455.2,0
701,66,player,1,2740.1,410.4,2806.2,567.6,2773.1,567.6,0
701,67,player,1,2278.9,473.0,2350.4,638.6,2314.6,638.6,0
702,-1,ball,-1,945.0,704.4,957.0,716.4,951.0,710.4,0
702,4,player,1,1908.6,664.0,1986.7,874.8,1947.6,874.8,0
702,5,player,1,2049.7,832.9,2170.0,1064.0,2109.8,1064.0,0
702,24,player,0,1219.6,780.5,1298.0,996.7,1258.8,996.7,0
702,27,player,0,1808.4,675.2,1911.1,884.6,1859.8,884.6,0
702,32,player,1,1326.7,565.8,1388.3,712.5,1357.5,712.5,0
702,33,player,1,1410.0,613.4,1483.4,795.5,1446.7,795.5,0
702,36,player,0,1604.9,400.3,1654.7,552.5,1629.8,552.5,0
702,40,player,0,876.2,558.1,942.6,729.4,909.4,729.4,1
702,41,player,0,853.9,928.8,968.6,1164.4,911.2,1164.4,0
702,50,player,0,398.8,589.5,460.9,775.6,429.8,775.6,0
702,52,player,0,2414.2,318.0,2494.3,448.6,2454.2,448.6,0
702,60,player,0,190.9,303.0,249.6,453.1,220.2,453.1,0
702,62,player,1,377.2,306.4,418.9,443.1,398.0,443.1,0
702,65,player,1,601.6,316.6,645.0,454.7,623.3,454.7,0
702,66,player,1,2742.9,408.1,2807.6,567.1,2775.2,567.1,0
702,67,player,1,2277.1,470.1,2336.2,636.4,2306.6,636.4,0
703,-1,ball,-1,949.2,702.0,961.2,714.0,955.2,708.0,0
703,4,player,1,1904.5,659.9,1984.8,874.0,1944.6,874.0,0
703,5,player,1,2031.5,833.1,2160.2,1057.5,2095.8,1057.5,0
703,24,player,0,1213.8,777.0,1289.7,997.2,1251.8,997.2,0
703,27,player,0,1801.9,680.5,1910.3,885.0,1856.1,885.0,0
703,32,player,1,1322.1,569.1,1387.6,710.4,1354.8,710.4,0
703,33,player,1,1405.6,613.6,1469.4,793.7,1437.5,793.7,0
703,36,player,0,1601.8,399.7,1653.2,551.3,1627.5,551.3,0
703,40,player,0,873.4,553.8,938.0,726.0,905.7,726.0,1
703,41,player,0,846.7,923.1,961.4,1162.0,904.0,1162.0,0
703,50,player,0,397.8,585.7,459.6,774.0,428.7,774.0,0
703,52,player,0,2420.1,317.6,2503.0,447.6,2461.6,447.6,0
703,60,player,0,190.9,302.4,250.2,453.1,220.6,453.1,0
703,62,player,1,377.3,305.6,419.9,443.2,398.6,443.2,0
703,65,player,1,602.0,315.4,645.9,454.7,624.0,454.7,0
703,66,player,1,2744.9,406.1,2808.5,567.1,2776.7,567.1,0
703,67,player,1,2280.3,469.4,2323.7,634.8,2302.0,634.8,0
704,-1,ball,-1,949.3,702.0,961.3,714.0,955.3,708.0,0
704,4,player,1,1904.6,659.8,1984.8,874.1,1944.7,874.1,0
704,5,player,1,2031.6,833.1,2160.2,1057.5,2095.9,1057.5,0
704,24,player,0,1213.7,777.0,1289.8,997.3,1251.8,997.3,0
704,27,player,0,1802.0,680.5,1910.4,885.0,1856.2,885.0,0
704,32,player,1,1322.0,569.1,1387.6,710.3,1354.8,710.3,0
704,33,player,1,1405.6,613.6,1469.4,793.7,1437.5,793.7,0
704,36,player,0,1601.8,399.7,1653.2,551.3,1627.5,551.3,0
704,40,player,0,873.4,553.8,938.0,726.0,905.7,726.0,1
704,41,player,0,846.7,923.1,961.4,1162.0,904.0,1162.0,0
704,50,player,0,397.8,585.7,459.5,774.0,428.6,774.0,0
704,52,player,0,2420.1,317.7,2503.0,447.6,2461.6,447.6,0
704,60,player,0,190.9,302.4,250.2,453.1,220.6,453.1,0
704,62,player,1,377.3,305.6,419.9,443.2,398.6,443.2,0
704,65,player,1,602.0,315.4,645.9,454.7,624.0,454.7,0
704,66,player,1,2744.9,406.1,2808.5,567.1,2776.7,567.1,0
704,67,player,1,2280.4,469.4,2323.8,634.8,2302.1,634.8,0
705,-1,ball,-1,949.3,702.0,961.3,714.0,955.3,708.0,0
705,4,player,1,1904.6,659.8,1984.4,874.0,1944.5,874.0,0
705,5,player,1,2031.6,833.1,2160.2,1057.5,2095.9,1057.5,0
705,24,player,0,1213.7,777.0,1289.7,997.5,1251.7,997.5,0
705,27,player,0,1802.0,680.5,1910.3,885.0,1856.2,885.0,0
705,32,player,1,1322.0,569.1,1387.6,710.3,1354.8,710.3,0
705,33,player,1,1405.6,613.7,1469.5,793.8,1437.6,793.8,0
705,36,player,0,1601.8,399.7,1653.2,551.3,1627.5,551.3,0
705,40,player,0,873.4,553.8,937.9,726.0,905.6,726.0,1
705,41,player,0,846.7,923.1,961.4,1162.0,904.0,1162.0,0
705,50,player,0,397.8,585.7,459.5,774.1,428.6,774.1,0
705,52,player,0,2420.1,317.6,2503.0,447.7,2461.6,447.7,0
705,60,player,0,190.9,302.4,250.2,453.0,220.6,453.0,0
705,62,player,1,377.3,305.6,419.9,443.2,398.6,443.2,0
705,65,player,1,602.0,315.5,645.8,454.7,623.9,454.7,0
705,66,player,1,2744.9,406.1,2808.5,567.1,2776.7,567.1,0
705,67,player,1,2280.4,469.4,2323.8,634.8,2302.1,634.8,0
706,-1,ball,-1,952.0,700.8,964.0,712.8,958.0,706.8,0
706,4,player,1,1899.0,658.0,1983.0,873.6,1941.0,873.6,0
706,5,player,1,2026.9,834.0,2146.0,1057.9,2086.4,1057.9,0
706,24,player,0,1203.3,770.8,1289.6,997.4,1246.4,997.4,0
706,27,player,0,1793.2,685.4,1912.4,887.1,1852.8,887.1,0
706,32,player,1,1314.3,568.9,1388.7,708.6,1351.5,708.6,0
706,33,player,1,1399.9,614.9,1453.4,793.0,1426.6,793.0,0
706,36,player,0,1594.8,399.4,1648.7,550.0,1621.8,550.0,0
706,40,player,0,869.7,552.1,937.3,724.8,903.5,724.8,1
706,41,player,0,838.9,917.8,958.8,1162.8,898.8,1162.8,0
706,50,player,0,396.6,583.3,458.5,774.0,427.6,774.0,0
706,52,player,0,2427.6,318.6,2507.1,448.8,2467.4,448.8,0
706,60,player,0,191.5,302.6,250.8,453.0,221.2,453.0,0
706,62,player,1,377.7,305.7,420.7,443.2,399.2,443.2,0
706,65,player,1,602.2,315.6,646.2,454.6,624.2,454.6,0
706,66,player,1,2746.4,406.5,2809.2,567.0,2777.8,567.0,0
706,67,player,1,2274.8,470.8,2317.0,635.9,2295.9,635.9,0
707,-1,ball,-1,952.0,700.8,964.0,712.8,958.0,706.8,0
707,4,player,1,1899.0,658.0,1982.8,873.6,1940.9,873.6,0
707,5,player,1,2027.0,834.0,2146.0,1057.9,2086.5,1057.9,0
707,24,player,0,1203.3,770.9,1289.7,997.2,1246.5,997.2,0
707,27,player,0,1793.3,685.4,1912.5,887.1,1852.9,887.1,0
707,32,player,1,1314.4,568.9,1388.7,708.6,1351.6,708.6,0
707,33,player,1,1399.9,614.9,1453.5,792.9,1426.7,792.9,0
707,36,player,0,1594.8,399.4,1648.9,549.9,1621.8,549.9,0
707,40,player,0,869.6,552.2,937.5,724.8,903.6,724.8,1
707,41,player,0,838.9,917.8,958.8,1162.8,898.8,1162.8,0
707,50,player,0,396.5,583.2,458.5,774.0,427.5,774.0,0
707,52,player,0,2428.0,318.6,2507.1,448.8,2467.6,448.8,0
707,60,player,0,191.5,302.6,250.7,453.1,221.1,453.1,0
707,62,player,1,377.7,305.7,420.7,443.2,399.2,443.2,0
707,65,player,1,602.2,315.6,646.2,454.6,624.2,454.6,0
707,66,player,1,2746.5,406.7,2809.2,567.1,2777.8,567.1,0
707,67,player,1,2274.3,471.0,2317.1,635.3,2295.7,635.3,0
708,-1,ball,-1,955.8,698.9,967.8,710.9,961.8,704.9,0
708,4,player,1,1895.8,654.7,1980.2,873.1,1938.0,873.1,0
708,5,player,1,2022.9,836.9,2123.9,1059.1,2073.4,1059.1,0
708,24,player,0,1187.8,769.0,1289.2,994.6,1238.5,994.6,0
708,27,player,0,1793.2,686.2,1913.5,886.5,1853.4,886.5,0
708,32,player,1,1309.1,565.5,1389.3,708.1,1349.2,708.1,0
708,33,player,1,1389.4,611.7,1445.4,792.2,1417.4,792.2,0
708,36,player,0,1590.0,400.5,1646.5,552.0,1618.2,552.0,0
708,40,player,0,864.4,552.0,939.3,723.1,901.8,723.1,1
708,41,player,0,827.4,913.4,954.3,1162.1,890.8,1162.1,0
708,50,player,0,395.6,582.1,455.6,774.1,425.6,774.1,0
708,52,player,0,2444.5,315.7,2506.2,446.4,2475.4,446.4,0
708,60,player,0,191.0,302.3,251.0,452.9,221.0,452.9,0
708,62,player,1,377.7,306.3,420.5,443.3,399.1,443.3,0
708,65,player,1,602.6,316.2,646.7,454.7,624.7,454.7,0
708,66,player,1,2749.3,406.6,2810.6,567.4,2780.0,567.4,0
708,67,player,1,2263.9,477.5,2313.1,638.2,2288.5,638.2,0
709,-1,ball,-1,955.8,698.9,967.8,710.9,961.8,704.9,0
709,4,player,1,1895.8,654.6,1980.2,873.1,1938.0,873.1,0
709,5,player,1,2023.0,837.0,2123.8,1059.2,2073.4,1059.2,0
709,24,player,0,1187.8,769.0,1289.1,994.6,1238.4,994.6,0
709,27,player,0,1793.2,686.2,1913.5,886.5,1853.4,886.5,0
709,32,player,1,1309.1,565.5,1389.3,708.1,1349.2,708.1,0
709,33,player,1,1389.4,611.7,1445.5,792.2,1417.4,792.2,0
709,36,player,0,1590.0,400.5,1646.5,552.0,1618.2,552.0,0
709,40,player,0,864.3,552.0,939.3,723.2,901.8,723.2,1
709,41,player,0,827.2,913.4,954.3,1162.1,890.8,1162.1,0
709,50,player,0,395.5,582.1,455.6,774.1,425.6,774.1,0
709,52,player,0,2444.5,315.7,2506.2,446.5,2475.4,446.5,0
709,60,player,0,191.0,302.3,251.0,452.9,221.0,452.9,0
709,62,player,1,377.7,306.3,420.5,443.3,399.1,443.3,0
709,65,player,1,602.6,316.2,646.7,454.7,624.7,454.7,0
709,66,player,1,2749.3,406.7,2810.5,567.4,2779.9,567.4,0
709,67,player,1,2263.9,477.5,2313.1,638.2,2288.5,638.2,0
710,-1,ball,-1,955.8,698.9,967.8,710.9,961.8,704.9,0
710,4,player,1,1895.8,654.6,1980.2,873.1,1938.0,873.1,0
710,5,player,1,2023.0,836.9,2123.9,1059.1,2073.4,1059.1,0
710,24,player,0,1187.8,769.0,1289.1,994.5,1238.4,994.5,0
710,27,player,0,1793.2,686.2,1913.4,886.7,1853.3,886.7,0
710,32,player,1,1309.0,565.6,1389.3,708.1,1349.2,708.1,0
710,33,player,1,1389.4,611.7,1445.5,792.1,1417.4,792.1,0
710,36,player,0,1589.9,400.5,1646.5,552.1,1618.2,552.1,0
710,40,player,0,864.4,552.0,939.4,723.1,901.9,723.1,1
710,41,player,0,827.2,913.4,954.0,1162.2,890.6,1162.2,0
710,50,player,0,395.5,582.1,455.6,774.2,425.6,774.2,0
710,52,player,0,2444.5,315.6,2506.2,446.6,2475.4,446.6,0
710,60,player,0,191.1,302.3,251.0,452.9,221.0,452.9,0
710,62,player,1,377.7,306.3,420.5,443.4,399.1,443.4,0
710,65,player,1,602.6,316.2,646.7,454.7,624.7,454.7,0
710,66,player,1,2749.3,406.7,2810.6,567.4,2780.0,567.4,0
710,67,player,1,2264.0,477.4,2313.0,638.2,2288.5,638.2,0
711,-1,ball,-1,957.2,697.2,969.2,709.2,963.2,703.2,0
711,4,player,1,1891.5,655.4,1975.1,869.4,1933.3,869.4,0
711,5,player,1,2007.9,837.2,2095.7,1059.7,2051.8,1059.7,0
711,24,player,0,1174.1,766.9,1284.9,981.0,1229.5,981.0,0
711,27,player,0,1796.0,683.4,1914.0,884.9,1855.0,884.9,0
711,32,player,1,1297.5,560.6,1382.4,702.5,1340.0,702.5,0
711,33,player,1,1374.1,610.2,1444.4,793.9,1409.2,793.9,0
711,36,player,0,1578.0,403.5,1643.1,553.0,1610.6,553.0,0
711,40,player,0,864.0,555.5,938.9,724.7,901.4,724.7,1
711,41,player,0,820.9,910.6,945.4,1158.9,883.2,1158.9,0
711,50,player,0,393.7,581.4,456.5,772.6,425.1,772.6,0
711,52,player,0,2456.3,310.7,2510.8,444.4,2483.6,444.4,0
711,60,player,0,191.5,301.9,251.0,453.2,221.2,453.2,0
711,62,player,1,377.6,305.9,420.6,443.6,399.1,443.6,0
711,65,player,1,602.4,315.3,646.5,454.9,624.4,454.9,0
711,66,player,1,2750.9,407.6,2811.5,568.0,2781.2,568.0,0
711,67,player,1,2254.1,480.6,2307.8,639.7,2281.0,639.7,0
712,-1,ball,-1,957.1,697.2,969.1,709.2,963.1,703.2,0
712,4,player,1,1891.5,655.4,1975.2,869.3,1933.4,869.3,0
712,5,player,1,2007.9,837.3,2095.7,1059.7,2051.8,1059.7,0
712,24,player,0,1174.1,766.8,1284.9,981.0,1229.5,981.0,0
712,27,player,0,1796.0,683.4,1913.9,884.9,1855.0,884.9,0
712,32,player,1,1297.0,560.6,1382.4,702.5,1339.7,702.5,0
712,33,player,1,1374.1,610.2,1444.5,793.8,1409.3,793.8,0
712,36,player,0,1577.8,403.5,1643.1,553.0,1610.4,553.0,0
712,40,player,0,863.9,555.5,938.9,724.7,901.4,724.7,1
712,41,player,0,821.0,910.6,945.4,1158.8,883.2,1158.8,0
712,50,player,0,393.6,581.5,456.5,772.6,425.0,772.6,0
712,52,player,0,2456.3,310.7,2510.8,444.4,2483.6,444.4,0
712,60,player,0,191.4,301.8,251.0,453.2,221.2,453.2,0
712,62,player,1,377.6,305.9,420.6,443.7,399.1,443.7,0
712,65,player,1,602.4,315.3,646.5,454.9,624.4,454.9,0
712,66,player,1,2750.9,407.6,2811.5,568.0,2781.2,568.0,0
712,67,player,1,2254.2,480.6,2307.8,639.7,2281.0,639.7,0
713,-1,ball,-1,959.1,695.8,971.1,707.8,965.1,701.8,0
713,4,player,1,1886.1,657.1,1970.1,870.3,1928.1,870.3,0
713,5,player,1,1996.3,834.7,2063.4,1058.8,2029.8,1058.8,0
713,24,player,0,1163.8,767.1,1276.4,977.6,1220.1,977.6,0
713,27,player,0,1795.8,680.1,1910.9,884.4,1853.4,884.4,0
713,32,player,1,1291.6,555.0,1371.8,700.7,1331.7,700.7,0
713,33,player,1,1351.7,608.6,1443.4,791.5,1397.6,791.5,0
713,36,player,0,1566.5,407.7,1639.8,553.9,1603.2,553.9,0
713,40,player,0,864.1,558.9,938.8,724.0,901.4,724.0,1
713,41,player,0,814.4,909.9,938.0,1152.2,876.2,1152.2,0
713,50,player,0,392.0,585.3,453.3,769.8,422.6,769.8,0
713,52,player,0,2461.9,302.2,2513.3,443.3,2487.6,443.3,0
713,60,player,0,191.9,302.2,251.0,453.3,221.4,453.3,0
713,62,player,1,377.5,306.3,420.7,444.0,399.1,444.0,0
713,65,player,1,602.6,317.3,646.4,455.0,624.5,455.0,0
713,66,player,1,2751.0,408.1,2812.3,567.9,2781.6,567.9,0
713,67,player,1,2235.7,486.4,2309.8,640.4,2272.8,640.4,0
714,-1,ball,-1,959.0,695.8,971.0,707.8,965.0,701.8,0
714,4,player,1,1886.1,657.1,1970.1,870.3,1928.1,870.3,0
714,5,player,1,1996.3,834.7,2063.3,1058.8,2029.8,1058.8,0
714,24,player,0,1163.7,767.1,1276.4,977.6,1220.1,977.6,0
714,27,player,0,1795.8,680.1,1910.9,884.4,1853.4,884.4,0
714,32,player,1,1291.6,555.0,1371.8,700.8,1331.7,700.8,0
714,33,player,1,1351.7,608.6,1443.4,791.5,1397.6,791.5,0
714,36,player,0,1566.6,407.6,1639.8,553.9,1603.2,553.9,0
714,40,player,0,864.0,558.9,938.8,724.0,901.4,724.0,1
714,41,player,0,814.4,909.8,938.0,1152.1,876.2,1152.1,0
714,50,player,0,392.0,585.3,453.4,769.8,422.7,769.8,0
714,52,player,0,2461.9,302.3,2513.3,443.2,2487.6,443.2,0
714,60,player,0,191.9,302.1,251.1,453.3,221.5,453.3,0
714,62,player,1,377.5,306.3,420.7,444.0,399.1,444.0,0
714,65,player,1,602.6,317.4,646.3,455.0,624.4,455.0,0
714,66,player,1,2751.1,408.1,2812.3,567.9,2781.7,567.9,0
714,67,player,1,2235.2,486.4,2309.7,640.4,2272.4,640.4,0
715,-1,ball,-1,959.0,695.8,971.0,707.8,965.0,701.8,0
715,4,player,1,1886.1,657.2,1970.2,870.3,1928.2,870.3,0
715,5,player,1,1996.3,834.7,2063.4,1058.8,2029.8,1058.8,0
715,24,player,0,1163.8,767.1,1276.4,977.6,1220.1,977.6,0
715,27,player,0,1795.8,680.1,1910.9,884.4,1853.4,884.4,0
715,32,player,1,1291.6,555.0,1371.6,700.9,1331.6,700.9,0
715,33,player,1,1351.7,608.6,1443.5,791.5,1397.6,791.5,0
715,36,player,0,1566.6,407.6,1639.8,553.9,1603.2,553.9,0
715,40,player,0,864.1,558.9,938.8,724.0,901.4,724.0,1
715,41,player,0,814.3,909.8,938.1,1152.2,876.2,1152.2,0
715,50,player,0,392.0,585.3,453.2,769.9,422.6,769.9,0
715,52,player,0,2461.9,302.3,2513.3,443.3,2487.6,443.3,0
715,60,player,0,191.9,302.1,251.1,453.3,221.5,453.3,0
715,62,player,1,377.5,306.2,420.7,444.0,399.1,444.0,0
715,65,player,1,602.6,317.3,646.3,455.0,624.4,455.0,0
715,66,player,1,2751.0,408.1,2812.3,567.9,2781.6,567.9,0
715,67,player,1,2235.1,486.3,2309.6,640.4,2272.4,640.4,0
716,-1,ball,-1,960.4,695.6,972.4,707.6,966.4,701.6,0
716,4,player,1,1879.5,660.4,1966.6,867.7,1923.0,867.7,0
716,5,player,1,1977.3,829.2,2054.4,1056.9,2015.8,1056.9,0
716,24,player,0,1158.1,769.1,1263.4,980.4,1210.8,980.4,0
716,27,player,0,1791.2,677.3,1907.1,882.9,1849.2,882.9,0
716,32,player,1,1280.1,550.9,1362.0,700.2,1321.0,700.2,0
716,33,player,1,1332.4,607.1,1439.6,792.7,1386.0,792.7,0
716,36,player,0,1555.2,410.6,1634.5,554.7,1594.8,554.7,0
716,40,player,0,869.7,559.3,947.8,725.0,908.8,725.0,1
716,41,player,0,806.5,913.5,932.0,1153.6,869.2,1153.6,0
716,50,player,0,391.4,585.5,457.8,768.4,424.6,768.4,0
716,52,player,0,2465.3,305.1,2518.9,443.7,2492.1,443.7,0
716,60,player,0,192.0,302.9,250.9,454.1,221.4,454.1,0
716,62,player,1,377.2,307.2,420.6,445.1,398.9,445.1,0
716,65,player,1,602.8,320.1,645.9,455.5,624.3,455.5,0
716,66,player,1,2751.8,408.7,2812.2,568.5,2782.0,568.5,0
716,67,player,1,2220.2,491.5,2309.6,642.8,2264.9,642.8,0
717,-1,ball,-1,960.4,695.6,972.4,707.6,966.4,701.6,0
717,4,player,1,1879.5,660.4,1966.6,867.7,1923.0,867.7,0
717,5,player,1,1977.3,829.2,2054.4,1056.9,2015.8,1056.9,0
717,24,player,0,1158.1,769.1,1263.2,980.4,1210.6,980.4,0
717,27,player,0,1791.3,677.3,1907.1,882.9,1849.2,882.9,0
717,32,player,1,1280.2,550.9,1362.0,700.2,1321.1,700.2,0
717,33,player,1,1332.4,607.1,1439.6,792.8,1386.0,792.8,0
717,36,player,0,1555.2,410.6,1634.5,554.7,1594.8,554.7,0
717,40,player,0,869.7,559.4,947.8,725.0,908.8,725.0,1
717,41,player,0,806.5,913.5,932.1,1153.8,869.3,1153.8,0
717,50,player,0,391.3,585.5,457.7,768.3,424.5,768.3,0
717,52,player,0,2465.1,305.1,2518.8,443.8,2492.0,443.8,0
717,60,player,0,192.0,302.9,250.8,454.1,221.4,454.1,0
717,62,player,1,377.2,307.3,420.6,445.2,398.9,445.2,0
717,65,player,1,602.8,320.4,645.9,455.5,624.3,455.5,0
717,66,player,1,2751.7,408.7,2812.2,568.4,2782.0,568.4,0
717,67,player,1,2220.2,491.5,2309.6,642.8,2264.9,642.8,0
718,-1,ball,-1,962.2,695.2,974.2,707.2,968.2,701.2,0
718,4,player,1,1871.7,660.9,1963.4,866.7,1917.6,866.7,0
718,5,player,1,1961.4,824.7,2053.0,1057.9,2007.2,1057.9,0
718,24,player,0,1156.1,768.6,1249.4,981.6,1202.8,981.6,0
718,27,player,0,1790.7,674.3,1901.4,878.6,1846.0,878.6,0
718,32,player,1,1264.0,549.7,1348.6,700.6,1306.3,700.6,0
718,33,player,1,1320.6,609.6,1432.8,791.3,1376.7,791.3,0
718,36,player,0,1543.8,412.6,1630.6,554.9,1587.2,554.9,0
718,40,player,0,870.0,559.4,958.3,725.9,914.2,725.9,1
718,41,player,0,800.2,916.7,916.0,1155.6,858.1,1155.6,0
718,50,player,0,386.4,587.0,458.6,767.5,422.5,767.5,0
718,52,player,0,2469.6,307.7,2525.8,445.2,2497.7,445.2,0
718,60,player,0,192.4,303.4,250.6,454.3,221.5,454.3,0
718,62,player,1,376.7,307.5,420.6,445.8,398.6,445.8,0
718,65,player,1,602.8,322.1,645.8,455.8,624.3,455.8,0
718,66,player,1,2752.6,407.9,2811.7,568.9,2782.1,568.9,0
718,67,player,1,2208.1,493.5,2309.3,642.9,2258.7,642.9,0
719,-1,ball,-1,962.2,695.2,974.2,707.2,968.2,701.2,0
719,4,player,1,1871.7,661.0,1963.4,866.7,1917.6,866.7,0
719,5,player,1,1961.5,824.8,2053.0,1057.8,2007.2,1057.8,0
719,24,player,0,1156.2,768.5,1249.3,981.6,1202.8,981.6,0
719,27,player,0,1790.8,674.3,1901.4,878.7,1846.1,878.7,0
719,32,player,1,1264.1,549.6,1348.6,700.7,1306.4,700.7,0
719,33,player,1,1320.6,609.6,1432.9,791.4,1376.8,791.4,0
719,36,player,0,1543.8,412.6,1630.6,554.9,1587.2,554.9,0
719,40,player,0,869.8,560.6,953.5,725.2,911.6,725.2,1
719,41,player,0,800.2,916.7,916.1,1155.6,858.2,1155.6,0
719,50,player,0,386.4,586.9,458.8,767.6,422.6,767.6,0
719,52,player,0,2469.0,306.8,2526.1,445.0,2497.6,445.0,0
719,60,player,0,192.4,303.4,250.6,454.2,221.5,454.2,0
719,62,player,1,376.7,307.5,420.7,445.8,398.7,445.8,0
719,65,player,1,602.8,322.3,645.9,455.9,624.3,455.9,0
719,66,player,1,2752.6,407.8,2811.7,568.8,2782.1,568.8,0
719,67,player,1,2207.9,493.8,2309.4,642.9,2258.6,642.9,0
720,-1,ball,-1,964.5,695.4,976.5,707.4,970.5,701.4,0
720,4,player,1,1867.9,662.2,1958.6,867.8,1913.2,867.8,0
720,5,player,1,1944.5,819.8,2046.5,1059.3,1995.5,1059.3,0
720,24,player,0,1146.2,766.5,1233.5,983.2,1189.8,983.2,0
720,27,player,0,1788.0,668.4,1887.1,875.0,1837.6,875.0,0
720,32,player,1,1243.8,549.0,1335.6,687.1,1289.7,687.1,0
720,33,player,1,1313.9,609.8,1423.5,790.9,1368.7,790.9,0
720,36,player,0,1536.3,413.1,1626.4,554.9,1581.4,554.9,0
720,40,player,0,870.9,557.4,969.4,725.2,920.2,725.2,1
720,41,player,0,791.3,920.6,898.4,1156.2,844.8,1156.2,0
720,50,player,0,382.1,586.4,457.9,769.9,420.0,769.9,0
720,52,player,0,2474.8,310.7,2527.4,449.6,2501.1,449.6,0
720,60,player,0,192.2,303.2,249.7,454.6,221.0,454.6,0
720,62,player,1,375.3,308.1,420.5,446.0,397.9,446.0,0
720,65,player,1,601.6,320.7,645.1,456.2,623.4,456.2,0
720,66,player,1,2754.2,407.9,2811.8,569.0,2783.0,569.0,0
720,67,player,1,2196.0,493.5,2309.0,642.3,2252.5,642.3,0
721,-1,ball,-1,964.5,695.4,976.5,707.4,970.5,701.4,0
721,4,player,1,1867.9,662.2,1958.6,867.9,1913.2,867.9,0
721,5,player,1,1944.6,819.8,2046.5,1059.3,1995.6,1059.3,0
721,24,player,0,1146.2,766.5,1233.5,983.3,1189.8,983.3,0
721,27,player,0,1788.0,668.4,1887.1,875.0,1837.6,875.0,0
721,32,player,1,1243.8,549.0,1335.6,687.0,1289.7,687.0,0
721,33,player,1,1313.9,609.8,1423.5,790.9,1368.7,790.9,0
721,36,player,0,1536.2,413.1,1626.3,554.9,1581.2,554.9,0
721,40,player,0,870.9,557.4,969.4,725.2,920.2,725.2,1
721,41,player,0,791.3,920.6,898.2,1156.2,844.8,1156.2,0
721,50,player,0,382.0,586.6,458.0,770.0,420.0,770.0,0
721,52,player,0,2474.9,310.7,2527.3,449.5,2501.1,449.5,0
721,60,player,0,192.2,303.2,249.7,454.6,221.0,454.6,0
721,62,player,1,375.2,308.1,420.5,446.1,397.8,446.1,0
721,65,player,1,601.7,320.8,645.1,456.2,623.4,456.2,0
721,66,player,1,2754.1,407.9,2811.7,569.0,2782.9,569.0,0
721,67,player,1,2196.0,493.6,2309.0,642.3,2252.5,642.3,0
722,-1,ball,-1,965.6,694.8,977.6,706.8,971.6,700.8,0
722,4,player,1,1864.3,661.1,1954.5,866.4,1909.4,866.4,0
722,5,player,1,1918.8,818.1,2040.9,1055.6,1979.8,1055.6,0
722,24,player,0,1137.4,763.8,1215.3,981.7,1176.4,981.7,0
722,27,player,0,1785.7,662.8,1872.0,874.3,1828.8,874.3,0
722,32,player,1,1232.0,547.1,1329.8,690.9,1280.9,690.9,0
722,33,player,1,1312.2,612.5,1407.7,792.2,1360.0,792.2,0
722,36,player,0,1529.3,414.8,1622.4,556.6,1575.8,556.6,0
722,40,player,0,871.6,554.7,975.4,725.2,923.5,725.2,1
722,41,player,0,783.3,924.0,868.7,1157.9,826.0,1157.9,0
722,50,player,0,378.3,586.2,451.6,770.1,415.0,770.1,0
722,52,player,0,2482.0,314.7,2541.7,449.6,2511.8,449.6,0
722,60,player,0,190.2,303.4,248.9,455.0,219.6,455.0,0
722,62,player,1,375.0,309.9,419.5,447.0,397.2,447.0,0
722,65,player,1,601.4,319.7,644.4,457.1,622.9,457.1,0
722,66,player,1,2755.3,407.8,2812.0,568.9,2783.6,568.9,0
722,67,player,1,2191.2,493.5,2304.6,643.0,2247.9,643.0,0
723,-1,ball,-1,965.6,694.6,977.6,706.6,971.6,700.6,0
723,4,player,1,1864.4,661.2,1954.5,866.3,1909.4,866.3,0
723,5,player,1,1918.8,818.1,2040.9,1055.6,1979.8,1055.6,0
723,24,player,0,1137.4,763.8,1215.3,981.7,1176.4,981.7,0
723,27,player,0,1785.8,662.8,1871.9,874.2,1828.8,874.2,0
723,32,player,1,1232.6,547.1,1329.7,690.8,1281.2,690.8,0
723,33,player,1,1312.2,612.5,1408.1,792.2,1360.2,792.2,0
723,36,player,0,1529.3,414.7,1622.4,556.6,1575.8,556.6,0
723,40,player,0,871.6,554.7,975.4,725.2,923.5,725.2,1
723,41,player,0,783.3,924.0,869.0,1158.1,826.2,1158.1,0
723,50,player,0,378.4,586.2,451.6,770.1,415.0,770.1,0
723,52,player,0,2482.0,314.7,2541.7,449.5,2511.8,449.5,0
723,60,player,0,190.2,303.4,248.9,455.0,219.6,455.0,0
723,62,player,1,375.0,309.9,419.5,447.0,397.2,447.0,0
723,65,player,1,601.4,319.6,644.4,457.1,622.9,457.1,0
723,66,player,1,2755.2,407.9,2812.0,568.9,2783.6,568.9,0
723,67,player,1,2191.1,493.5,2304.6,643.1,2247.8,643.1,0
724,-1,ball,-1,965.6,694.6,977.6,706.6,971.6,700.6,0
724,4,player,1,1864.5,661.2,1954.5,866.3,1909.5,866.3,0
724,5,player,1,1918.8,818.1,2040.9,1055.6,1979.8,1055.6,0
724,24,player,0,1137.4,763.8,1215.3,981.7,1176.4,981.7,0
724,27,player,0,1785.7,662.8,1871.9,874.2,1828.8,874.2,0
724,32,player,1,1232.0,547.1,1329.6,690.6,1280.8,690.6,0
724,33,player,1,1312.2,612.5,1408.1,792.2,1360.2,792.2,0
724,36,player,0,1529.3,414.7,1622.4,556.6,1575.8,556.6,0
724,40,player,0,871.6,554.7,975.4,725.2,923.5,725.2,1
724,41,player,0,783.3,924.0,868.8,1158.1,826.0,1158.1,0
724,50,player,0,378.3,586.3,451.6,770.1,415.0,770.1,0
724,52,player,0,2482.0,314.7,2541.7,449.5,2511.8,449.5,0
724,60,player,0,190.2,303.4,248.9,455.0,219.6,455.0,0
724,62,player,1,375.0,309.9,419.5,447.0,397.2,447.0,0
724,65,player,1,601.4,319.6,644.4,457.1,622.9,457.1,0
724,66,player,1,2755.3,407.8,2812.0,568.9,2783.6,568.9,0
724,67,player,1,2190.9,493.5,2304.6,643.1,2247.8,643.1,0
725,-1,ball,-1,967.6,694.3,979.6,706.3,973.6,700.3,0
725,4,player,1,1860.3,657.8,1951.7,863.7,1906.0,863.7,0
725,5,player,1,1897.1,817.6,2036.7,1044.3,1966.9,1044.3,0
725,24,player,0,1131.6,758.6,1202.1,977.5,1166.8,977.5,0
725,27,player,0,1784.7,657.8,1866.2,874.3,1825.4,874.3,0
725,32,player,1,1230.3,543.2,1318.7,690.5,1274.5,690.5,0
725,33,player,1,1308.3,610.7,1389.9,793.7,1349.1,793.7,0
725,36,player,0,1529.2,412.7,1619.6,556.8,1574.4,556.8,0
725,40,player,0,870.1,552.0,975.5,717.6,922.8,717.6,1
725,41,player,0,773.6,922.4,854.8,1159.5,814.2,1159.5,0
725,50,player,0,364.4,583.8,447.4,770.5,405.9,770.5,0
725,52,player,0,2485.9,318.3,2546.4,454.1,2516.2,454.1,0
725,60,player,0,189.0,303.9,248.6,455.6,218.8,455.6,0
725,62,player,1,374.5,310.3,418.8,447.4,396.6,447.4,0
725,65,player,1,601.2,321.7,643.6,458.0,622.4,458.0,0
725,66,player,1,2759.6,408.9,2811.7,570.0,2785.6,570.0,0
725,67,player,1,2189.9,493.7,2295.6,643.7,2242.8,643.7,0
726,-1,ball,-1,967.6,694.2,979.6,706.2,973.6,700.2,0
726,4,player,1,1860.3,657.8,1951.7,863.7,1906.0,863.7,0
726,5,player,1,1897.1,817.5,2036.6,1044.3,1966.8,1044.3,0
726,24,player,0,1131.6,758.5,1202.1,977.4,1166.8,977.4,0
726,27,player,0,1784.7,657.8,1866.2,874.4,1825.4,874.4,0
726,32,player,1,1230.5,543.2,1318.7,690.3,1274.6,690.3,0
726,33,player,1,1308.3,610.7,1389.9,793.8,1349.1,793.8,0
726,36,player,0,1529.2,412.7,1619.6,556.8,1574.4,556.8,0
726,40,player,0,870.1,552.0,975.5,717.5,922.8,717.5,1
726,41,player,0,773.7,922.4,854.8,1159.6,814.2,1159.6,0
726,50,player,0,364.4,583.8,447.4,770.5,405.9,770.5,0
726,52,player,0,2485.9,318.3,2546.4,454.1,2516.2,454.1,0
726,60,player,0,189.0,303.9,248.6,455.6,218.8,455.6,0
726,62,player,1,374.5,310.3,418.8,447.4,396.6,447.4,0
726,65,player,1,601.2,321.6,643.6,458.0,622.4,458.0,0
726,66,player,1,2759.6,408.9,2811.8,569.9,2785.7,569.9,0
726,67,player,1,2189.9,493.7,2295.7,643.8,2242.8,643.8,0
727,-1,ball,-1,967.6,692.8,979.6,704.8,973.6,698.8,0
727,4,player,1,1855.1,653.9,1947.1,863.9,1901.1,863.9,0
727,5,player,1,1888.9,820.0,2024.9,1044.6,1956.9,1044.6,0
727,24,player,0,1122.5,753.8,1194.5,978.0,1158.5,978.0,0
727,27,player,0,1784.3,654.0,1860.7,873.4,1822.5,873.4,0
727,32,player,1,1216.0,542.4,1315.2,696.0,1265.6,696.0,0
727,33,player,1,1311.5,607.2,1371.0,793.7,1341.2,793.7,0
727,36,player,0,1529.7,412.1,1616.7,557.3,1573.2,557.3,0
727,40,player,0,868.0,551.8,975.0,712.6,921.5,712.6,1
727,41,player,0,757.6,919.3,850.7,1158.6,804.2,1158.6,0
727,50,player,0,360.0,580.4,438.0,771.2,399.0,771.2,0
727,52,player,0,2487.3,320.2,2552.5,455.7,2519.9,455.7,0
727,60,player,0,187.1,304.3,246.3,455.7,216.7,455.7,0
727,62,player,1,372.2,310.9,416.8,447.6,394.5,447.6,0
727,65,player,1,599.3,323.2,641.4,457.5,620.3,457.5,0
727,66,player,1,2760.6,409.1,2811.0,570.9,2785.8,570.9,0
727,67,player,1,2182.5,494.2,2281.8,639.2,2232.2,639.2,0
728,-1,ball,-1,967.6,692.8,979.6,704.8,973.6,698.8,0
728,4,player,1,1855.1,653.9,1947.1,863.9,1901.1,863.9,0
728,5,player,1,1888.9,820.0,2024.9,1044.6,1956.9,1044.6,0
728,24,player,0,1122.6,753.8,1194.5,977.9,1158.6,977.9,0
728,27,player,0,1784.2,654.1,1860.7,873.4,1822.4,873.4,0
728,32,player,1,1215.9,542.5,1315.3,695.9,1265.6,695.9,0
728,33,player,1,1311.4,607.2,1371.0,793.7,1341.2,793.7,0
728,36,player,0,1529.6,412.1,1616.8,557.3,1573.2,557.3,0
728,40,player,0,868.0,551.9,975.0,712.7,921.5,712.7,1
728,41,player,0,757.7,919.4,850.7,1158.7,804.2,1158.7,0
728,50,player,0,360.0,580.4,438.0,771.1,399.0,771.1,0
728,52,player,0,2487.3,320.2,2552.5,455.6,2519.9,455.6,0
728,60,player,0,187.1,304.3,246.3,455.7,216.7,455.7,0
728,62,player,1,371.7,311.3,416.5,447.6,394.1,447.6,0
728,65,player,1,599.3,323.3,641.4,457.5,620.3,457.5,0
728,66,player,1,2760.6,409.0,2811.1,570.9,2785.8,570.9,0
728,67,player,1,2182.6,494.2,2281.6,639.3,2232.1,639.3,0
729,-1,ball,-1,967.6,692.8,979.6,704.8,973.6,698.8,0
729,4,player,1,1855.1,653.9,1947.1,863.9,1901.1,863.9,0
729,5,player,1,1888.9,820.0,2025.0,1044.6,1957.0,1044.6,0
729,24,player,0,1122.6,753.8,1194.5,977.9,1158.6,977.9,0
729,27,player,0,1784.1,654.1,1860.7,873.4,1822.4,873.4,0
729,32,player,1,1216.1,542.4,1315.3,696.0,1265.7,696.0,0
729,33,player,1,1311.5,607.2,1370.9,793.7,1341.2,793.7,0
729,36,player,0,1529.6,412.1,1616.7,557.3,1573.2,557.3,0
729,40,player,0,867.9,552.0,975.0,712.6,921.4,712.6,1
729,41,player,0,757.5,919.3,850.7,1158.7,804.1,1158.7,0
729,50,player,0,360.0,580.4,438.0,771.1,399.0,771.1,0
729,52,player,0,2487.3,320.2,2552.4,455.6,2519.9,455.6,0
729,60,player,0,187.1,304.3,246.2,455.7,216.6,455.7,0
729,62,player,1,372.2,311.0,416.8,447.6,394.5,447.6,0
729,65,player,1,599.3,323.3,641.4,457.5,620.3,457.5,0
729,66,player,1,2760.7,409.1,2811.0,570.9,2785.8,570.9,0
729,67,player,1,2182.6,494.2,2281.6,639.2,2232.1,639.2,0
730,-1,ball,-1,968.1,691.7,980.1,703.7,974.1,697.7,0
730,4,player,1,1850.0,651.0,1943.9,860.7,1897.0,860.7,0
730,5,player,1,1885.9,822.2,2009.2,1047.3,1947.6,1047.3,0
730,24,player,0,1112.2,752.1,1186.8,972.3,1149.5,972.3,0
730,27,player,0,1780.4,652.4,1861.2,869.9,1820.8,869.9,0
730,32,player,1,1205.0,541.4,1310.2,699.6,1257.6,699.6,0
730,33,player,1,1302.6,605.1,1362.3,794.4,1332.4,794.4,0
730,36,player,0,1527.0,412.3,1609.7,556.1,1568.4,556.1,0
730,40,player,0,867.1,552.7,971.2,713.7,919.2,713.7,1
730,41,player,0,742.5,913.2,844.3,1160.3,793.4,1160.3,0
730,50,player,0,352.4,579.8,434.3,770.8,393.4,770.8,0
730,52,player,0,2491.9,324.7,2558.9,455.5,2525.4,455.5,0
730,60,player,0,186.4,305.1,244.3,456.1,215.4,456.1,0
730,62,player,1,370.3,312.6,415.8,448.2,393.0,448.2,0
730,65,player,1,597.1,320.0,639.4,458.8,618.2,458.8,0
730,66,player,1,2761.3,409.5,2808.9,571.6,2785.1,571.6,0
730,67,player,1,2171.2,493.7,2263.3,637.8,2217.2,637.8,0
731,-1,ball,-1,968.1,691.7,980.1,703.7,974.1,697.7,0
731,4,player,1,1850.1,651.0,1943.8,860.7,1897.0,860.7,0
731,5,player,1,1885.9,822.2,2008.7,1047.3,1947.3,1047.3,0
731,24,player,0,1112.1,752.1,1186.8,972.3,1149.4,972.3,0
731,27,player,0,1780.3,652.4,1861.6,870.1,1821.0,870.1,0
731,32,player,1,1204.9,541.4,1310.3,699.6,1257.6,699.6,0
731,33,player,1,1302.6,605.1,1362.4,794.3,1332.5,794.3,0
731,36,player,0,1527.1,412.3,1609.7,556.1,1568.4,556.1,0
731,40,player,0,867.2,552.7,971.2,713.8,919.2,713.8,1
731,41,player,0,742.5,913.2,844.3,1160.3,793.4,1160.3,0
731,50,player,0,352.4,579.8,434.4,770.8,393.4,770.8,0
731,52,player,0,2491.9,324.7,2559.0,455.5,2525.4,455.5,0
731,60,player,0,186.4,305.1,244.3,456.1,215.4,456.1,0
731,62,player,1,370.3,312.6,415.8,448.2,393.0,448.2,0
731,65,player,1,597.1,320.0,639.4,458.8,618.2,458.8,0
731,66,player,1,2761.4,409.5,2808.9,571.6,2785.2,571.6,0
731,67,player,1,2171.2,493.7,2263.3,637.9,2217.2,637.9,0
732,-1,ball,-1,967.8,692.4,979.8,704.4,973.8,698.4,0
732,4,player,1,1846.2,650.0,1940.3,857.0,1893.2,857.0,0
732,5,player,1,1882.3,815.3,1982.9,1046.7,1932.6,1046.7,0
732,24,player,0,1104.3,751.8,1180.1,963.0,1142.2,963.0,0
732,27,player,0,1776.3,651.8,1864.6,871.0,1820.4,871.0,0
732,32,player,1,1204.7,542.3,1297.1,699.7,1250.9,699.7,0
732,33,player,1,1293.6,601.9,1356.3,794.5,1324.9,794.5,0
732,36,player,0,1525.3,410.9,1602.1,556.9,1563.7,556.9,0
732,40,player,0,868.2,556.4,983.1,715.3,925.6,715.3,1
732,41,player,0,726.5,909.6,837.0,1154.9,781.8,1154.9,0
732,50,player,0,347.1,581.3,427.3,770.0,387.2,770.0,0
732,52,player,0,2494.5,324.1,2560.5,455.2,2527.5,455.2,0
732,60,player,0,181.9,306.3,241.6,456.7,211.8,456.7,0
732,62,player,1,366.7,311.2,413.4,448.9,390.0,448.9,0
732,65,player,1,594.0,319.7,638.1,460.1,616.0,460.1,0
732,66,player,1,2759.8,410.3,2806.8,573.0,2783.3,573.0,0
732,67,player,1,2160.2,493.5,2242.2,639.1,2201.2,639.1,0
733,-1,ball,-1,967.8,692.4,979.8,704.4,973.8,698.4,0
733,4,player,1,1846.2,650.0,1940.3,856.9,1893.2,856.9,0
733,5,player,1,1882.3,815.3,1983.1,1046.7,1932.7,1046.7,0
733,24,player,0,1104.3,751.8,1180.1,963.0,1142.2,963.0,0
733,27,player,0,1776.3,651.8,1864.6,871.0,1820.4,871.0,0
733,32,player,1,1204.6,542.3,1297.3,699.7,1250.9,699.7,0
733,33,player,1,1293.7,601.9,1356.4,794.5,1325.1,794.5,0
733,36,player,0,1525.3,410.9,1602.1,556.9,1563.7,556.9,0
733,40,player,0,868.1,556.4,983.1,715.3,925.6,715.3,1
733,41,player,0,726.5,909.6,837.0,1154.9,781.8,1154.9,0
733,50,player,0,347.2,581.3,427.3,770.0,387.2,770.0,0
733,52,player,0,2494.5,324.1,2560.6,455.2,2527.6,455.2,0
733,60,player,0,181.9,306.3,241.6,456.7,211.8,456.7,0
733,62,player,1,366.7,311.2,413.4,448.9,390.0,448.9,0
733,65,player,1,594.0,319.7,638.1,460.1,616.0,460.1,0
733,66,player,1,2759.8,410.3,2806.8,573.0,2783.3,573.0,0
733,67,player,1,2160.1,493.5,2242.2,639.0,2201.1,639.0,0
734,-1,ball,-1,967.8,692.4,979.8,704.4,973.8,698.4,0
734,4,player,1,1846.2,650.1,1940.3,856.9,1893.2,856.9,0
734,5,player,1,1882.3,815.2,1983.3,1046.6,1932.8,1046.6,0
734,24,player,0,1104.3,751.8,1180.1,962.9,1142.2,962.9,0
734,27,player,0,1776.3,651.8,1864.6,871.1,1820.4,871.1,0
734,32,player,1,1204.5,542.4,1297.3,699.6,1250.9,699.6,0
734,33,player,1,1293.8,601.9,1356.3,794.5,1325.0,794.5,0
734,36,player,0,1525.3,410.9,1602.0,556.9,1563.6,556.9,0
734,40,player,0,868.1,556.4,983.1,715.4,925.6,715.4,1
734,41,player,0,726.5,909.6,837.0,1154.9,781.8,1154.9,0
734,50,player,0,347.2,581.3,427.3,770.0,387.2,770.0,0
734,52,player,0,2494.5,324.1,2560.5,455.2,2527.5,455.2,0
734,60,player,0,181.9,306.3,241.6,456.7,211.8,456.7,0
734,62,player,1,366.7,311.2,413.4,448.9,390.0,448.9,0
734,65,player,1,594.0,319.7,638.1,460.1,616.0,460.1,0
734,66,player,1,2759.8,410.3,2806.8,573.1,2783.3,573.1,0
734,67,player,1,2160.0,493.5,2242.3,639.2,2201.2,639.2,0
735,-1,ball,-1,972.2,692.2,984.2,704.2,978.2,698.2,0
735,4,player,1,1842.5,651.5,1936.5,858.9,1889.5,858.9,0
735,5,player,1,1866.8,825.8,1952.7,1048.5,1909.8,1048.5,0
735,24,player,0,1096.0,754.4,1172.4,963.1,1134.2,963.1,0
735,27,player,0,1771.9,654.3,1863.1,872.6,1817.5,872.6,0
735,32,player,1,1193.9,543.7,1289.7,699.3,1241.8,699.3,0
735,33,player,1,1279.3,601.3,1349.0,794.5,1314.2,794.5,0
735,36,player,0,1519.6,409.7,1585.6,558.6,1552.6,558.6,0
735,40,player,0,870.0,557.7,991.7,716.8,930.8,716.8,1
735,41,player,0,700.7,909.0,831.3,1151.3,766.0,1151.3,0
735,50,player,0,342.7,584.2,422.5,768.2,382.6,768.2,0
735,52,player,0,2493.0,325.6,2556.5,458.2,2524.8,458.2,0
735,60,player,0,179.9,308.6,237.6,457.9,208.8,457.9,0
735,62,player,1,363.8,313.1,408.6,450.9,386.2,450.9,0
735,65,player,1,590.9,322.5,634.9,461.2,612.9,461.2,0
735,66,player,1,2755.0,412.7,2804.3,573.4,2779.6,573.4,0
735,67,player,1,2149.4,493.2,2213.8,640.0,2181.6,640.0,0
736,-1,ball,-1,972.2,692.2,984.2,704.2,978.2,698.2,0
736,4,player,1,1842.5,651.5,1936.5,858.9,1889.5,858.9,0
736,5,player,1,1866.8,825.8,1952.4,1048.4,1909.6,1048.4,0
736,24,player,0,1096.1,754.5,1172.5,963.1,1134.3,963.1,0
736,27,player,0,1772.0,654.2,1863.1,872.7,1817.6,872.7,0
736,32,player,1,1193.9,543.6,1289.7,699.4,1241.8,699.4,0
736,33,player,1,1279.3,601.3,1349.0,794.5,1314.2,794.5,0
736,36,player,0,1519.6,409.7,1585.6,558.5,1552.6,558.5,0
736,40,player,0,870.0,557.7,991.8,716.8,930.9,716.8,1
736,41,player,0,700.7,909.0,831.5,1151.3,766.1,1151.3,0
736,50,player,0,342.5,584.2,422.5,768.1,382.5,768.1,0
736,52,player,0,2493.0,325.5,2556.4,458.3,2524.7,458.3,0
736,60,player,0,179.9,308.6,237.6,458.0,208.8,458.0,0
736,62,player,1,363.8,313.1,408.6,450.9,386.2,450.9,0
736,65,player,1,590.9,322.5,634.9,461.2,612.9,461.2,0
736,66,player,1,2755.0,412.7,2804.3,573.4,2779.6,573.4,0
736,67,player,1,2149.4,493.2,2213.8,640.0,2181.6,640.0,0
737,-1,ball,-1,972.2,692.2,984.2,704.2,978.2,698.2,0
737,4,player,1,1842.5,651.4,1936.5,858.9,1889.5,858.9,0
737,5,player,1,1866.8,825.8,1952.3,1048.4,1909.6,1048.4,0
737,24,player,0,1096.1,754.5,1172.5,963.1,1134.3,963.1,0
737,27,player,0,1772.0,654.2,1863.1,872.7,1817.6,872.7,0
737,32,player,1,1193.9,543.6,1289.7,699.4,1241.8,699.4,0
737,33,player,1,1279.3,601.3,1349.0,794.5,1314.2,794.5,0
737,36,player,0,1519.5,409.6,1585.5,558.5,1552.5,558.5,0
737,40,player,0,870.0,557.7,991.8,716.8,930.9,716.8,1
737,41,player,0,700.7,908.9,831.4,1151.4,766.0,1151.4,0
737,50,player,0,342.5,584.1,422.5,768.4,382.5,768.4,0
737,52,player,0,2493.0,325.6,2556.5,458.2,2524.8,458.2,0
737,60,player,0,179.9,308.6,237.6,458.0,208.8,458.0,0
737,62,player,1,363.8,313.1,408.6,450.9,386.2,450.9,0
737,65,player,1,590.9,322.5,634.9,461.2,612.9,461.2,0
737,66,player,1,2755.0,412.7,2804.3,573.4,2779.6,573.4,0
737,67,player,1,2149.4,493.2,2213.8,640.0,2181.6,640.0,0
738,-1,ball,-1,2186.1,627.5,2198.1,639.5,2192.1,633.5,0
738,4,player,1,1840.2,653.1,1932.8,856.3,1886.5,856.3,0
738,5,player,1,1850.6,815.6,1929.1,1048.9,1889.8,1048.9,0
738,24,player,0,1087.3,756.5,1164.9,966.3,1126.1,966.3,0
738,27,player,0,1765.6,657.3,1858.1,873.0,1811.8,873.0,0
738,32,player,1,1184.6,547.2,1271.7,701.6,1228.2,701.6,0
738,33,player,1,1262.2,602.2,1337.8,794.2,1300.0,794.2,0
738,36,player,0,1512.9,411.7,1573.9,559.4,1543.4,559.4,0
738,40,player,0,875.9,559.9,983.9,718.6,929.9,718.6,0
738,41,player,0,684.1,910.2,819.2,1151.0,751.7,1151.0,0
738,50,player,0,338.5,585.6,418.7,769.1,378.6,769.1,0
738,52,player,0,2493.8,324.0,2554.8,462.8,2524.3,462.8,0
738,60,player,0,174.4,310.0,233.2,459.4,203.8,459.4,0
738,62,player,1,361.5,313.7,406.6,453.1,384.0,453.1,0
738,65,player,1,588.7,321.8,630.4,461.5,609.6,461.5,0
738,66,player,1,2752.2,414.5,2800.8,574.7,2776.5,574.7,0
738,67,player,1,2135.6,492.4,2205.5,641.5,2170.6,641.5,1
739,-1,ball,-1,1037.0,674.1,1049.0,686.1,1043.0,680.1,0
739,4,player,1,1836.2,657.0,1927.9,868.6,1882.0,868.6,0
739,5,player,1,1838.8,804.6,1916.6,1048.6,1877.7,1048.6,0
739,24,player,0,1077.8,756.9,1157.2,968.6,1117.5,968.6,0
739,27,player,0,1759.4,661.4,1852.6,873.1,1806.0,873.1,0
739,32,player,1,1177.6,551.7,1264.6,703.2,1221.1,703.2,0
739,33,player,1,1252.4,605.0,1329.2,792.6,1290.8,792.6,0
739,36,player,0,1505.9,412.0,1560.5,559.4,1533.2,559.4,0
739,40,player,0,877.4,559.0,957.0,717.4,917.2,717.4,0
739,41,player,0,674.5,913.7,808.3,1152.9,741.4,1152.9,0
739,50,player,0,336.6,586.8,413.3,769.0,375.0,769.0,0
739,52,player,0,2494.2,326.2,2555.6,461.7,2524.9,461.7,0
739,60,player,0,168.3,311.0,228.3,460.3,198.3,460.3,0
739,62,player,1,355.6,314.9,401.9,452.9,378.8,452.9,0
739,65,player,1,582.8,321.3,626.7,462.0,604.8,462.0,0
739,66,player,1,2752.5,417.1,2798.5,575.4,2775.5,575.4,0
739,67,player,1,2121.8,489.2,2201.1,644.0,2161.4,644.0,0
740,-1,ball,-1,1037.0,674.2,1049.0,686.2,1043.0,680.2,0
740,4,player,1,1836.2,657.0,1927.9,869.9,1882.0,869.9,0
740,5,player,1,1838.6,804.6,1916.5,1048.6,1877.6,1048.6,0
740,24,player,0,1077.8,756.9,1157.2,968.6,1117.5,968.6,0
740,27,player,0,1759.1,661.4,1852.6,873.2,1805.8,873.2,0
740,32,player,1,1177.8,551.7,1264.5,703.3,1221.2,703.3,0
740,33,player,1,1252.4,605.0,1329.3,792.6,1290.8,792.6,0
740,36,player,0,1505.9,412.0,1560.5,559.6,1533.2,559.6,0
740,40,player,0,877.4,558.9,956.9,717.3,917.2,717.3,0
740,41,player,0,674.5,913.7,808.3,1152.9,741.4,1152.9,0
740,50,player,0,336.3,586.8,413.4,769.1,374.8,769.1,0
740,52,player,0,2494.2,326.2,2555.6,461.7,2524.9,461.7,0
740,60,player,0,168.3,311.0,228.3,460.3,198.3,460.3,0
740,62,player,1,355.5,314.9,401.9,452.9,378.7,452.9,0
740,65,player,1,582.8,321.3,626.7,462.0,604.8,462.0,0
740,66,player,1,2752.6,417.2,2798.7,575.6,2775.6,575.6,0
740,67,player,1,2121.9,489.2,2201.1,644.0,2161.5,644.0,0
741,-1,ball,-1,1037.0,674.1,1049.0,686.1,1043.0,680.1,0
741,4,player,1,1836.1,657.0,1927.9,869.3,1882.0,869.3,0
741,5,player,1,1838.5,804.4,1916.6,1048.5,1877.6,1048.5,0
741,24,player,0,1077.8,756.9,1157.2,968.6,1117.5,968.6,0
741,27,player,0,1759.1,661.4,1852.6,873.2,1805.8,873.2,0
741,32,player,1,1177.9,551.7,1264.5,703.2,1221.2,703.2,0
741,33,player,1,1252.4,605.0,1329.3,792.6,1290.8,792.6,0
741,36,player,0,1505.9,412.0,1560.5,559.6,1533.2,559.6,0
741,40,player,0,877.4,558.9,957.0,717.4,917.2,717.4,0
741,41,player,0,674.5,913.7,808.0,1152.9,741.2,1152.9,0
741,50,player,0,336.3,586.8,413.4,769.1,374.8,769.1,0
741,52,player,0,2494.2,326.2,2555.7,461.7,2525.0,461.7,0
741,60,player,0,168.3,311.0,228.3,460.3,198.3,460.3,0
741,62,player,1,355.6,314.9,401.9,452.9,378.8,452.9,0
741,65,player,1,582.8,321.3,626.7,462.0,604.8,462.0,0
741,66,player,1,2752.6,417.1,2798.6,575.6,2775.6,575.6,0
741,67,player,1,2121.9,489.2,2201.1,644.1,2161.5,644.1,0
742,-1,ball,-1,1067.0,666.3,1079.0,678.3,1073.0,672.3,0
742,4,player,1,1828.4,658.0,1922.7,875.1,1875.6,875.1,0
742,5,player,1,1826.0,808.0,1901.2,1048.2,1863.6,1048.2,0
742,24,player,0,1064.6,756.6,1145.1,971.4,1104.8,971.4,0
742,27,player,0,1753.9,664.1,1849.9,874.0,1801.9,874.0,0
742,32,player,1,1173.3,554.0,1259.3,704.2,1216.3,704.2,0
742,33,player,1,1246.7,609.1,1319.8,792.3,1283.2,792.3,0
742,36,player,0,1497.7,412.0,1550.5,561.4,1524.1,561.4,0
742,40,player,0,879.3,555.9,950.7,717.4,915.0,717.4,0
742,41,player,0,659.3,918.9,792.1,1156.0,725.7,1156.0,0
742,50,player,0,330.8,586.7,408.2,772.1,369.5,772.1,0
742,52,player,0,2502.7,328.4,2553.9,464.1,2528.3,464.1,0
742,60,player,0,167.2,311.4,223.1,460.6,195.1,460.6,0
742,62,player,1,352.9,317.0,395.4,452.8,374.2,452.8,0
742,65,player,1,578.9,322.3,621.7,463.1,600.3,463.1,0
742,66,player,1,2750.8,418.4,2796.0,577.0,2773.4,577.0,0
742,67,player,1,2109.2,485.9,2195.1,643.1,2152.1,643.1,0
743,-1,ball,-1,1067.0,666.4,1079.0,678.4,1073.0,672.4,0
743,4,player,1,1828.5,657.9,1922.7,875.2,1875.6,875.2,0
743,5,player,1,1825.9,807.9,1901.3,1048.2,1863.6,1048.2,0
743,24,player,0,1064.6,756.6,1145.1,971.4,1104.8,971.4,0
743,27,player,0,1753.9,664.1,1849.9,874.1,1801.9,874.1,0
743,32,player,1,1173.3,554.0,1259.3,704.2,1216.3,704.2,0
743,33,player,1,1246.7,609.1,1319.8,792.3,1283.2,792.3,0
743,36,player,0,1497.7,412.0,1550.4,561.3,1524.1,561.3,0
743,40,player,0,879.3,555.9,950.8,717.4,915.0,717.4,0
743,41,player,0,659.3,918.9,792.1,1156.0,725.7,1156.0,0
743,50,player,0,330.8,586.7,408.3,772.1,369.6,772.1,0
743,52,player,0,2502.6,328.4,2553.9,464.3,2528.2,464.3,0
743,60,player,0,167.2,311.4,223.1,460.6,195.1,460.6,0
743,62,player,1,352.8,317.0,395.4,452.8,374.1,452.8,0
743,65,player,1,578.9,322.2,621.7,463.1,600.3,463.1,0
743,66,player,1,2750.8,418.4,2796.0,577.0,2773.4,577.0,0
743,67,player,1,2109.1,485.9,2195.1,643.1,2152.1,643.1,0
744,-1,ball,-1,1251.6,775.0,1263.6,787.0,1257.6,781.0,0
744,4,player,1,1823.8,656.1,1918.0,868.9,1870.9,868.9,0
744,5,player,1,1804.5,809.9,1886.7,1044.8,1845.6,1044.8,0
744,24,player,0,1049.8,754.5,1131.1,970.6,1090.4,970.6,0
744,27,player,0,1749.0,663.2,1847.3,874.5,1798.2,874.5,0
744,32,player,1,1166.4,556.9,1233.4,704.8,1199.9,704.8,0
744,33,player,1,1242.5,611.0,1307.7,791.0,1275.1,791.0,1
744,36,player,0,1487.2,419.4,1541.2,562.1,1514.2,562.1,0
744,40,player,0,872.3,551.9,936.6,720.5,904.4,720.5,0
744,41,player,0,639.7,921.4,765.4,1157.9,702.6,1157.9,0
744,50,player,0,326.0,585.9,397.4,773.1,361.7,773.1,0
744,52,player,0,2502.6,331.1,2552.1,464.3,2527.4,464.3,0
744,60,player,0,160.2,313.1,217.9,461.8,189.0,461.8,0
744,62,player,1,343.9,317.8,390.1,454.8,367.0,454.8,0
744,65,player,1,572.6,327.5,615.5,464.6,594.0,464.6,0
744,66,player,1,2744.1,419.5,2792.2,579.3,2768.1,579.3,0
744,67,player,1,2089.0,485.2,2183.5,636.6,2136.2,636.6,0
745,-1,ball,-1,1251.6,775.0,1263.6,787.0,1257.6,781.0,0
745,4,player,1,1823.8,656.0,1918.0,868.7,1870.9,868.7,0
745,5,player,1,1804.4,809.9,1886.7,1044.8,1845.6,1044.8,0
745,24,player,0,1049.8,754.5,1130.9,970.5,1090.4,970.5,0
745,27,player,0,1749.0,663.2,1847.5,874.6,1798.2,874.6,0
745,32,player,1,1166.4,556.9,1233.4,704.8,1199.9,704.8,0
745,33,player,1,1242.5,611.1,1307.7,791.0,1275.1,791.0,1
745,36,player,0,1487.2,420.0,1541.2,562.0,1514.2,562.0,0
745,40,player,0,872.2,551.9,936.4,720.5,904.3,720.5,0
745,41,player,0,639.7,921.4,765.4,1157.9,702.6,1157.9,0
745,50,player,0,325.9,585.9,397.5,773.1,361.7,773.1,0
745,52,player,0,2502.5,331.0,2552.0,464.6,2527.2,464.6,0
745,60,player,0,160.1,313.1,217.9,461.7,189.0,461.7,0
745,62,player,1,343.9,317.8,390.1,454.8,367.0,454.8,0
745,65,player,1,572.6,327.8,615.5,464.6,594.0,464.6,0
745,66,player,1,2744.3,419.5,2792.2,579.3,2768.2,579.3,0
745,67,player,1,2088.9,485.2,2183.5,636.6,2136.2,636.6,0
746,-1,ball,-1,1118.2,654.2,1130.2,666.2,1124.2,660.2,0
746,4,player,1,1823.1,654.1,1911.7,862.8,1867.4,862.8,0
746,5,player,1,1783.7,812.8,1875.4,1038.1,1829.6,1038.1,0
746,24,player,0,1033.8,753.2,1119.1,970.2,1076.4,970.2,0
746,27,player,0,1740.2,661.9,1830.0,871.8,1785.1,871.8,0
746,32,player,1,1154.3,556.1,1230.3,708.1,1192.3,708.1,1
746,33,player,1,1226.8,611.2,1294.1,793.5,1260.4,793.5,0
746,36,player,0,1467.6,419.3,1531.2,566.2,1499.4,566.2,0
746,40,player,0,867.1,547.1,933.3,720.6,900.2,720.6,0
746,41,player,0,625.8,922.8,734.1,1161.6,680.0,1161.6,0
746,50,player,0,318.0,584.8,390.5,773.6,354.2,773.6,0
746,52,player,0,2500.1,332.1,2548.9,467.0,2524.5,467.0,0
746,60,player,0,151.6,315.4,209.7,463.9,180.6,463.9,0
746,62,player,1,337.0,320.3,384.3,457.3,360.6,457.3,0
746,65,player,1,567.0,326.9,609.3,466.5,588.2,466.5,0
746,66,player,1,2737.5,421.7,2785.0,580.2,2761.2,580.2,0
746,67,player,1,2075.9,487.7,2166.2,636.1,2121.0,636.1,0
747,-1,ball,-1,1118.2,654.2,1130.2,666.2,1124.2,660.2,0
747,4,player,1,1823.1,654.1,1911.7,862.8,1867.4,862.8,0
747,5,player,1,1783.7,812.8,1875.4,1038.1,1829.6,1038.1,0
747,24,player,0,1033.8,753.2,1119.1,970.2,1076.4,970.2,0
747,27,player,0,1740.2,661.9,1830.0,871.9,1785.1,871.9,0
747,32,player,1,1154.3,556.1,1230.3,708.1,1192.3,708.1,1
747,33,player,1,1226.8,611.2,1294.1,793.7,1260.4,793.7,0
747,36,player,0,1467.6,419.3,1531.2,566.2,1499.4,566.2,0
747,40,player,0,867.1,547.1,933.2,720.6,900.2,720.6,0
747,41,player,0,625.8,922.8,734.1,1161.7,680.0,1161.7,0
747,50,player,0,318.0,584.7,390.5,773.6,354.2,773.6,0
747,52,player,0,2500.1,332.1,2548.9,467.1,2524.5,467.1,0
747,60,player,0,151.6,315.4,209.7,463.9,180.6,463.9,0
747,62,player,1,337.0,320.2,384.3,457.3,360.6,457.3,0
747,65,player,1,567.0,326.9,609.3,466.5,588.2,466.5,0
747,66,player,1,2737.5,421.7,2785.0,580.3,2761.2,580.3,0
747,67,player,1,2075.9,487.7,2166.2,636.1,2121.0,636.1,0
748,-1,ball,-1,1118.2,654.2,1130.2,666.2,1124.2,660.2,0
748,4,player,1,1823.1,654.1,1911.7,862.8,1867.4,862.8,0
748,5,player,1,1783.7,812.8,1875.4,1038.1,1829.6,1038.1,0
748,24,player,0,1033.8,753.2,1119.1,970.2,1076.4,970.2,0
748,27,player,0,1740.2,661.9,1830.0,871.9,1785.1,871.9,0
748,32,player,1,1154.3,556.1,1230.3,708.1,1192.3,708.1,1
748,33,player,1,1226.8,611.2,1294.1,793.6,1260.4,793.6,0
748,36,player,0,1467.5,419.3,1531.2,566.2,1499.4,566.2,0
748,40,player,0,867.1,547.1,933.2,720.6,900.2,720.6,0
748,41,player,0,625.8,922.8,734.1,1161.7,680.0,1161.7,0
748,50,player,0,318.0,584.7,390.5,773.6,354.2,773.6,0
748,52,player,0,2500.1,332.1,2548.9,467.0,2524.5,467.0,0
748,60,player,0,151.6,315.4,209.7,463.9,180.6,463.9,0
748,62,player,1,337.0,320.2,384.3,457.3,360.6,457.3,0
748,65,player,1,567.0,326.9,609.3,466.5,588.2,466.5,0
748,66,player,1,2737.6,421.6,2785.0,580.2,2761.3,580.2,0
748,67,player,1,2075.9,487.7,2166.3,636.1,2121.1,636.1,0
749,-1,ball,-1,1118.2,654.2,1130.2,666.2,1124.2,660.2,0
749,4,player,1,1823.1,654.1,1911.7,862.9,1867.4,862.9,0
749,5,player,1,1783.7,812.8,1875.4,1038.3,1829.6,1038.3,0
749,24,player,0,1033.8,753.2,1119.0,970.2,1076.4,970.2,0
749,27,player,0,1740.2,661.9,1830.0,871.9,1785.1,871.9,0
749,32,player,1,1154.3,556.1,1230.3,708.1,1192.3,708.1,1
749,33,player,1,1226.8,611.2,1294.1,793.5,1260.4,793.5,0
749,36,player,0,1467.6,419.3,1531.2,566.2,1499.4,566.2,0
749,40,player,0,867.1,547.1,933.2,720.6,900.2,720.6,0
749,41,player,0,625.8,922.8,734.1,1161.6,680.0,1161.6,0
749,50,player,0,318.0,584.8,390.5,773.6,354.2,773.6,0
749,52,player,0,2500.1,332.1,2548.9,467.0,2524.5,467.0,0
749,60,player,0,151.6,315.4,209.7,463.9,180.6,463.9,0
749,62,player,1,337.0,320.2,384.3,457.3,360.6,457.3,0
749,65,player,1,567.0,326.9,609.3,466.5,588.2,466.5,0
749,66,player,1,2737.6,421.7,2785.0,580.3,2761.3,580.3,0
749,67,player,1,2075.9,487.7,2166.3,636.1,2121.1,636.1,0
750,-1,ball,-1,2120.6,604.1,2132.6,616.1,2126.6,610.1,0
750,4,player,1,1822.5,651.9,1904.1,864.6,1863.3,864.6,0
750,5,player,1,1768.6,815.6,1859.5,1037.3,1814.0,1037.3,0
750,24,player,0,1016.9,753.2,1108.6,970.5,1062.8,970.5,0
750,27,player,0,1731.0,661.1,1821.2,874.4,1776.1,874.4,0
750,32,player,1,1144.8,553.7,1219.4,709.8,1182.1,709.8,0
750,33,player,1,1213.1,612.0,1283.8,795.4,1248.4,795.4,0
750,36,player,0,1445.5,430.5,1519.7,569.5,1482.6,569.5,0
750,40,player,0,860.4,546.2,917.3,719.3,888.8,719.3,0
750,41,player,0,607.7,920.5,697.5,1163.2,652.6,1163.2,0
750,50,player,0,309.5,586.2,380.0,774.3,344.8,774.3,0
750,52,player,0,2497.7,334.3,2548.5,472.4,2523.1,472.4,0
750,60,player,0,143.4,318.5,201.2,467.0,172.3,467.0,0
750,62,player,1,331.2,320.8,375.9,459.6,353.5,459.6,0
750,65,player,1,559.7,330.5,601.7,469.0,580.7,469.0,0
750,66,player,1,2730.9,426.6,2778.4,582.8,2754.6,582.8,0
750,67,player,1,2063.9,490.7,2130.2,640.6,2097.0,640.6,1
751,-1,ball,-1,2086.4,626.1,2098.4,638.1,2092.4,632.1,0
751,4,player,1,1819.8,651.8,1896.2,866.9,1858.0,866.9,0
751,5,player,1,1758.6,819.4,1838.8,1038.3,1798.7,1038.3,0
751,24,player,0,1003.8,754.7,1095.3,972.5,1049.6,972.5,0
751,27,player,0,1722.0,659.8,1796.0,876.5,1759.0,876.5,0
751,32,player,1,1129.3,551.3,1209.7,710.2,1169.5,710.2,0
751,33,player,1,1193.9,611.4,1272.2,795.9,1233.1,795.9,0
751,36,player,0,1432.6,434.4,1510.8,572.6,1471.7,572.6,0
751,40,player,0,851.1,541.4,906.2,721.1,878.6,721.1,0
751,41,player,0,587.1,917.0,678.1,1167.1,632.6,1167.1,0
751,50,player,0,300.7,585.8,371.6,776.0,336.2,776.0,0
751,52,player,0,2496.7,338.3,2549.6,478.9,2523.1,478.9,0
751,60,player,0,137.2,318.9,194.3,467.7,165.8,467.7,0
751,62,player,1,324.3,322.5,367.5,460.7,345.9,460.7,0
751,65,player,1,551.3,334.9,594.3,471.6,572.8,471.6,0
751,66,player,1,2726.5,429.4,2771.7,583.4,2749.1,583.4,0
751,67,player,1,2044.0,492.3,2110.4,643.6,2077.2,643.6,1
752,-1,ball,-1,2086.4,626.2,2098.4,638.2,2092.4,632.2,0
752,4,player,1,1819.8,651.8,1896.2,866.9,1858.0,866.9,0
752,5,player,1,1759.5,818.9,1838.8,1037.7,1799.2,1037.7,0
752,24,player,0,1003.8,754.7,1095.3,972.5,1049.6,972.5,0
752,27,player,0,1722.0,659.8,1796.0,876.5,1759.0,876.5,0
752,32,player,1,1129.2,551.3,1209.7,710.2,1169.4,710.2,0
752,33,player,1,1193.9,611.4,1272.2,795.9,1233.1,795.9,0
752,36,player,0,1432.6,434.4,1510.8,572.6,1471.7,572.6,0
752,40,player,0,851.1,541.4,906.3,721.2,878.7,721.2,0
752,41,player,0,587.1,917.0,678.1,1167.1,632.6,1167.1,0
752,50,player,0,300.7,585.8,371.6,776.0,336.2,776.0,0
752,52,player,0,2496.7,338.2,2549.6,478.9,2523.1,478.9,0
752,60,player,0,137.2,318.9,194.3,467.7,165.8,467.7,0
752,62,player,1,324.3,322.5,367.5,460.7,345.9,460.7,0
752,65,player,1,551.3,334.9,594.3,471.6,572.8,471.6,0
752,66,player,1,2726.5,429.4,2771.6,583.4,2749.0,583.4,0
752,67,player,1,2043.9,492.3,2110.4,643.6,2077.2,643.6,1
753,-1,ball,-1,2086.3,625.4,2098.3,637.4,2092.3,631.4,0
753,4,player,1,1819.8,651.8,1896.2,866.9,1858.0,866.9,0
753,5,player,1,1759.5,818.9,1838.8,1037.7,1799.2,1037.7,0
753,24,player,0,1003.8,754.8,1095.3,972.6,1049.6,972.6,0
753,27,player,0,1721.9,659.8,1796.0,876.5,1759.0,876.5,0
753,32,player,1,1129.2,551.2,1209.7,710.2,1169.4,710.2,0
753,33,player,1,1194.0,611.4,1272.2,795.9,1233.1,795.9,0
753,36,player,0,1432.6,434.4,1510.8,572.5,1471.7,572.5,0
753,40,player,0,851.1,541.4,906.2,721.1,878.6,721.1,0
753,41,player,0,587.1,917.0,678.1,1167.1,632.6,1167.1,0
753,50,player,0,300.7,585.8,371.6,776.1,336.2,776.1,0
753,52,player,0,2496.7,338.2,2549.6,478.9,2523.1,478.9,0
753,60,player,0,137.3,318.9,194.3,467.7,165.8,467.7,0
753,62,player,1,324.3,322.5,367.5,460.7,345.9,460.7,0
753,65,player,1,551.3,334.9,594.3,471.6,572.8,471.6,0
753,66,player,1,2726.5,429.4,2771.6,583.4,2749.0,583.4,0
753,67,player,1,2043.9,492.3,2110.2,643.5,2077.0,643.5,1
754,-1,ball,-1,2086.6,625.4,2098.6,637.4,2092.6,631.4,0
754,4,player,1,1819.8,651.7,1896.2,866.9,1858.0,866.9,0
754,5,player,1,1758.6,819.4,1838.8,1038.2,1798.7,1038.2,0
754,24,player,0,1003.8,754.8,1095.3,972.6,1049.6,972.6,0
754,27,player,0,1722.0,659.8,1796.0,876.4,1759.0,876.4,0
754,32,player,1,1129.3,551.2,1209.7,710.4,1169.5,710.4,0
754,33,player,1,1193.9,611.4,1272.2,795.9,1233.1,795.9,0
754,36,player,0,1432.6,434.3,1510.8,572.3,1471.7,572.3,0
754,40,player,0,850.8,541.5,906.2,721.2,878.5,721.2,0
754,41,player,0,587.1,916.9,678.2,1167.1,632.7,1167.1,0
754,50,player,0,300.7,585.8,371.7,776.0,336.2,776.0,0
754,52,player,0,2496.7,338.2,2549.6,478.8,2523.1,478.8,0
754,60,player,0,137.3,318.9,194.3,467.6,165.8,467.6,0
754,62,player,1,324.4,322.6,367.5,460.7,346.0,460.7,0
754,65,player,1,551.3,334.9,594.3,471.6,572.8,471.6,0
754,66,player,1,2726.7,429.4,2771.8,583.4,2749.2,583.4,0
754,67,player,1,2043.5,492.2,2110.4,643.7,2077.0,643.7,1
755,-1,ball,-1,2257.7,561.4,2269.7,573.4,2263.7,567.4,0
755,4,player,1,1814.2,653.5,1888.1,869.9,1851.2,869.9,0
755,5,player,1,1744.9,821.2,1816.2,1041.4,1780.6,1041.4,0
755,24,player,0,996.3,757.3,1084.4,970.8,1040.4,970.8,0
755,27,player,0,1712.2,660.4,1789.6,876.8,1750.9,876.8,0
755,32,player,1,1111.6,552.7,1197.3,704.1,1154.4,704.1,0
755,33,player,1,1180.8,610.6,1262.5,799.7,1221.6,799.7,0
755,36,player,0,1422.6,441.6,1500.2,573.9,1461.4,573.9,0
755,40,player,0,841.0,541.2,902.7,722.5,871.8,722.5,0
755,41,player,0,568.0,914.1,662.0,1168.7,615.0,1168.7,0
755,50,player,0,292.3,589.0,366.3,775.3,329.3,775.3,0
755,52,player,0,2490.2,339.2,2550.0,480.0,2520.1,480.0,0
755,60,player,0,129.4,324.5,183.9,471.7,156.6,471.7,0
755,62,player,1,316.6,325.5,360.6,464.3,338.6,464.3,0
755,65,player,1,544.5,330.1,587.9,473.9,566.2,473.9,0
755,66,player,1,2719.9,432.0,2766.7,583.5,2743.3,583.5,0
755,67,player,1,2009.2,494.2,2097.2,645.9,2053.2,645.9,0
756,-1,ball,-1,2428.8,497.3,2440.8,509.3,2434.8,503.3,0
756,4,player,1,1814.2,653.5,1888.2,869.8,1851.2,869.8,0
756,5,player,1,1744.9,821.2,1816.2,1041.4,1780.6,1041.4,0
756,24,player,0,996.3,757.4,1084.4,970.8,1040.4,970.8,0
756,27,player,0,1712.2,660.4,1789.6,876.8,1750.9,876.8,0
756,32,player,1,1111.5,552.7,1197.3,704.0,1154.4,704.0,0
756,33,player,1,1180.8,610.6,1262.3,799.7,1221.6,799.7,0
756,36,player,0,1422.6,441.6,1500.3,574.0,1461.4,574.0,0
756,40,player,0,841.3,541.3,902.7,722.3,872.0,722.3,0
756,41,player,0,568.0,914.1,662.0,1168.7,615.0,1168.7,0
756,50,player,0,292.3,589.0,366.4,775.2,329.4,775.2,0
756,52,player,0,2490.2,339.2,2550.0,480.1,2520.1,480.1,1
756,60,player,0,129.4,324.5,183.9,471.6,156.6,471.6,0
756,62,player,1,316.6,325.5,360.6,464.3,338.6,464.3,0
756,65,player,1,544.5,330.1,587.9,473.9,566.2,473.9,0
756,66,player,1,2719.7,432.0,2766.7,583.5,2743.2,583.5,0
756,67,player,1,2009.2,494.2,2097.3,645.9,2053.2,645.9,0
757,-1,ball,-1,2600.0,433.2,2612.0,445.2,2606.0,439.2,0
757,4,player,1,1808.4,657.0,1879.7,865.9,1844.0,865.9,0
757,5,player,1,1727.5,820.6,1795.6,1044.0,1761.6,1044.0,0
757,24,player,0,988.2,761.1,1068.2,971.0,1028.2,971.0,0
757,27,player,0,1701.5,661.7,1779.7,878.6,1740.6,878.6,0
757,32,player,1,1100.0,556.0,1181.2,701.9,1140.6,701.9,0
757,33,player,1,1172.7,610.7,1252.4,800.6,1212.6,800.6,0
757,36,player,0,1416.5,446.5,1492.2,575.5,1454.4,575.5,0
757,40,player,0,830.2,544.1,901.0,721.6,865.6,721.6,0
757,41,player,0,549.0,913.5,646.6,1163.5,597.8,1163.5,0
757,50,player,0,280.7,593.5,358.5,775.3,319.6,775.3,0
757,52,player,0,2488.9,343.9,2554.7,482.1,2521.8,482.1,1
757,60,player,0,119.8,323.4,176.6,472.8,148.2,472.8,0
757,62,player,1,306.0,326.4,352.0,465.6,329.0,465.6,0
757,65,player,1,535.3,330.1,579.3,475.8,557.3,475.8,0
757,66,player,1,2711.4,435.0,2760.1,580.8,2735.8,580.8,0
757,67,player,1,1991.1,493.7,2085.4,646.7,2038.2,646.7,0
758,-1,ball,-1,2593.4,436.0,2605.4,448.0,2599.4,442.0,0
758,4,player,1,1799.5,662.7,1871.4,867.7,1835.4,867.7,0
758,5,player,1,1705.5,816.8,1776.6,1045.6,1741.0,1045.6,0
758,24,player,0,974.3,763.8,1052.2,974.9,1013.2,974.9,0
758,27,player,0,1681.7,667.1,1766.0,876.1,1723.8,876.1,0
758,32,player,1,1088.9,559.2,1166.6,704.4,1127.8,704.4,0
758,33,player,1,1163.3,613.9,1242.0,802.6,1202.6,802.6,0
758,36,player,0,1408.2,449.0,1480.7,577.8,1444.4,577.8,0
758,40,player,0,821.9,547.7,898.9,723.9,860.4,723.9,0
758,41,player,0,526.6,913.3,632.4,1163.5,579.5,1163.5,0
758,50,player,0,270.4,596.3,347.0,778.9,308.7,778.9,0
758,52,player,0,2482.9,353.3,2553.0,482.6,2518.0,482.6,1
758,60,player,0,106.9,326.8,166.2,477.0,136.6,477.0,0
758,62,player,1,296.5,330.8,341.8,468.8,319.2,468.8,0
758,65,player,1,526.4,340.0,569.5,478.9,548.0,478.9,0
758,66,player,1,2702.5,436.8,2752.1,581.5,2727.3,581.5,0
758,67,player,1,1979.1,494.0,2072.7,651.7,2025.9,651.7,0
759,-1,ball,-1,2593.4,436.0,2605.4,448.0,2599.4,442.0,0
759,4,player,1,1799.5,662.7,1871.5,867.7,1835.5,867.7,0
759,5,player,1,1705.4,816.8,1776.6,1045.5,1741.0,1045.5,0
759,24,player,0,974.3,763.9,1052.2,974.9,1013.2,974.9,0
759,27,player,0,1681.5,667.2,1766.0,876.0,1723.8,876.0,0
759,32,player,1,1089.0,559.2,1166.6,703.8,1127.8,703.8,0
759,33,player,1,1163.3,613.9,1242.1,802.7,1202.7,802.7,0
759,36,player,0,1408.2,448.9,1480.6,577.7,1444.4,577.7,0
759,40,player,0,821.9,547.7,898.9,723.9,860.4,723.9,0
759,41,player,0,526.6,913.2,632.4,1163.6,579.5,1163.6,0
759,50,player,0,270.4,596.3,347.0,778.8,308.7,778.8,0
759,52,player,0,2482.9,353.4,2553.1,482.6,2518.0,482.6,1
759,60,player,0,106.9,326.9,166.2,477.0,136.6,477.0,0
759,62,player,1,296.5,330.7,341.8,468.8,319.2,468.8,0
759,65,player,1,526.4,340.2,569.4,478.9,547.9,478.9,0
759,66,player,1,2702.5,436.8,2752.1,581.5,2727.3,581.5,0
759,67,player,1,1979.1,494.0,2072.7,651.7,2025.9,651.7,0
760,-1,ball,-1,2593.4,436.0,2605.4,448.0,2599.4,442.0,0
760,4,player,1,1799.5,662.7,1871.5,867.7,1835.5,867.7,0
760,5,player,1,1705.5,816.8,1776.7,1045.6,1741.1,1045.6,0
760,24,player,0,974.4,763.8,1052.2,974.9,1013.3,974.9,0
760,27,player,0,1681.7,667.1,1766.0,876.1,1723.8,876.1,0
760,32,player,1,1088.9,559.2,1166.6,704.1,1127.8,704.1,0
760,33,player,1,1163.3,613.9,1242.1,802.7,1202.7,802.7,0
760,36,player,0,1408.2,448.9,1480.6,577.7,1444.4,577.7,0
760,40,player,0,821.9,547.7,898.9,723.9,860.4,723.9,0
760,41,player,0,526.6,913.2,632.4,1163.6,579.5,1163.6,0
760,50,player,0,270.4,596.3,347.0,778.8,308.7,778.8,0
760,52,player,0,2482.9,353.4,2553.0,482.5,2518.0,482.5,1
760,60,player,0,106.9,326.9,166.2,476.9,136.6,476.9,0
760,62,player,1,296.5,330.8,341.8,468.8,319.2,468.8,0
760,65,player,1,526.4,340.2,569.5,478.9,548.0,478.9,0
760,66,player,1,2702.5,436.8,2752.1,581.5,2727.3,581.5,0
760,67,player,1,1979.1,493.9,2072.7,651.7,2025.9,651.7,0
761,-1,ball,-1,1235.1,627.6,1247.1,639.6,1241.1,633.6,0
761,4,player,1,1791.8,666.6,1862.8,867.8,1827.3,867.8,0
761,5,player,1,1686.6,814.9,1759.1,1050.1,1722.8,1050.1,0
761,24,player,0,963.2,765.2,1038.5,978.6,1000.8,978.6,0
761,27,player,0,1667.9,672.3,1754.6,875.8,1711.2,875.8,0
761,32,player,1,1080.4,560.2,1152.6,704.4,1116.5,704.4,0
761,33,player,1,1152.0,619.6,1235.2,803.6,1193.6,803.6,0
761,36,player,0,1401.2,453.7,1471.9,578.8,1436.6,578.8,0
761,40,player,0,811.9,552.6,893.3,726.7,852.6,726.7,0
761,41,player,0,502.7,917.8,609.4,1156.7,556.0,1156.7,0
761,50,player,0,259.4,599.7,336.1,780.7,297.8,780.7,0
761,52,player,0,2479.4,356.3,2551.7,487.9,2515.6,487.9,0
761,60,player,0,96.7,328.3,154.7,479.7,125.7,479.7,0
761,62,player,1,284.7,331.6,332.7,470.9,308.7,470.9,0
761,65,player,1,518.2,339.4,559.6,481.7,538.9,481.7,0
761,66,player,1,2693.0,436.0,2743.1,582.1,2718.0,582.1,0
761,67,player,1,1961.4,496.4,2049.0,642.2,2005.2,642.2,0
762,-1,ball,-1,1235.1,627.5,1247.1,639.5,1241.1,633.5,0
762,4,player,1,1791.8,666.6,1862.8,867.8,1827.3,867.8,0
762,5,player,1,1686.6,814.9,1759.0,1050.1,1722.8,1050.1,0
762,24,player,0,963.2,765.2,1038.5,978.8,1000.8,978.8,0
762,27,player,0,1667.9,672.4,1754.6,875.9,1711.2,875.9,0
762,32,player,1,1080.4,560.2,1152.6,704.4,1116.5,704.4,0
762,33,player,1,1152.0,619.7,1235.1,803.6,1193.6,803.6,0
762,36,player,0,1401.2,453.7,1471.9,578.8,1436.6,578.8,0
762,40,player,0,811.8,552.5,893.3,726.7,852.6,726.7,0
762,41,player,0,502.6,917.8,609.5,1156.6,556.0,1156.6,0
762,50,player,0,259.3,599.7,336.1,780.7,297.7,780.7,0
762,52,player,0,2479.3,356.3,2551.7,487.9,2515.5,487.9,0
762,60,player,0,96.6,328.2,154.7,479.7,125.6,479.7,0
762,62,player,1,284.7,331.6,332.7,470.9,308.7,470.9,0
762,65,player,1,518.2,339.4,559.5,481.7,538.8,481.7,0
762,66,player,1,2693.0,436.0,2743.1,582.1,2718.0,582.1,0
762,67,player,1,1961.4,496.5,2049.0,642.2,2005.2,642.2,0
763,-1,ball,-1,1248.0,624.3,1260.0,636.3,1254.0,630.3,0
763,4,player,1,1780.5,667.9,1854.7,872.6,1817.6,872.6,0
763,5,player,1,1664.6,815.2,1744.9,1052.6,1704.8,1052.6,0
763,24,player,0,952.1,765.4,1024.6,979.2,988.4,979.2,0
763,27,player,0,1650.9,679.0,1741.8,875.6,1696.4,875.6,0
763,32,player,1,1068.8,560.6,1142.6,706.5,1105.7,706.5,0
763,33,player,1,1145.6,622.1,1225.6,804.4,1185.6,804.4,0
763,36,player,0,1393.1,453.1,1463.8,580.4,1428.4,580.4,0
763,40,player,0,800.0,554.8,886.3,731.4,843.2,731.4,0
763,41,player,0,488.2,923.7,593.1,1163.2,540.6,1163.2,0
763,50,player,0,246.5,600.9,324.7,785.5,285.6,785.5,0
763,52,player,0,2471.3,365.1,2548.0,491.3,2509.6,491.3,0
763,60,player,0,86.6,330.8,144.1,481.6,115.4,481.6,0
763,62,player,1,276.3,333.9,320.7,473.6,298.5,473.6,0
763,65,player,1,506.3,346.3,550.6,484.7,528.4,484.7,0
763,66,player,1,2683.4,433.6,2734.5,587.6,2709.0,587.6,0
763,67,player,1,1950.2,498.4,2027.8,644.5,1989.0,644.5,0
764,-1,ball,-1,1248.0,624.3,1260.0,636.3,1254.0,630.3,0
764,4,player,1,1780.5,667.9,1854.7,872.6,1817.6,872.6,0
764,5,player,1,1664.6,815.2,1744.9,1052.6,1704.8,1052.6,0
764,24,player,0,952.1,765.4,1024.7,979.2,988.4,979.2,0
764,27,player,0,1650.9,679.0,1741.8,875.7,1696.4,875.7,0
764,32,player,1,1068.8,560.6,1142.6,706.2,1105.7,706.2,0
764,33,player,1,1145.6,622.1,1225.6,804.4,1185.6,804.4,0
764,36,player,0,1393.1,453.1,1463.8,580.3,1428.4,580.3,0
764,40,player,0,800.1,554.8,886.3,731.4,843.2,731.4,0
764,41,player,0,488.2,923.7,593.5,1163.2,540.8,1163.2,0
764,50,player,0,246.5,600.9,324.7,785.5,285.6,785.5,0
764,52,player,0,2471.3,365.1,2548.0,491.3,2509.6,491.3,0
764,60,player,0,86.6,330.8,144.1,481.6,115.4,481.6,0
764,62,player,1,276.3,333.9,320.7,473.6,298.5,473.6,0
764,65,player,1,506.3,346.3,550.6,484.7,528.4,484.7,0
764,66,player,1,2683.4,433.6,2734.4,587.5,2708.9,587.5,0
764,67,player,1,1950.2,498.4,2027.8,644.5,1989.0,644.5,0
765,-1,ball,-1,1248.0,624.3,1260.0,636.3,1254.0,630.3,0
765,4,player,1,1780.5,667.9,1854.7,872.6,1817.6,872.6,0
765,5,player,1,1664.6,815.2,1744.9,1052.6,1704.8,1052.6,0
765,24,player,0,952.1,765.4,1024.8,979.2,988.4,979.2,0
765,27,player,0,1650.9,678.9,1741.8,875.6,1696.4,875.6,0
765,32,player,1,1068.8,560.6,1142.6,706.4,1105.7,706.4,0
765,33,player,1,1145.6,622.1,1225.6,804.4,1185.6,804.4,0
765,36,player,0,1392.6,452.8,1464.7,580.5,1428.6,580.5,0
765,40,player,0,800.1,554.8,886.3,731.4,843.2,731.4,0
765,41,player,0,488.2,923.8,593.1,1163.2,540.6,1163.2,0
765,50,player,0,246.5,600.9,324.7,785.4,285.6,785.4,0
765,52,player,0,2471.3,365.1,2548.0,491.3,2509.6,491.3,0
765,60,player,0,86.5,330.7,144.0,481.7,115.2,481.7,0
765,62,player,1,276.3,333.8,320.7,473.6,298.5,473.6,0
765,65,player,1,506.3,346.4,550.6,484.7,528.4,484.7,0
765,66,player,1,2683.4,433.6,2734.5,587.5,2709.0,587.5,0
765,67,player,1,1950.2,498.4,2027.8,644.5,1989.0,644.5,0
766,-1,ball,-1,1260.5,621.8,1272.5,633.8,1266.5,627.8,0
766,4,player,1,1770.6,668.6,1844.3,873.3,1807.4,873.3,0
766,5,player,1,1630.9,812.5,1734.1,1053.5,1682.5,1053.5,0
766,24,player,0,937.7,764.3,1013.9,981.0,975.8,981.0,0
766,27,player,0,1636.3,683.1,1727.9,880.5,1682.1,880.5,0
766,32,player,1,1053.7,560.1,1132.6,709.8,1093.2,709.8,0
766,33,player,1,1132.3,624.8,1213.1,807.1,1172.7,807.1,0
766,36,player,0,1382.5,452.1,1456.7,583.1,1419.6,583.1,0
766,40,player,0,787.2,556.2,873.5,731.5,830.4,731.5,0
766,41,player,0,469.1,930.5,558.1,1166.8,513.6,1166.8,0
766,50,player,0,233.5,600.6,312.5,788.0,273.0,788.0,0
766,52,player,0,2465.5,381.3,2544.7,494.4,2505.1,494.4,0
766,60,player,0,71.9,333.4,128.9,484.1,100.4,484.1,0
766,62,player,1,262.4,336.0,309.3,477.2,285.8,477.2,0
766,65,player,1,494.6,345.5,537.4,486.1,516.0,486.1,0
766,66,player,1,2673.7,437.6,2723.2,590.3,2698.4,590.3,0
766,67,player,1,1937.2,500.3,1991.8,649.7,1964.5,649.7,0
767,-1,ball,-1,1260.5,621.8,1272.5,633.8,1266.5,627.8,0
767,4,player,1,1770.5,668.6,1844.4,873.4,1807.4,873.4,0
767,5,player,1,1630.9,812.5,1734.1,1053.5,1682.5,1053.5,0
767,24,player,0,937.7,764.2,1013.9,981.0,975.8,981.0,0
767,27,player,0,1636.3,683.1,1727.9,880.4,1682.1,880.4,0
767,32,player,1,1053.7,560.1,1132.6,709.8,1093.2,709.8,0
767,33,player,1,1132.3,624.9,1213.1,807.1,1172.7,807.1,0
767,36,player,0,1382.5,452.1,1456.7,583.1,1419.6,583.1,0
767,40,player,0,787.2,556.2,873.4,731.5,830.3,731.5,0
767,41,player,0,469.1,930.5,558.1,1166.8,513.6,1166.8,0
767,50,player,0,233.5,600.6,312.5,788.0,273.0,788.0,0
767,52,player,0,2465.5,381.3,2544.7,494.6,2505.1,494.6,0
767,60,player,0,71.9,333.4,128.9,484.1,100.4,484.1,0
767,62,player,1,262.4,336.0,309.2,477.2,285.8,477.2,0
767,65,player,1,494.6,345.4,537.4,486.1,516.0,486.1,0
767,66,player,1,2673.7,435.4,2723.2,590.3,2698.4,590.3,0
767,67,player,1,1937.2,500.3,1991.8,649.7,1964.5,649.7,0
768,-1,ball,-1,1272.2,617.8,1284.2,629.8,1278.2,623.8,0
768,4,player,1,1761.2,667.6,1835.6,872.9,1798.4,872.9,0
768,5,player,1,1608.4,817.9,1727.9,1057.2,1668.2,1057.2,0
768,24,player,0,923.7,764.7,1000.9,981.6,962.3,981.6,0
768,27,player,0,1636.3,686.8,1714.3,885.5,1675.3,885.5,0
768,32,player,1,1035.5,559.7,1121.8,715.1,1078.6,715.1,0
768,33,player,1,1124.6,624.3,1202.2,809.8,1163.4,809.8,0
768,36,player,0,1372.8,452.8,1448.6,585.4,1410.7,585.4,0
768,40,player,0,774.1,555.9,856.4,731.8,815.2,731.8,0
768,41,player,0,446.9,933.6,528.9,1172.0,487.9,1172.0,0
768,50,player,0,220.2,601.3,293.8,791.3,257.0,791.3,0
768,52,player,0,2452.2,391.4,2534.8,499.8,2493.5,499.8,0
768,60,player,0,61.2,336.9,117.5,486.7,89.4,486.7,0
768,62,player,1,248.6,340.0,295.2,479.6,271.9,479.6,0
768,65,player,1,482.3,348.8,526.2,490.0,504.2,490.0,0
768,66,player,1,2663.9,432.4,2711.4,591.3,2687.6,591.3,0
768,67,player,1,1920.0,503.4,1966.1,649.4,1943.0,649.4,0
769,-1,ball,-1,1272.2,617.8,1284.2,629.8,1278.2,623.8,0
769,4,player,1,1761.1,667.6,1835.7,873.0,1798.4,873.0,0
769,5,player,1,1608.4,817.7,1727.9,1057.4,1668.2,1057.4,0
769,24,player,0,923.7,764.7,1000.9,981.6,962.3,981.6,0
769,27,player,0,1636.2,686.8,1714.3,886.9,1675.2,886.9,0
769,32,player,1,1035.5,559.7,1121.7,715.1,1078.6,715.1,0
769,33,player,1,1124.6,624.3,1202.2,809.8,1163.4,809.8,0
769,36,player,0,1372.8,452.8,1448.6,585.4,1410.7,585.4,0
769,40,player,0,774.1,555.8,856.4,731.8,815.2,731.8,0
769,41,player,0,446.9,933.6,528.7,1172.0,487.8,1172.0,0
769,50,player,0,220.2,601.3,293.8,791.3,257.0,791.3,0
769,52,player,0,2452.2,391.4,2534.8,499.8,2493.5,499.8,0
769,60,player,0,61.2,336.8,117.4,486.8,89.3,486.8,0
769,62,player,1,248.6,340.0,295.2,479.6,271.9,479.6,0
769,65,player,1,482.3,348.8,526.2,490.0,504.2,490.0,0
769,66,player,1,2663.9,432.4,2711.3,591.3,2687.6,591.3,0
769,67,player,1,1919.9,503.4,1966.1,649.5,1943.0,649.5,0
770,-1,ball,-1,1282.5,615.6,1294.5,627.6,1288.5,621.6,0
770,4,player,1,1750.0,665.0,1826.6,873.7,1788.3,873.7,0
770,5,player,1,1591.3,819.3,1709.0,1050.7,1650.2,1050.7,0
770,24,player,0,909.0,765.6,986.4,984.8,947.7,984.8,0
770,27,player,0,1622.6,689.3,1700.6,899.4,1661.6,899.4,0
770,32,player,1,1026.0,561.1,1112.0,712.0,1069.0,712.0,0
770,33,player,1,1116.8,624.5,1188.7,810.0,1152.8,810.0,0
770,36,player,0,1362.6,452.0,1440.5,588.0,1401.6,588.0,0
770,40,player,0,765.5,557.5,839.4,733.5,802.4,733.5,0
770,41,player,0,422.9,935.3,505.5,1176.3,464.2,1176.3,0
770,50,player,0,207.5,601.6,280.2,793.7,243.8,793.7,0
770,52,player,0,2440.3,392.8,2526.5,501.5,2483.4,501.5,0
770,60,player,0,45.3,337.9,104.0,490.6,74.6,490.6,0
770,62,player,1,236.1,343.2,284.1,483.0,260.1,483.0,0
770,65,player,1,470.6,347.9,513.3,492.5,492.0,492.5,0
770,66,player,1,2651.8,434.8,2703.2,592.8,2677.5,592.8,0
770,67,player,1,1886.6,503.3,1946.3,652.7,1916.4,652.7,0
771,-1,ball,-1,1282.5,615.6,1294.5,627.6,1288.5,621.6,0
771,4,player,1,1750.1,665.0,1826.6,873.7,1788.4,873.7,0
771,5,player,1,1591.3,819.3,1708.9,1050.7,1650.1,1050.7,0
771,24,player,0,909.0,765.6,986.4,984.8,947.7,984.8,0
771,27,player,0,1622.7,689.3,1700.5,899.4,1661.6,899.4,0
771,32,player,1,1026.0,561.1,1112.0,712.0,1069.0,712.0,0
771,33,player,1,1116.8,624.5,1188.7,810.0,1152.8,810.0,0
771,36,player,0,1362.6,452.0,1440.5,588.0,1401.6,588.0,0
771,40,player,0,765.4,557.5,839.4,733.5,802.4,733.5,0
771,41,player,0,422.9,935.3,505.5,1176.2,464.2,1176.2,0
771,50,player,0,207.6,601.6,280.2,793.7,243.9,793.7,0
771,52,player,0,2440.3,392.8,2526.5,501.5,2483.4,501.5,0
771,60,player,0,45.3,337.9,104.0,490.6,74.6,490.6,0
771,62,player,1,236.1,343.2,284.1,483.0,260.1,483.0,0
771,65,player,1,470.6,348.0,513.3,492.5,492.0,492.5,0
771,66,player,1,2651.8,434.8,2703.2,592.8,2677.5,592.8,0
771,67,player,1,1886.6,503.3,1946.4,652.7,1916.5,652.7,0
772,-1,ball,-1,1282.5,615.6,1294.5,627.6,1288.5,621.6,0
772,4,player,1,1750.1,665.0,1826.6,873.7,1788.4,873.7,0
772,5,player,1,1591.3,819.3,1708.9,1050.7,1650.1,1050.7,0
772,24,player,0,909.0,765.6,986.4,985.0,947.7,985.0,0
772,27,player,0,1622.7,689.3,1700.5,899.4,1661.6,899.4,0
772,32,player,1,1026.1,561.1,1111.9,711.7,1069.0,711.7,0
772,33,player,1,1116.8,624.5,1188.8,810.0,1152.8,810.0,0
772,36,player,0,1362.6,452.0,1440.5,588.1,1401.6,588.1,0
772,40,player,0,765.4,557.5,839.5,733.5,802.4,733.5,0
772,41,player,0,422.9,935.3,505.5,1176.3,464.2,1176.3,0
772,50,player,0,207.5,601.6,280.2,793.7,243.8,793.7,0
772,52,player,0,2440.4,392.8,2526.5,501.5,2483.4,501.5,0
772,60,player,0,45.2,337.9,104.0,490.5,74.6,490.5,0
772,62,player,1,236.1,343.2,284.1,483.0,260.1,483.0,0
772,65,player,1,470.6,347.9,513.3,492.5,492.0,492.5,0
772,66,player,1,2651.8,434.7,2703.3,592.8,2677.6,592.8,0
772,67,player,1,1886.6,503.3,1946.3,652.8,1916.4,652.8,0
773,-1,ball,-1,1282.5,615.6,1294.5,627.6,1288.5,621.6,0
773,4,player,1,1750.2,665.0,1826.5,873.7,1788.4,873.7,0
773,5,player,1,1591.3,819.3,1708.7,1050.6,1650.0,1050.6,0
773,24,player,0,909.0,765.6,986.4,985.0,947.7,985.0,0
773,27,player,0,1622.7,689.4,1700.5,899.4,1661.6,899.4,0
773,32,player,1,1026.1,561.1,1111.9,711.1,1069.0,711.1,0
773,33,player,1,1116.9,624.5,1188.8,810.0,1152.8,810.0,0
773,36,player,0,1362.6,452.0,1440.5,587.9,1401.6,587.9,0
773,40,player,0,765.2,557.5,839.5,733.6,802.4,733.6,0
773,41,player,0,422.9,935.3,505.5,1176.2,464.2,1176.2,0
773,50,player,0,207.6,601.6,280.1,793.7,243.8,793.7,0
773,52,player,0,2440.4,392.8,2526.5,501.5,2483.4,501.5,0
773,60,player,0,45.3,337.9,104.0,490.6,74.6,490.6,0
773,62,player,1,236.1,343.2,284.1,483.0,260.1,483.0,0
773,65,player,1,470.6,347.9,513.3,492.6,492.0,492.6,0
773,66,player,1,2651.8,434.7,2703.2,592.8,2677.5,592.8,0
773,67,player,1,1886.6,503.3,1946.2,652.7,1916.4,652.7,0
774,-1,ball,-1,1291.6,614.4,1303.6,626.4,1297.6,620.4,0
774,4,player,1,1739.9,664.6,1817.7,877.8,1778.8,877.8,0
774,5,player,1,1582.5,821.0,1685.6,1048.8,1634.0,1048.8,0
774,24,player,0,894.9,769.5,972.8,981.8,933.8,981.8,0
774,27,player,0,1607.9,689.2,1687.2,900.6,1647.6,900.6,0
774,32,player,1,1013.3,561.5,1103.2,703.8,1058.2,703.8,0
774,33,player,1,1106.0,624.2,1177.9,812.4,1142.0,812.4,0
774,36,player,0,1358.2,450.9,1434.7,590.6,1396.4,590.6,1
774,40,player,0,754.0,558.6,820.1,735.7,787.0,735.7,0
774,41,player,0,398.2,932.4,481.0,1178.9,439.6,1178.9,0
774,50,player,0,193.5,602.7,266.0,792.5,229.8,792.5,0
774,52,player,0,2426.6,387.3,2517.3,506.6,2472.0,506.6,0
774,60,player,0,32.0,340.2,90.3,493.5,61.2,493.5,0
774,62,player,1,224.6,344.1,269.4,484.6,247.0,484.6,0
774,65,player,1,457.3,357.6,501.7,495.9,479.5,495.9,0
774,66,player,1,2641.8,437.2,2697.7,592.9,2669.8,592.9,0
774,67,player,1,1848.7,503.2,1933.5,657.6,1891.1,657.6,0
775,-1,ball,-1,1300.6,609.2,1312.6,621.2,1306.6,615.2,0
775,4,player,1,1728.0,666.8,1807.2,882.0,1767.6,882.0,0
775,5,player,1,1572.5,827.9,1661.1,1048.7,1616.8,1048.7,0
775,24,player,0,878.7,772.8,957.9,981.6,918.3,981.6,0
775,27,player,0,1597.1,688.7,1674.0,902.1,1635.6,902.1,0
775,32,player,1,1005.5,565.7,1093.5,708.8,1049.5,708.8,0
775,33,player,1,1093.8,625.2,1164.1,812.6,1128.9,812.6,0
775,36,player,0,1353.8,452.7,1427.1,594.3,1390.4,594.3,1
775,40,player,0,739.9,561.4,805.4,730.9,772.6,730.9,0
775,41,player,0,371.7,925.9,459.4,1182.2,415.6,1182.2,0
775,50,player,0,177.2,606.8,247.9,796.4,212.6,796.4,0
775,52,player,0,2396.9,388.0,2506.8,510.2,2451.9,510.2,0
775,60,player,0,22.0,343.5,76.6,494.3,49.3,494.3,0
775,62,player,1,210.7,346.1,257.0,487.6,233.8,487.6,0
775,65,player,1,445.7,351.7,489.4,498.3,467.6,498.3,0
775,66,player,1,2630.3,441.5,2689.2,593.4,2659.8,593.4,0
775,67,player,1,1821.1,504.3,1920.1,657.1,1870.6,657.1,0
776,-1,ball,-1,1300.6,609.2,1312.6,621.2,1306.6,615.2,0
776,4,player,1,1728.0,666.8,1807.2,882.1,1767.6,882.1,0
776,5,player,1,1572.4,827.8,1661.1,1048.7,1616.8,1048.7,0
776,24,player,0,878.7,772.8,957.9,981.5,918.3,981.5,0
776,27,player,0,1597.1,688.7,1674.0,902.1,1635.6,902.1,0
776,32,player,1,1005.6,565.8,1093.5,708.8,1049.6,708.8,0
776,33,player,1,1093.9,625.2,1164.1,812.6,1129.0,812.6,0
776,36,player,0,1353.8,452.7,1427.1,594.3,1390.4,594.3,1
776,40,player,0,739.7,561.3,805.4,731.0,772.6,731.0,0
776,41,player,0,371.7,925.9,459.4,1182.3,415.6,1182.3,0
776,50,player,0,177.2,606.8,247.9,796.6,212.6,796.6,0
776,52,player,0,2397.0,388.0,2506.8,510.2,2451.9,510.2,0
776,60,player,0,22.0,343.5,76.6,494.3,49.3,494.3,0
776,62,player,1,210.7,346.1,257.0,487.6,233.8,487.6,0
776,65,player,1,445.7,351.7,489.4,498.3,467.6,498.3,0
776,66,player,1,2630.3,441.6,2689.3,593.3,2659.8,593.3,0
776,67,player,1,1821.0,504.3,1920.1,657.1,1870.6,657.1,0
777,-1,ball,-1,1300.6,609.2,1312.6,621.2,1306.6,615.2,0
777,4,player,1,1728.0,666.8,1807.2,882.0,1767.6,882.0,0
777,5,player,1,1572.5,827.9,1661.1,1048.7,1616.8,1048.7,0
777,24,player,0,878.7,772.9,957.9,981.6,918.3,981.6,0
777,27,player,0,1597.1,688.7,1674.0,902.1,1635.6,902.1,0
777,32,player,1,1005.9,566.0,1093.5,707.9,1049.7,707.9,0
777,33,player,1,1093.8,625.2,1164.1,812.6,1128.9,812.6,0
777,36,player,0,1353.8,452.7,1427.1,594.3,1390.4,594.3,1
777,40,player,0,739.8,561.3,805.5,731.0,772.6,731.0,0
777,41,player,0,371.6,925.9,459.4,1182.2,415.5,1182.2,0
777,50,player,0,177.1,606.8,247.9,796.4,212.5,796.4,0
777,52,player,0,2396.9,388.0,2506.8,510.2,2451.9,510.2,0
777,60,player,0,22.0,343.5,76.6,494.3,49.3,494.3,0
777,62,player,1,210.7,346.1,257.0,487.6,233.8,487.6,0
777,65,player,1,445.7,351.7,489.4,498.3,467.6,498.3,0
777,66,player,1,2630.3,441.5,2689.4,593.5,2659.9,593.5,0
777,67,player,1,1821.2,504.3,1920.1,657.1,1870.6,657.1,0
778,-1,ball,-1,1300.6,609.2,1312.6,621.2,1306.6,615.2,0
778,4,player,1,1728.0,666.8,1807.2,882.0,1767.6,882.0,0
778,5,player,1,1572.5,827.9,1661.1,1048.6,1616.8,1048.6,0
778,24,player,0,878.7,772.9,957.9,981.6,918.3,981.6,0
778,27,player,0,1597.1,688.7,1674.0,902.0,1635.6,902.0,0
778,32,player,1,1005.9,566.0,1093.5,708.0,1049.7,708.0,0
778,33,player,1,1093.8,625.2,1164.1,812.6,1128.9,812.6,0
778,36,player,0,1353.8,452.7,1427.1,594.2,1390.4,594.2,1
778,40,player,0,739.8,561.3,805.5,731.0,772.6,731.0,0
778,41,player,0,371.6,925.9,459.4,1182.2,415.5,1182.2,0
778,50,player,0,177.2,606.8,247.9,796.5,212.6,796.5,0
778,52,player,0,2396.9,388.0,2506.8,510.2,2451.9,510.2,0
778,60,player,0,22.0,343.6,76.6,494.3,49.3,494.3,0
778,62,player,1,210.7,346.1,257.0,487.6,233.8,487.6,0
778,65,player,1,445.7,351.6,489.4,498.3,467.6,498.3,0
778,66,player,1,2630.3,441.6,2689.4,593.5,2659.9,593.5,0
778,67,player,1,1821.2,504.3,1920.1,657.1,1870.6,657.1,0
779,-1,ball,-1,1309.8,605.7,1321.8,617.7,1315.8,611.7,0
779,4,player,1,1716.3,668.6,1795.5,876.9,1755.9,876.9,0
779,5,player,1,1556.5,827.6,1635.0,1052.8,1595.8,1052.8,0
779,24,player,0,864.7,775.2,946.1,986.0,905.4,986.0,0
779,27,player,0,1584.9,689.6,1660.3,900.7,1622.6,900.7,0
779,32,player,1,994.5,566.5,1091.5,708.8,1043.0,708.8,0
779,33,player,1,1081.5,628.0,1154.4,814.7,1118.0,814.7,0
779,36,player,0,1349.3,454.2,1423.0,596.8,1386.2,596.8,1
779,40,player,0,724.9,563.5,792.9,732.9,758.9,732.9,0
779,41,player,0,347.1,923.4,439.0,1181.4,393.0,1181.4,0
779,50,player,0,162.5,610.1,233.1,795.9,197.8,795.9,0
779,52,player,0,2388.3,391.2,2490.8,512.3,2439.6,512.3,0
779,60,player,0,5.3,345.5,61.2,498.8,33.2,498.8,0
779,62,player,1,198.6,347.3,243.4,489.4,221.0,489.4,0
779,65,player,1,433.0,358.4,475.8,499.6,454.4,499.6,0
779,66,player,1,2617.8,440.9,2680.0,595.5,2648.9,595.5,0
779,67,player,1,1800.8,505.8,1900.9,650.6,1850.8,650.6,0
780,-1,ball,-1,1309.8,605.7,1321.8,617.7,1315.8,611.7,0
780,4,player,1,1716.6,668.6,1795.4,877.1,1756.0,877.1,0
780,5,player,1,1556.5,827.6,1635.0,1052.8,1595.8,1052.8,0
780,24,player,0,864.7,775.2,946.1,986.0,905.4,986.0,0
780,27,player,0,1584.9,689.6,1660.3,900.6,1622.6,900.6,0
780,32,player,1,994.5,566.5,1091.5,708.8,1043.0,708.8,0
780,33,player,1,1081.7,628.0,1154.4,815.1,1118.1,815.1,0
780,36,player,0,1349.3,454.2,1423.0,596.8,1386.2,596.8,1
780,40,player,0,724.9,563.5,792.9,733.0,758.9,733.0,0
780,41,player,0,347.1,923.4,439.0,1181.4,393.0,1181.4,0
780,50,player,0,162.5,610.1,233.1,796.0,197.8,796.0,0
780,52,player,0,2388.4,391.7,2490.9,512.2,2439.6,512.2,0
780,60,player,0,5.6,345.3,61.3,498.9,33.4,498.9,0
780,62,player,1,198.6,347.3,243.4,489.4,221.0,489.4,0
780,65,player,1,433.0,358.4,475.8,499.7,454.4,499.7,0
780,66,player,1,2617.7,440.9,2680.0,595.4,2648.8,595.4,0
780,67,player,1,1800.8,505.8,1900.7,650.6,1850.8,650.6,0
781,-1,ball,-1,1317.2,603.2,1329.2,615.2,1323.2,609.2,0
781,4,player,1,1708.1,673.9,1786.0,877.6,1747.0,877.6,0
781,5,player,1,1538.9,826.7,1619.1,1054.2,1579.0,1054.2,0
781,24,player,0,847.8,777.6,932.6,987.7,890.2,987.7,0
781,27,player,0,1571.6,689.2,1647.8,900.1,1609.7,900.1,0
781,32,player,1,983.8,564.7,1088.0,709.5,1035.9,709.5,0
781,33,player,1,1070.8,630.6,1144.4,813.8,1107.6,813.8,0
781,36,player,0,1345.8,455.6,1418.9,597.7,1382.4,597.7,1
781,40,player,0,711.9,570.4,778.1,737.9,745.0,737.9,0
781,41,player,0,315.2,921.7,423.6,1177.3,369.4,1177.3,0
781,50,player,0,148.1,611.9,220.8,797.2,184.4,797.2,0
781,52,player,0,2372.1,385.5,2470.4,513.6,2421.2,513.6,0
781,60,player,0,0.0,346.0,48.9,498.2,24.4,498.2,0
781,62,player,1,185.7,348.8,230.7,490.4,208.2,490.4,0
781,65,player,1,420.9,355.4,465.0,501.4,443.0,501.4,0
781,66,player,1,2604.2,443.1,2669.0,596.3,2636.6,596.3,0
781,67,player,1,1786.0,506.5,1879.2,648.4,1832.6,648.4,0
782,-1,ball,-1,1324.4,603.2,1336.4,615.2,1330.4,609.2,0
782,4,player,1,1700.4,678.0,1776.9,879.1,1738.6,879.1,0
782,5,player,1,1522.5,823.5,1600.5,1056.6,1561.5,1056.6,0
782,24,player,0,833.4,776.7,918.0,989.9,875.7,989.9,0
782,27,player,0,1558.8,689.4,1635.9,900.4,1597.4,900.4,0
782,32,player,1,975.1,562.7,1081.5,712.3,1028.3,712.3,0
782,33,player,1,1060.5,635.3,1134.7,816.4,1097.6,816.4,0
782,36,player,0,1337.9,455.1,1412.8,600.2,1375.4,600.2,1
782,40,player,0,699.3,568.6,764.7,739.7,732.0,739.7,0
782,41,player,0,290.1,925.4,408.9,1168.0,349.5,1168.0,0
782,50,player,0,136.3,614.3,209.3,799.1,172.8,799.1,0
782,52,player,0,2361.6,381.7,2425.8,513.2,2393.7,513.2,0
782,60,player,0,0.1,351.7,33.6,499.8,16.8,499.8,0
782,62,player,1,173.0,351.0,217.8,493.4,195.4,493.4,0
782,65,player,1,407.8,361.4,452.3,504.0,430.0,504.0,0
782,66,player,1,2592.6,443.0,2654.5,598.9,2623.6,598.9,0
782,67,player,1,1776.1,506.4,1851.7,650.2,1813.9,650.2,0
782,68,player,1,2834.0,760.1,2879.4,961.1,2856.7,961.1,0
783,-1,ball,-1,1324.4,603.2,1336.4,615.2,1330.4,609.2,0
783,4,player,1,1700.6,678.0,1776.9,879.0,1738.8,879.0,0
783,5,player,1,1522.5,824.0,1600.5,1056.6,1561.5,1056.6,0
783,24,player,0,833.4,776.7,918.0,990.0,875.7,990.0,0
783,27,player,0,1558.9,689.3,1635.9,900.5,1597.4,900.5,0
783,32,player,1,975.1,562.7,1081.5,712.3,1028.3,712.3,0
783,33,player,1,1060.5,635.3,1134.7,816.4,1097.6,816.4,0
783,36,player,0,1337.9,455.1,1412.7,600.2,1375.3,600.2,1
783,40,player,0,699.3,568.6,764.7,739.7,732.0,739.7,0
783,41,player,0,290.1,925.4,408.9,1168.0,349.5,1168.0,0
783,50,player,0,136.3,614.3,209.3,799.2,172.8,799.2,0
783,52,player,0,2361.6,381.7,2425.8,513.2,2393.7,513.2,0
783,60,player,0,0.1,351.7,33.7,499.8,16.9,499.8,0
783,62,player,1,173.0,351.0,217.8,493.4,195.4,493.4,0
783,65,player,1,407.8,361.4,452.3,504.0,430.0,504.0,0
783,66,player,1,2592.6,443.0,2654.5,598.9,2623.6,598.9,0
783,67,player,1,1776.0,506.3,1851.7,650.2,1813.8,650.2,0
783,68,player,1,2834.0,760.2,2879.4,961.1,2856.7,961.1,0
784,-1,ball,-1,1324.4,603.2,1336.4,615.2,1330.4,609.2,0
784,4,player,1,1700.4,678.0,1776.8,880.1,1738.6,880.1,0
784,5,player,1,1522.5,823.5,1600.5,1056.6,1561.5,1056.6,0
784,24,player,0,833.3,776.7,918.0,989.9,875.6,989.9,0
784,27,player,0,1558.8,689.3,1635.9,900.5,1597.4,900.5,0
784,32,player,1,975.1,562.6,1081.5,712.2,1028.3,712.2,0
784,33,player,1,1060.5,635.3,1134.7,816.4,1097.6,816.4,0
784,36,player,0,1337.9,455.1,1412.7,600.2,1375.3,600.2,1
784,40,player,0,699.4,568.6,764.7,739.7,732.0,739.7,0
784,41,player,0,290.1,925.4,408.9,1168.0,349.5,1168.0,0
784,50,player,0,136.2,614.3,209.3,799.2,172.8,799.2,0
784,52,player,0,2361.5,381.7,2425.8,513.2,2393.6,513.2,0
784,60,player,0,0.1,351.8,33.7,499.8,16.9,499.8,0
784,62,player,1,173.0,351.0,217.8,493.4,195.4,493.4,0
784,65,player,1,407.8,361.3,452.3,504.1,430.0,504.1,0
784,66,player,1,2592.6,443.0,2654.5,598.9,2623.6,598.9,0
784,67,player,1,1776.0,506.4,1851.3,650.1,1813.6,650.1,0
784,68,player,1,2834.1,760.3,2879.4,961.1,2856.8,961.1,0
785,-1,ball,-1,1329.8,599.6,1341.8,611.6,1335.8,605.6,0
785,4,player,1,1691.1,677.8,1765.9,881.4,1728.5,881.4,0
785,5,player,1,1506.6,822.5,1584.3,1057.0,1545.4,1057.0,0
785,24,player,0,818.5,776.3,901.1,992.0,859.8,992.0,0
785,27,player,0,1545.0,691.0,1625.2,902.4,1585.1,902.4,0
785,32,player,1,966.5,562.0,1074.2,710.1,1020.4,710.1,0
785,33,player,1,1050.0,636.0,1123.8,816.8,1086.9,816.8,0
785,36,player,0,1328.0,457.9,1406.2,600.9,1367.1,600.9,1
785,40,player,0,687.5,568.3,751.7,739.3,719.6,739.3,0
785,41,player,0,268.0,928.2,389.4,1173.1,328.7,1173.1,0
785,50,player,0,122.2,616.8,193.9,802.0,158.0,802.0,0
785,52,player,0,2351.7,382.2,2410.3,515.7,2381.0,515.7,0
785,62,player,1,157.7,352.7,202.5,495.6,180.1,495.6,0
785,65,player,1,395.1,357.3,438.8,505.2,417.0,505.2,0
785,66,player,1,2578.5,442.3,2640.9,598.9,2609.7,598.9,0
785,67,player,1,1766.5,505.8,1834.6,653.7,1800.6,653.7,0
785,68,player,1,2814.1,762.3,2879.4,965.8,2846.8,965.8,0
786,-1,ball,-1,1329.8,599.6,1341.8,611.6,1335.8,605.6,0
786,4,player,1,1691.1,677.9,1766.0,881.4,1728.6,881.4,0
786,5,player,1,1506.6,822.4,1584.2,1057.0,1545.4,1057.0,0
786,24,player,0,818.5,776.3,901.1,992.0,859.8,992.0,0
786,27,player,0,1545.0,691.1,1625.1,902.4,1585.0,902.4,0
786,32,player,1,966.5,561.9,1074.2,710.2,1020.4,710.2,0
786,33,player,1,1050.0,636.0,1123.8,816.8,1086.9,816.8,0
786,36,player,0,1327.9,457.9,1406.2,600.9,1367.1,600.9,1
786,40,player,0,687.5,568.4,751.6,739.3,719.6,739.3,0
786,41,player,0,268.0,928.2,389.3,1173.1,328.6,1173.1,0
786,50,player,0,122.2,616.8,193.8,802.0,158.0,802.0,0
786,52,player,0,2351.7,382.1,2410.2,515.7,2381.0,515.7,0
786,62,player,1,157.7,352.7,202.4,495.6,180.0,495.6,0
786,65,player,1,395.1,357.3,438.8,505.2,417.0,505.2,0
786,66,player,1,2578.6,442.3,2640.9,598.9,2609.8,598.9,0
786,67,player,1,1766.5,505.8,1834.6,653.7,1800.6,653.7,0
786,68,player,1,2814.1,762.3,2879.4,965.8,2846.8,965.8,0
787,-1,ball,-1,1334.9,596.4,1346.9,608.4,1340.9,602.4,0
787,4,player,1,1682.4,676.6,1756.8,883.1,1719.6,883.1,0
787,5,player,1,1488.4,821.8,1567.0,1059.9,1527.7,1059.9,0
787,24,player,0,806.1,775.9,887.0,993.5,846.6,993.5,0
787,27,player,0,1533.1,692.4,1613.3,903.0,1573.2,903.0,0
787,32,player,1,966.1,562.4,1067.3,704.8,1016.7,704.8,0
787,33,player,1,1040.6,634.6,1114.0,819.9,1077.3,819.9,0
787,36,player,0,1319.4,459.3,1399.1,610.4,1359.2,610.4,1
787,40,player,0,674.2,563.4,739.3,736.2,706.8,736.2,0
787,41,player,0,250.1,935.1,367.4,1177.5,308.8,1177.5,0
787,50,player,0,108.9,615.2,177.3,804.4,143.1,804.4,0
787,52,player,0,2335.6,385.0,2390.9,514.1,2363.2,514.1,0
787,62,player,1,141.9,354.5,189.7,497.4,165.8,497.4,0
787,65,player,1,379.6,367.1,424.8,508.3,402.2,508.3,0
787,66,player,1,2568.1,441.7,2626.9,599.3,2597.5,599.3,0
787,67,player,1,1754.2,504.9,1819.5,652.9,1786.8,652.9,0
787,68,player,1,2793.4,764.3,2879.2,968.3,2836.3,968.3,0
788,-1,ball,-1,1334.9,596.4,1346.9,608.4,1340.9,602.4,0
788,4,player,1,1682.4,676.4,1756.8,883.1,1719.6,883.1,0
788,5,player,1,1488.3,821.8,1567.0,1059.9,1527.6,1059.9,0
788,24,player,0,806.1,775.9,887.0,993.5,846.6,993.5,0
788,27,player,0,1533.1,692.4,1613.4,903.1,1573.2,903.1,0
788,32,player,1,966.1,562.4,1067.2,704.8,1016.6,704.8,0
788,33,player,1,1040.6,634.6,1114.0,819.9,1077.3,819.9,0
788,36,player,0,1319.4,459.3,1398.8,610.4,1359.1,610.4,1
788,40,player,0,674.2,563.4,739.3,736.1,706.8,736.1,0
788,41,player,0,249.8,935.1,367.4,1177.4,308.6,1177.4,0
788,50,player,0,108.9,615.1,177.2,804.3,143.0,804.3,0
788,52,player,0,2335.5,385.0,2390.9,514.1,2363.2,514.1,0
788,62,player,1,141.9,354.5,189.7,497.4,165.8,497.4,0
788,65,player,1,379.6,367.1,424.8,508.3,402.2,508.3,0
788,66,player,1,2568.0,441.7,2626.9,599.3,2597.4,599.3,0
788,67,player,1,1754.2,504.9,1819.5,652.9,1786.8,652.9,0
788,68,player,1,2793.5,764.3,2879.2,968.3,2836.4,968.3,0
789,-1,ball,-1,1335.0,596.4,1347.0,608.4,1341.0,602.4,0
789,4,player,1,1682.6,676.8,1756.6,882.7,1719.6,882.7,0
789,5,player,1,1488.3,821.8,1567.0,1059.8,1527.6,1059.8,0
789,24,player,0,806.1,775.9,887.0,993.5,846.6,993.5,0
789,27,player,0,1533.1,692.4,1613.5,903.1,1573.3,903.1,0
789,32,player,1,966.1,562.4,1067.3,704.8,1016.7,704.8,0
789,33,player,1,1040.6,634.5,1114.0,819.9,1077.3,819.9,0
789,36,player,0,1319.4,459.3,1398.8,610.5,1359.1,610.5,1
789,40,player,0,674.1,563.4,739.4,736.1,706.8,736.1,0
789,41,player,0,249.8,935.1,367.4,1177.4,308.6,1177.4,0
789,50,player,0,108.9,615.1,177.3,804.4,143.1,804.4,0
789,52,player,0,2335.5,385.0,2390.9,514.2,2363.2,514.2,0
789,62,player,1,141.9,354.5,189.7,497.4,165.8,497.4,0
789,65,player,1,379.6,367.1,424.8,508.3,402.2,508.3,0
789,66,player,1,2568.0,441.7,2626.9,599.3,2597.4,599.3,0
789,67,player,1,1754.2,504.9,1819.5,652.8,1786.8,652.8,0
789,68,player,1,2793.5,764.3,2879.2,968.3,2836.4,968.3,0
790,-1,ball,-1,1341.0,594.8,1353.0,606.8,1347.0,600.8,0
790,4,player,1,1674.6,675.7,1747.3,882.1,1711.0,882.1,0
790,5,player,1,1470.0,822.4,1549.5,1054.4,1509.8,1054.4,0
790,24,player,0,792.9,776.1,873.2,995.6,833.0,995.6,0
790,27,player,0,1518.2,693.6,1607.5,908.3,1562.8,908.3,0
790,32,player,1,968.2,562.6,1063.5,705.2,1015.8,705.2,0
790,33,player,1,1036.2,632.8,1104.8,816.6,1070.5,816.6,0
790,36,player,0,1309.1,460.5,1389.9,609.0,1349.5,609.0,1
790,40,player,0,662.5,562.1,727.1,737.6,694.8,737.6,0
790,41,player,0,228.4,938.1,338.0,1179.9,283.2,1179.9,0
790,50,player,0,97.8,614.0,160.0,805.0,128.9,805.0,0
790,52,player,0,2318.7,378.8,2370.6,511.7,2344.6,511.7,0
790,62,player,1,128.9,356.0,175.3,499.9,152.1,499.9,0
790,65,player,1,367.4,371.6,411.5,508.7,389.4,508.7,0
790,66,player,1,2557.6,441.1,2612.6,598.9,2585.1,598.9,0
790,67,player,1,1733.0,505.6,1802.6,655.1,1767.8,655.1,0
790,68,player,1,2783.4,762.6,2868.0,970.8,2825.7,970.8,0
791,-1,ball,-1,1341.0,594.8,1353.0,606.8,1347.0,600.8,0
791,4,player,1,1674.9,676.0,1747.0,881.8,1711.0,881.8,0
791,5,player,1,1470.0,822.4,1549.5,1054.4,1509.8,1054.4,0
791,24,player,0,792.9,776.1,873.2,995.6,833.0,995.6,0
791,27,player,0,1518.2,693.6,1607.5,908.3,1562.8,908.3,0
791,32,player,1,968.2,562.8,1063.5,705.1,1015.8,705.1,0
791,33,player,1,1036.2,632.8,1104.8,816.7,1070.5,816.7,0
791,36,player,0,1309.1,460.5,1389.8,608.9,1349.4,608.9,1
791,40,player,0,662.5,562.1,727.1,737.6,694.8,737.6,0
791,41,player,0,228.4,938.1,338.0,1179.9,283.2,1179.9,0
791,50,player,0,97.8,614.0,160.0,804.9,128.9,804.9,0
791,52,player,0,2318.7,378.8,2370.7,511.7,2344.7,511.7,0
791,62,player,1,128.9,356.0,175.3,499.9,152.1,499.9,0
791,65,player,1,367.3,371.6,411.5,508.6,389.4,508.6,0
791,66,player,1,2557.6,441.1,2612.6,598.9,2585.1,598.9,0
791,67,player,1,1732.4,505.6,1802.9,655.1,1767.6,655.1,0
791,68,player,1,2783.9,762.6,2867.9,970.8,2825.9,970.8,0
792,-1,ball,-1,1343.9,593.2,1355.9,605.2,1349.9,599.2,0
792,4,player,1,1664.8,673.2,1739.9,883.1,1702.4,883.1,0
792,5,player,1,1453.7,827.0,1531.1,1051.9,1492.4,1051.9,0
792,24,player,0,779.5,777.8,860.5,997.4,820.0,997.4,0
792,27,player,0,1504.3,695.9,1597.2,910.5,1550.8,910.5,0
792,32,player,1,972.0,564.4,1057.8,707.3,1014.9,707.3,0
792,33,player,1,1029.7,630.5,1094.5,817.4,1062.1,817.4,0
792,36,player,0,1299.4,464.0,1380.0,608.0,1339.7,608.0,1
792,40,player,0,650.2,561.9,715.3,735.7,682.8,735.7,0
792,41,player,0,205.9,939.5,307.5,1184.2,256.7,1184.2,0
792,50,player,0,81.2,614.7,145.4,810.9,113.3,810.9,0
792,52,player,0,2306.0,381.5,2360.9,514.2,2333.4,514.2,0
792,62,player,1,115.1,357.7,158.7,501.9,136.9,501.9,0
792,65,player,1,353.1,370.5,396.9,510.3,375.0,510.3,0
792,66,player,1,2546.0,442.5,2600.6,601.6,2573.3,601.6,0
792,67,player,1,1710.4,501.8,1789.6,658.4,1750.0,658.4,0
792,68,player,1,2767.4,759.4,2850.4,971.9,2808.9,971.9,0
793,-1,ball,-1,1344.0,593.2,1356.0,605.2,1350.0,599.2,0
793,4,player,1,1664.8,673.4,1739.9,883.0,1702.4,883.0,0
793,5,player,1,1453.6,827.0,1531.1,1051.9,1492.4,1051.9,0
793,24,player,0,779.5,777.8,860.5,997.4,820.0,997.4,0
793,27,player,0,1504.4,695.9,1597.2,910.6,1550.8,910.6,0
793,32,player,1,972.0,564.4,1057.8,707.2,1014.9,707.2,0
793,33,player,1,1029.7,630.5,1094.6,817.4,1062.2,817.4,0
793,36,player,0,1299.4,464.0,1380.0,608.0,1339.7,608.0,1
793,40,player,0,650.2,561.9,715.3,735.7,682.8,735.7,0
793,41,player,0,205.9,939.5,307.5,1184.3,256.7,1184.3,0
793,50,player,0,81.4,614.8,145.8,810.5,113.6,810.5,0
793,52,player,0,2306.0,381.4,2360.9,514.2,2333.4,514.2,0
793,62,player,1,115.1,357.7,158.7,501.9,136.9,501.9,0
793,65,player,1,353.2,370.7,396.9,510.3,375.0,510.3,0
793,66,player,1,2546.0,442.5,2600.6,601.6,2573.3,601.6,0
793,67,player,1,1710.5,501.8,1789.5,658.3,1750.0,658.3,0
793,68,player,1,2767.4,759.5,2850.4,971.9,2808.9,971.9,0
794,-1,ball,-1,1348.2,590.3,1360.2,602.3,1354.2,596.3,0
794,4,player,1,1653.9,672.8,1732.2,885.4,1693.0,885.4,0
794,5,player,1,1440.1,832.3,1514.0,1054.6,1477.0,1054.6,0
794,24,player,0,764.4,780.1,847.4,998.0,805.9,998.0,0
794,27,player,0,1491.0,698.8,1584.9,913.1,1538.0,913.1,0
794,32,player,1,965.1,563.8,1055.2,707.2,1010.2,707.2,0
794,33,player,1,1018.5,631.7,1085.0,819.1,1051.8,819.1,0
794,36,player,0,1289.1,465.1,1372.7,604.7,1330.9,604.7,1
794,40,player,0,638.2,564.4,704.7,734.6,671.4,734.6,0
794,41,player,0,184.6,937.6,284.8,1187.5,234.7,1187.5,0
794,50,player,0,66.8,616.9,130.9,813.3,98.8,813.3,0
794,52,player,0,2288.0,383.2,2352.1,516.1,2320.0,516.1,0
794,62,player,1,100.1,360.5,144.4,504.0,122.2,504.0,0
794,65,player,1,338.7,366.1,383.2,513.8,361.0,513.8,0
794,66,player,1,2536.1,444.2,2589.0,598.9,2562.6,598.9,0
794,67,player,1,1696.1,502.0,1773.1,651.7,1734.6,651.7,0
794,68,player,1,2748.7,756.3,2833.7,975.7,2791.2,975.7,0
795,-1,ball,-1,1348.2,590.3,1360.2,602.3,1354.2,596.3,0
795,4,player,1,1653.9,672.8,1732.2,885.4,1693.0,885.4,0
795,5,player,1,1440.2,832.3,1514.0,1054.6,1477.1,1054.6,0
795,24,player,0,764.4,780.1,847.5,998.0,806.0,998.0,0
795,27,player,0,1491.0,698.8,1584.9,913.1,1538.0,913.1,0
795,32,player,1,965.2,563.8,1055.3,707.1,1010.2,707.1,0
795,33,player,1,1018.5,631.7,1085.0,819.1,1051.8,819.1,0
795,36,player,0,1289.1,465.1,1372.7,604.7,1330.9,604.7,1
795,40,player,0,638.2,564.4,705.0,734.5,671.6,734.5,0
795,41,player,0,184.6,937.6,284.8,1187.5,234.7,1187.5,0
795,50,player,0,66.8,616.9,130.9,813.2,98.8,813.2,0
795,52,player,0,2288.0,383.2,2352.1,516.1,2320.0,516.1,0
795,62,player,1,100.1,360.5,144.4,504.0,122.2,504.0,0
795,65,player,1,338.7,366.1,383.2,513.8,361.0,513.8,0
795,66,player,1,2536.0,444.2,2589.0,599.0,2562.5,599.0,0
795,67,player,1,1696.1,502.2,1773.1,651.7,1734.6,651.7,0
795,68,player,1,2748.7,756.3,2833.7,975.7,2791.2,975.7,0
796,-1,ball,-1,1348.2,590.4,1360.2,602.4,1354.2,596.4,0
796,4,player,1,1653.9,672.8,1732.2,885.4,1693.0,885.4,0
796,5,player,1,1440.1,832.3,1514.0,1054.7,1477.0,1054.7,0
796,24,player,0,764.4,780.1,847.5,998.0,806.0,998.0,0
796,27,player,0,1491.0,698.8,1584.9,913.1,1538.0,913.1,0
796,32,player,1,965.2,563.8,1055.3,707.2,1010.2,707.2,0
796,33,player,1,1018.6,631.7,1084.8,819.5,1051.7,819.5,0
796,36,player,0,1289.1,465.1,1372.7,604.7,1330.9,604.7,1
796,40,player,0,638.3,564.4,705.4,734.4,671.8,734.4,0
796,41,player,0,184.6,937.6,284.8,1187.5,234.7,1187.5,0
796,50,player,0,66.7,616.9,131.5,813.2,99.1,813.2,0
796,52,player,0,2288.0,383.2,2352.2,516.1,2320.1,516.1,0
796,62,player,1,100.1,360.5,144.4,504.0,122.2,504.0,0
796,65,player,1,338.7,366.0,383.2,513.8,361.0,513.8,0
796,66,player,1,2536.0,444.1,2589.2,599.1,2562.6,599.1,0
796,67,player,1,1696.1,501.8,1773.1,651.7,1734.6,651.7,0
796,68,player,1,2748.7,756.3,2833.7,975.7,2791.2,975.7,0
797,-1,ball,-1,1349.2,590.8,1361.2,602.8,1355.2,596.8,0
797,4,player,1,1639.5,675.9,1723.0,884.9,1681.2,884.9,0
797,5,player,1,1420.8,836.2,1494.2,1056.4,1457.5,1056.4,0
797,24,player,0,748.6,784.2,832.7,998.4,790.7,998.4,0
797,27,player,0,1476.5,702.2,1570.5,915.2,1523.5,915.2,0
797,32,player,1,957.3,561.6,1053.2,705.8,1005.2,705.8,0
797,33,player,1,1007.9,632.5,1072.8,816.0,1040.4,816.0,0
797,36,player,0,1278.5,466.0,1368.7,608.3,1323.6,608.3,1
797,40,player,0,625.5,568.5,698.7,741.4,662.1,741.4,0
797,41,player,0,160.2,933.9,261.9,1190.8,211.0,1190.8,0
797,50,player,0,48.8,618.9,114.4,813.7,81.6,813.7,0
797,52,player,0,2266.9,385.0,2340.7,520.1,2303.8,520.1,0
797,62,player,1,81.4,363.5,128.9,506.0,105.2,506.0,0
797,65,player,1,324.8,365.3,368.4,515.7,346.6,515.7,0
797,66,player,1,2526.8,447.7,2573.7,598.9,2550.2,598.9,0
797,67,player,1,1677.2,503.3,1754.7,650.2,1716.0,650.2,0
797,68,player,1,2730.8,755.8,2814.0,974.8,2772.4,974.8,0
798,-1,ball,-1,1349.3,590.6,1361.3,602.6,1355.3,596.6,0
798,4,player,1,1639.5,675.9,1723.0,884.9,1681.2,884.9,0
798,5,player,1,1420.8,836.3,1494.1,1056.4,1457.4,1056.4,0
798,24,player,0,748.6,784.2,832.7,998.4,790.7,998.4,0
798,27,player,0,1476.5,702.2,1570.4,915.2,1523.4,915.2,0
798,32,player,1,957.2,561.5,1053.3,705.8,1005.2,705.8,0
798,33,player,1,1007.9,632.3,1073.5,815.8,1040.7,815.8,0
798,36,player,0,1278.5,466.0,1369.0,608.1,1323.8,608.1,1
798,40,player,0,625.5,568.6,698.6,741.4,662.0,741.4,0
798,41,player,0,160.3,933.9,261.9,1190.8,211.1,1190.8,0
798,50,player,0,48.8,618.8,114.8,813.6,81.8,813.6,0
798,52,player,0,2266.9,385.0,2340.7,520.1,2303.8,520.1,0
798,62,player,1,81.4,363.5,128.9,506.0,105.2,506.0,0
798,65,player,1,324.8,365.3,368.4,515.7,346.6,515.7,0
798,66,player,1,2527.0,447.7,2573.7,598.9,2550.4,598.9,0
798,67,player,1,1677.7,503.2,1754.7,650.4,1716.2,650.4,0
798,68,player,1,2730.9,755.7,2814.0,974.7,2772.4,974.7,0
799,-1,ball,-1,2765.6,957.9,2777.6,969.9,2771.6,963.9,0
799,4,player,1,1628.9,680.4,1714.9,885.8,1671.9,885.8,0
799,5,player,1,1398.5,837.2,1476.4,1060.1,1437.4,1060.1,0
799,24,player,0,734.4,785.2,817.3,1000.5,775.8,1000.5,0
799,27,player,0,1463.2,703.8,1556.1,918.4,1509.6,918.4,0
799,32,player,1,948.4,559.1,1049.9,706.8,999.2,706.8,0
799,33,player,1,995.3,636.7,1062.8,823.1,1029.0,823.1,0
799,36,player,0,1266.6,468.2,1359.1,611.7,1312.8,611.7,0
799,40,player,0,614.2,572.6,682.8,740.7,648.5,740.7,0
799,41,player,0,137.4,929.3,239.1,1191.1,188.2,1191.1,0
799,50,player,0,31.0,624.2,100.2,817.4,65.6,817.4,0
799,52,player,0,2244.4,386.2,2328.5,520.8,2286.4,520.8,0
799,62,player,1,68.2,366.7,113.2,509.7,90.7,509.7,0
799,65,player,1,307.8,369.1,353.6,519.6,330.7,519.6,0
799,66,player,1,2515.8,451.8,2558.7,598.6,2537.2,598.6,0
799,67,player,1,1657.1,501.0,1736.5,648.9,1696.8,648.9,0
799,68,player,1,2708.7,757.1,2795.9,966.5,2752.3,966.5,1
800,-1,ball,-1,2765.6,957.8,2777.6,969.8,2771.6,963.8,0
800,4,player,1,1628.9,680.4,1714.8,885.8,1671.8,885.8,0
800,5,player,1,1398.5,837.3,1476.4,1060.1,1437.4,1060.1,0
800,24,player,0,734.4,785.2,817.2,1000.5,775.8,1000.5,0
800,27,player,0,1463.2,703.8,1556.1,918.2,1509.6,918.2,0
800,32,player,1,948.4,559.1,1049.9,706.8,999.2,706.8,0
800,33,player,1,995.3,636.7,1062.8,823.1,1029.0,823.1,0
800,36,player,0,1266.6,468.1,1359.1,611.7,1312.8,611.7,0
800,40,player,0,614.3,572.6,682.6,740.7,648.4,740.7,0
800,41,player,0,137.4,929.3,239.1,1191.1,188.2,1191.1,0
800,50,player,0,31.0,624.2,100.2,817.3,65.6,817.3,0
800,52,player,0,2244.4,386.2,2328.5,520.8,2286.4,520.8,0
800,62,player,1,68.2,366.7,113.2,509.7,90.7,509.7,0
800,65,player,1,307.9,369.0,353.6,519.6,330.8,519.6,0
800,66,player,1,2516.0,451.9,2558.6,598.5,2537.3,598.5,0
800,67,player,1,1657.1,501.1,1736.5,648.8,1696.8,648.8,0
800,68,player,1,2708.6,757.1,2795.9,966.6,2752.2,966.6,1
801,-1,ball,-1,2765.6,957.9,2777.6,969.9,2771.6,963.9,0
801,4,player,1,1628.9,680.4,1714.7,885.8,1671.8,885.8,0
801,5,player,1,1398.5,837.2,1476.4,1060.1,1437.4,1060.1,0
801,24,player,0,734.4,785.2,817.2,1000.5,775.8,1000.5,0
801,27,player,0,1463.2,703.8,1556.1,918.2,1509.6,918.2,0
801,32,player,1,948.4,559.1,1049.9,706.9,999.2,706.9,0
801,33,player,1,995.3,636.7,1062.8,823.1,1029.0,823.1,0
801,36,player,0,1266.6,468.1,1359.1,611.7,1312.8,611.7,0
801,40,player,0,614.3,572.6,682.8,740.7,648.6,740.7,0
801,41,player,0,137.4,929.3,239.1,1191.1,188.2,1191.1,0
801,50,player,0,31.0,624.1,100.2,817.3,65.6,817.3,0
801,52,player,0,2244.4,386.2,2328.6,520.8,2286.5,520.8,0
801,62,player,1,68.2,366.7,113.2,509.7,90.7,509.7,0
801,65,player,1,307.9,368.8,353.6,519.6,330.8,519.6,0
801,66,player,1,2516.0,451.8,2558.7,598.6,2537.4,598.6,0
801,67,player,1,1657.1,501.1,1736.5,648.8,1696.8,648.8,0
801,68,player,1,2708.6,757.1,2795.9,966.6,2752.2,966.6,1
802,-1,ball,-1,1326.8,592.8,1338.8,604.8,1332.8,598.8,0
802,4,player,1,1617.8,683.6,1706.6,885.5,1662.2,885.5,0
802,5,player,1,1384.8,836.0,1459.1,1062.1,1421.9,1062.1,0
802,24,player,0,722.6,783.2,804.8,1002.7,763.7,1002.7,0
802,27,player,0,1450.5,705.5,1542.6,920.4,1496.6,920.4,0
802,32,player,1,951.1,556.5,1048.3,699.9,999.7,699.9,0
802,33,player,1,984.4,638.9,1050.3,823.9,1017.4,823.9,0
802,36,player,0,1256.5,465.1,1344.3,612.2,1300.4,612.2,1
802,40,player,0,602.2,574.9,672.9,744.1,637.6,744.1,0
802,41,player,0,117.0,927.0,216.6,1182.3,166.8,1182.3,0
802,50,player,0,13.8,627.9,83.4,823.3,48.6,823.3,0
802,52,player,0,2215.5,391.4,2312.9,525.2,2264.2,525.2,0
802,62,player,1,51.6,369.2,97.4,512.2,74.5,512.2,0
802,65,player,1,293.6,372.4,337.9,521.2,315.8,521.2,0
802,66,player,1,2502.5,452.2,2548.5,602.8,2525.5,602.8,0
802,67,player,1,1636.1,505.1,1718.4,651.6,1677.2,651.6,0
802,68,player,1,2688.2,759.1,2776.3,963.7,2732.2,963.7,0
803,-1,ball,-1,1326.8,592.8,1338.8,604.8,1332.8,598.8,0
803,4,player,1,1617.8,683.6,1706.6,885.5,1662.2,885.5,0
803,5,player,1,1384.8,836.2,1459.1,1062.1,1421.9,1062.1,0
803,24,player,0,722.6,783.2,804.8,1002.7,763.7,1002.7,0
803,27,player,0,1450.4,705.6,1542.6,920.4,1496.5,920.4,0
803,32,player,1,950.9,556.5,1048.3,700.0,999.6,700.0,0
803,33,player,1,984.4,639.0,1050.3,824.0,1017.4,824.0,0
803,36,player,0,1256.5,465.1,1344.3,612.1,1300.4,612.1,1
803,40,player,0,602.2,574.9,672.9,744.1,637.6,744.1,0
803,41,player,0,117.1,927.0,216.5,1182.4,166.8,1182.4,0
803,50,player,0,13.8,627.9,83.4,823.3,48.6,823.3,0
803,52,player,0,2215.0,388.8,2313.0,524.7,2264.0,524.7,0
803,62,player,1,51.6,369.2,97.5,512.2,74.6,512.2,0
803,65,player,1,293.6,372.4,337.9,521.2,315.8,521.2,0
803,66,player,1,2502.5,452.2,2548.5,602.8,2525.5,602.8,0
803,67,player,1,1636.1,505.1,1718.4,651.5,1677.2,651.5,0
803,68,player,1,2688.3,759.1,2776.3,963.6,2732.3,963.6,0
804,-1,ball,-1,1311.4,593.6,1323.4,605.6,1317.4,599.6,0
804,4,player,1,1611.2,687.4,1698.0,886.8,1654.6,886.8,0
804,5,player,1,1367.6,831.9,1443.2,1062.5,1405.4,1062.5,0
804,24,player,0,716.1,782.8,794.8,1004.3,755.4,1004.3,0
804,27,player,0,1436.3,705.3,1529.4,923.2,1482.8,923.2,0
804,32,player,1,944.8,555.8,1046.6,705.0,995.7,705.0,0
804,33,player,1,973.2,642.4,1040.6,825.8,1006.9,825.8,0
804,36,player,0,1248.8,465.9,1329.6,613.2,1289.2,613.2,1
804,40,player,0,589.8,574.4,657.9,745.3,623.8,745.3,0
804,41,player,0,97.2,927.6,192.4,1178.0,144.8,1178.0,0
804,50,player,0,0.5,629.7,69.0,817.0,34.8,817.0,0
804,52,player,0,2203.4,391.0,2299.8,526.3,2251.6,526.3,0
804,62,player,1,36.8,368.0,82.7,512.5,59.8,512.5,0
804,65,player,1,279.4,377.3,324.5,522.9,302.0,522.9,0
804,66,player,1,2491.3,452.5,2535.3,603.6,2513.3,603.6,0
804,67,player,1,1613.8,506.1,1700.4,651.7,1657.1,651.7,0
804,68,player,1,2670.0,763.8,2760.6,968.9,2715.3,968.9,0
805,-1,ball,-1,1311.4,593.6,1323.4,605.6,1317.4,599.6,0
805,4,player,1,1611.2,687.4,1698.0,886.8,1654.6,886.8,0
805,5,player,1,1367.6,831.8,1443.2,1062.5,1405.4,1062.5,0
805,24,player,0,716.1,782.8,794.8,1004.3,755.4,1004.3,0
805,27,player,0,1436.5,705.3,1529.4,923.2,1483.0,923.2,0
805,32,player,1,941.7,555.9,1046.2,704.5,994.0,704.5,0
805,33,player,1,973.2,642.4,1040.6,825.8,1006.9,825.8,0
805,36,player,0,1248.8,465.9,1329.6,613.2,1289.2,613.2,1
805,40,player,0,589.9,574.3,657.9,745.3,623.9,745.3,0
805,41,player,0,97.2,927.6,192.3,1178.0,144.8,1178.0,0
805,50,player,0,0.5,629.8,68.9,816.6,34.7,816.6,0
805,52,player,0,2203.5,391.0,2299.8,526.3,2251.6,526.3,0
805,62,player,1,36.8,368.0,82.7,512.5,59.8,512.5,0
805,65,player,1,279.4,377.3,324.5,522.9,302.0,522.9,0
805,66,player,1,2491.3,452.5,2535.3,603.6,2513.3,603.6,0
805,67,player,1,1613.8,506.1,1700.4,651.7,1657.1,651.7,0
805,68,player,1,2670.0,763.8,2760.7,969.0,2715.4,969.0,0
806,-1,ball,-1,1300.5,593.8,1312.5,605.8,1306.5,599.8,0
806,4,player,1,1608.0,687.7,1690.9,889.0,1649.4,889.0,0
806,5,player,1,1346.8,830.8,1428.4,1067.3,1387.6,1067.3,0
806,24,player,0,704.8,782.4,785.9,1006.3,745.3,1006.3,0
806,27,player,0,1422.9,705.7,1516.1,921.9,1469.5,921.9,0
806,32,player,1,971.0,556.0,1044.0,667.5,1007.5,667.5,0
806,33,player,1,961.6,646.7,1029.9,826.7,995.8,826.7,0
806,36,player,0,1239.7,467.1,1317.7,614.6,1278.7,614.6,1
806,40,player,0,581.0,574.8,643.4,743.4,612.2,743.4,0
806,41,player,0,77.8,930.7,171.1,1175.2,124.4,1175.2,0
806,50,player,0,0.3,630.6,55.5,823.4,27.9,823.4,0
806,52,player,0,2188.6,388.1,2280.1,528.3,2234.4,528.3,0
806,62,player,1,21.2,370.7,68.1,514.6,44.6,514.6,0
806,65,player,1,265.6,374.5,310.2,524.5,287.9,524.5,0
806,66,player,1,2478.4,452.4,2527.5,600.8,2503.0,600.8,0
806,67,player,1,1591.6,507.9,1680.7,653.8,1636.2,653.8,0
806,68,player,1,2658.7,766.6,2745.3,971.1,2702.0,971.1,0
807,-1,ball,-1,1300.5,593.8,1312.5,605.8,1306.5,599.8,0
807,4,player,1,1608.0,687.7,1690.9,889.0,1649.4,889.0,0
807,5,player,1,1346.8,830.8,1428.4,1067.3,1387.6,1067.3,0
807,24,player,0,704.8,782.4,785.9,1006.3,745.3,1006.3,0
807,27,player,0,1422.8,706.0,1515.6,921.4,1469.2,921.4,0
807,32,player,1,971.0,556.0,1044.0,667.5,1007.5,667.5,0
807,33,player,1,961.6,646.7,1029.9,826.7,995.8,826.7,0
807,36,player,0,1239.7,467.1,1317.6,614.6,1278.6,614.6,1
807,40,player,0,581.0,574.8,643.4,743.4,612.2,743.4,0
807,41,player,0,77.8,930.8,171.1,1175.2,124.4,1175.2,0
807,50,player,0,0.3,630.6,55.8,823.4,28.0,823.4,0
807,52,player,0,2188.6,388.1,2280.1,528.3,2234.4,528.3,0
807,62,player,1,21.2,370.7,68.1,514.6,44.6,514.6,0
807,65,player,1,265.6,374.5,310.2,524.5,287.9,524.5,0
807,66,player,1,2478.4,452.4,2527.5,600.9,2503.0,600.9,0
807,67,player,1,1591.6,507.9,1680.7,653.8,1636.2,653.8,0
807,68,player,1,2658.7,766.6,2745.3,971.1,2702.0,971.1,0
807,69,player,0,0.2,630.6,55.1,764.4,27.6,764.4,0
808,-1,ball,-1,1300.4,593.7,1312.4,605.7,1306.4,599.7,0
808,4,player,1,1607.9,687.7,1690.9,889.0,1649.4,889.0,0
808,5,player,1,1346.8,830.8,1428.4,1067.3,1387.6,1067.3,0
808,24,player,0,704.8,782.4,785.9,1006.3,745.3,1006.3,0
808,27,player,0,1422.7,706.0,1515.6,921.5,1469.2,921.5,0
808,32,player,1,971.0,556.1,1044.0,667.5,1007.5,667.5,0
808,33,player,1,961.6,646.7,1029.9,826.7,995.8,826.7,0
808,36,player,0,1239.7,466.4,1312.2,615.5,1276.0,615.5,1
808,40,player,0,581.1,574.5,643.3,743.2,612.2,743.2,0
808,41,player,0,77.8,930.8,171.1,1175.1,124.4,1175.1,0
808,50,player,0,0.3,630.6,55.7,823.4,28.0,823.4,0
808,52,player,0,2188.6,388.1,2280.4,528.4,2234.5,528.4,0
808,62,player,1,21.3,370.7,68.1,514.6,44.7,514.6,0
808,65,player,1,265.6,374.5,310.2,524.5,287.9,524.5,0
808,66,player,1,2478.4,452.4,2527.5,600.9,2503.0,600.9,0
808,67,player,1,1592.2,507.9,1680.8,653.7,1636.5,653.7,0
808,68,player,1,2658.7,766.6,2745.3,971.1,2702.0,971.1,0
808,69,player,0,0.2,630.6,54.9,764.5,27.6,764.5,0
809,-1,ball,-1,1300.4,593.7,1312.4,605.7,1306.4,599.7,0
809,4,player,1,1607.8,687.7,1691.0,889.1,1649.4,889.1,0
809,5,player,1,1346.8,830.8,1428.4,1067.3,1387.6,1067.3,0
809,24,player,0,704.8,782.4,786.0,1006.3,745.4,1006.3,0
809,27,player,0,1422.6,705.7,1516.1,922.0,1469.4,922.0,0
809,32,player,1,971.0,556.1,1044.0,667.6,1007.5,667.6,0
809,33,player,1,961.5,646.7,1029.9,826.7,995.7,826.7,0
809,36,player,0,1239.7,466.4,1311.8,615.4,1275.8,615.4,1
809,40,player,0,581.1,574.6,643.3,743.4,612.2,743.4,0
809,41,player,0,77.7,930.6,171.2,1175.1,124.4,1175.1,0
809,50,player,0,0.2,630.6,55.8,823.7,28.0,823.7,0
809,52,player,0,2188.4,388.1,2280.7,528.7,2234.6,528.7,0
809,62,player,1,20.9,370.8,68.1,514.6,44.5,514.6,0
809,65,player,1,265.6,374.6,310.2,524.5,287.9,524.5,0
809,66,player,1,2478.4,452.4,2527.6,601.0,2503.0,601.0,0
809,67,player,1,1592.7,507.9,1680.8,653.8,1636.8,653.8,0
809,68,player,1,2658.6,766.6,2745.2,971.1,2701.9,971.1,0
809,69,player,0,0.2,630.6,55.0,764.5,27.6,764.5,0
810,-1,ball,-1,1290.8,593.8,1302.8,605.8,1296.8,599.8,0
810,4,player,1,1607.6,687.0,1682.2,890.2,1644.9,890.2,0
810,5,player,1,1323.5,828.3,1415.8,1068.7,1369.6,1068.7,0
810,24,player,0,695.8,782.5,777.6,1006.6,736.7,1006.6,0
810,27,player,0,1403.1,704.4,1504.1,918.3,1453.6,918.3,0
810,32,player,1,977.1,555.7,1041.5,664.4,1009.3,664.4,0
810,33,player,1,959.4,642.5,1019.4,827.1,989.4,827.1,0
810,36,player,0,1232.3,467.5,1280.7,615.0,1256.5,615.0,1
810,40,player,0,571.4,568.6,633.9,742.6,602.6,742.6,0
810,41,player,0,57.8,934.0,152.2,1178.5,105.0,1178.5,0
810,52,player,0,2172.0,395.3,2257.6,527.9,2214.8,527.9,0
810,62,player,1,8.8,370.3,54.5,516.4,31.6,516.4,0
810,65,player,1,253.3,374.3,299.2,526.4,276.2,526.4,0
810,66,player,1,2465.8,447.9,2520.9,605.1,2493.4,605.1,0
810,67,player,1,1568.3,506.9,1660.5,653.2,1614.4,653.2,0
810,68,player,1,2642.8,768.0,2729.0,972.1,2685.9,972.1,0
810,69,player,0,0.0,661.6,39.1,756.3,19.6,756.3,0
811,-1,ball,-1,1290.8,593.8,1302.8,605.8,1296.8,599.8,0
811,4,player,1,1607.8,687.1,1682.1,890.1,1645.0,890.1,0
811,5,player,1,1323.6,828.4,1415.8,1068.7,1369.7,1068.7,0
811,24,player,0,695.7,782.5,777.6,1006.6,736.7,1006.6,0
811,27,player,0,1403.2,704.2,1504.2,918.3,1453.7,918.3,0
811,32,player,1,977.2,555.7,1041.5,664.4,1009.4,664.4,0
811,33,player,1,959.5,642.3,1019.4,827.3,989.4,827.3,0
811,36,player,0,1232.3,467.5,1280.8,615.0,1256.6,615.0,1
811,40,player,0,571.4,568.6,634.1,742.7,602.8,742.7,0
811,41,player,0,57.8,934.0,152.2,1178.5,105.0,1178.5,0
811,52,player,0,2172.0,395.6,2257.6,527.9,2214.8,527.9,0
811,62,player,1,8.8,370.3,54.5,516.4,31.6,516.4,0
811,65,player,1,253.3,374.3,299.2,526.4,276.2,526.4,0
811,66,player,1,2465.8,447.9,2521.0,605.2,2493.4,605.2,0
811,67,player,1,1568.2,506.9,1660.5,653.2,1614.4,653.2,0
811,68,player,1,2642.8,768.0,2729.0,971.9,2685.9,971.9,0
811,69,player,0,0.0,661.7,38.8,756.3,19.4,756.3,0
812,-1,ball,-1,1279.5,595.0,1291.5,607.0,1285.5,601.0,0
812,4,player,1,1604.9,683.9,1675.7,890.5,1640.3,890.5,0
812,5,player,1,1310.3,829.1,1401.6,1067.7,1355.9,1067.7,0
812,24,player,0,684.3,786.3,769.8,1008.5,727.0,1008.5,0
812,27,player,0,1393.5,704.9,1491.9,917.6,1442.7,917.6,0
812,32,player,1,978.6,554.2,1041.6,689.1,1010.1,689.1,0
812,33,player,1,953.9,645.0,1010.1,827.7,982.0,827.7,0
812,36,player,0,1226.5,466.3,1263.5,617.8,1245.0,617.8,1
812,40,player,0,561.4,563.3,624.6,746.9,593.0,746.9,0
812,41,player,0,40.7,938.3,132.2,1182.3,86.4,1182.3,0
812,52,player,0,2156.9,385.6,2233.7,527.5,2195.3,527.5,0
812,62,player,1,0.0,370.5,42.2,517.2,21.1,517.2,0
812,65,player,1,240.3,374.9,285.6,526.4,263.0,526.4,0
812,66,player,1,2450.8,447.0,2514.2,605.9,2482.5,605.9,0
812,67,player,1,1560.9,508.3,1644.7,655.5,1602.8,655.5,0
812,68,player,1,2629.2,767.5,2712.1,975.0,2670.6,975.0,0
813,-1,ball,-1,1279.5,595.0,1291.5,607.0,1285.5,601.0,0
813,4,player,1,1605.0,683.9,1675.6,890.3,1640.3,890.3,0
813,5,player,1,1310.4,829.1,1401.6,1067.7,1356.0,1067.7,0
813,24,player,0,684.3,786.3,769.8,1008.5,727.0,1008.5,0
813,27,player,0,1393.5,705.0,1491.9,917.6,1442.7,917.6,0
813,32,player,1,978.6,554.1,1041.6,687.1,1010.1,687.1,0
813,33,player,1,954.1,645.0,1009.9,827.6,982.0,827.6,0
813,36,player,0,1226.4,466.3,1263.5,617.8,1245.0,617.8,1
813,40,player,0,561.5,563.2,624.6,746.9,593.0,746.9,0
813,41,player,0,40.7,938.3,132.2,1182.3,86.4,1182.3,0
813,52,player,0,2156.9,385.5,2233.6,527.9,2195.2,527.9,0
813,62,player,1,0.0,370.6,42.3,517.2,21.2,517.2,0
813,65,player,1,240.3,375.0,285.6,526.4,263.0,526.4,0
813,66,player,1,2450.8,447.0,2514.3,606.1,2482.6,606.1,0
813,67,player,1,1560.8,508.3,1644.7,655.7,1602.8,655.7,0
813,68,player,1,2629.2,767.5,2712.1,975.0,2670.6,975.0,0
814,-1,ball,-1,1268.8,596.6,1280.8,608.6,1274.8,602.6,0
814,4,player,1,1600.1,683.2,1669.8,890.4,1634.9,890.4,0
814,5,player,1,1298.8,831.6,1388.8,1065.7,1343.8,1065.7,0
814,24,player,0,673.3,788.4,762.4,1011.9,717.8,1011.9,0
814,27,player,0,1378.0,705.0,1476.8,920.8,1427.4,920.8,0
814,32,player,1,979.5,551.3,1042.6,671.6,1011.0,671.6,0
814,33,player,1,942.8,638.2,1006.6,830.1,974.7,830.1,0
814,36,player,0,1217.2,470.0,1252.5,621.7,1234.8,621.7,1
814,40,player,0,553.2,565.8,612.8,741.7,583.0,741.7,0
814,41,player,0,20.4,939.9,113.2,1187.8,66.8,1187.8,0
814,52,player,0,2142.2,387.6,2211.5,528.3,2176.8,528.3,0
814,65,player,1,228.0,375.4,273.5,528.9,250.8,528.9,0
814,66,player,1,2440.7,445.1,2506.3,605.0,2473.5,605.0,0
814,67,player,1,1554.0,505.5,1633.2,657.7,1593.6,657.7,0
814,68,player,1,2616.8,765.7,2696.8,976.9,2656.8,976.9,0
815,-1,ball,-1,1268.8,596.6,1280.8,608.6,1274.8,602.6,0
815,4,player,1,1600.1,683.1,1669.9,890.5,1635.0,890.5,0
815,5,player,1,1298.8,831.6,1388.8,1065.6,1343.8,1065.6,0
815,24,player,0,673.3,788.4,762.4,1011.9,717.8,1011.9,0
815,27,player,0,1377.9,704.8,1476.8,920.8,1427.4,920.8,0
815,32,player,1,979.5,551.3,1042.6,671.6,1011.0,671.6,0
815,33,player,1,942.8,638.2,1006.5,830.3,974.6,830.3,0
815,36,player,0,1217.2,470.0,1252.5,621.7,1234.8,621.7,1
815,40,player,0,553.0,565.7,613.0,741.7,583.0,741.7,0
815,41,player,0,20.4,939.9,113.2,1187.9,66.8,1187.9,0
815,52,player,0,2142.3,387.6,2211.6,528.3,2177.0,528.3,0
815,65,player,1,228.4,374.9,273.6,528.7,251.0,528.7,0
815,66,player,1,2440.8,445.1,2506.4,605.0,2473.6,605.0,0
815,67,player,1,1554.0,505.5,1633.2,657.8,1593.6,657.8,0
815,68,player,1,2616.8,765.6,2696.9,976.9,2656.9,976.9,0
815,70,player,0,2832.7,1008.2,2879.1,1084.0,2855.9,1084.0,0
816,-1,ball,-1,1257.3,598.7,1269.3,610.7,1263.3,604.7,0
816,4,player,1,1594.7,681.6,1666.6,893.5,1630.6,893.5,0
816,5,player,1,1290.6,836.2,1376.2,1061.4,1333.4,1061.4,0
816,24,player,0,663.6,791.8,755.4,1012.2,709.5,1012.2,0
816,27,player,0,1369.3,706.5,1463.2,921.3,1416.2,921.3,0
816,32,player,1,981.4,550.6,1044.5,679.9,1013.0,679.9,0
816,33,player,1,936.8,637.6,999.4,831.9,968.1,831.9,0
816,36,player,0,1208.5,471.4,1246.3,623.5,1227.4,623.5,1
816,40,player,0,542.3,568.3,604.8,743.6,573.6,743.6,0
816,41,player,0,6.2,940.1,95.3,1189.2,50.8,1189.2,0
816,52,player,0,2131.3,376.8,2188.6,528.4,2160.0,528.4,0
816,65,player,1,215.8,381.2,262.6,529.9,239.2,529.9,0
816,66,player,1,2428.9,447.9,2499.3,604.5,2464.1,604.5,0
816,67,player,1,1547.9,505.1,1624.6,657.9,1586.2,657.9,0
816,68,player,1,2604.6,762.8,2684.1,978.8,2644.4,978.8,0
816,70,player,0,2825.6,1010.0,2879.1,1140.8,2852.4,1140.8,0
817,-1,ball,-1,1257.2,598.7,1269.2,610.7,1263.2,604.7,0
817,4,player,1,1594.6,681.6,1666.6,893.7,1630.6,893.7,0
817,5,player,1,1290.6,836.4,1376.2,1061.4,1333.4,1061.4,0
817,24,player,0,663.6,791.7,755.4,1012.2,709.5,1012.2,0
817,27,player,0,1369.3,706.6,1463.2,921.3,1416.2,921.3,0
817,32,player,1,981.4,550.5,1044.5,680.1,1013.0,680.1,0
817,33,player,1,936.9,637.6,999.4,831.9,968.2,831.9,0
817,36,player,0,1208.5,471.4,1246.2,623.5,1227.4,623.5,1
817,40,player,0,542.3,568.2,604.9,743.6,573.6,743.6,0
817,41,player,0,6.2,940.1,95.4,1189.2,50.8,1189.2,0
817,52,player,0,2131.3,376.8,2188.7,528.4,2160.0,528.4,0
817,65,player,1,215.8,381.2,262.6,529.9,239.2,529.9,0
817,66,player,1,2428.9,447.9,2499.3,604.5,2464.1,604.5,0
817,67,player,1,1547.9,505.1,1624.7,657.9,1586.3,657.9,0
817,68,player,1,2604.6,762.8,2684.1,978.8,2644.4,978.8,0
817,70,player,0,2825.6,1009.9,2879.1,1140.8,2852.4,1140.8,0
818,-1,ball,-1,1247.6,598.3,1259.6,610.3,1253.6,604.3,0
818,4,player,1,1588.0,682.5,1661.1,891.5,1624.6,891.5,0
818,5,player,1,1282.5,840.1,1364.2,1061.3,1323.4,1061.3,0
818,24,player,0,652.2,793.9,749.9,1015.3,701.0,1015.3,0
818,27,player,0,1357.9,707.4,1451.0,922.6,1404.4,922.6,0
818,32,player,1,976.3,546.6,1049.4,691.7,1012.8,691.7,0
818,33,player,1,930.0,640.7,996.6,834.0,963.3,834.0,0
818,36,player,0,1199.9,471.8,1241.4,624.2,1220.6,624.2,1
818,40,player,0,531.8,571.4,593.5,744.0,562.6,744.0,0
818,41,player,0,0.1,937.3,78.2,1193.5,39.2,1193.5,0
818,52,player,0,2119.3,376.7,2173.4,530.5,2146.4,530.5,0
818,65,player,1,205.4,378.5,251.7,533.4,228.6,533.4,0
818,66,player,1,2419.5,451.1,2490.6,605.6,2455.0,605.6,0
818,67,player,1,1538.6,502.1,1614.3,655.6,1576.4,655.6,0
818,68,player,1,2591.5,759.5,2672.4,980.2,2632.0,980.2,0
818,70,player,0,2815.8,1008.8,2879.1,1209.5,2847.4,1209.5,0
819,-1,ball,-1,1247.6,598.3,1259.6,610.3,1253.6,604.3,0
819,4,player,1,1588.0,682.5,1661.1,891.5,1624.6,891.5,0
819,5,player,1,1282.5,840.1,1364.2,1061.3,1323.4,1061.3,0
819,24,player,0,652.2,793.9,749.9,1015.3,701.0,1015.3,0
819,27,player,0,1357.9,707.4,1451.0,922.6,1404.4,922.6,0
819,32,player,1,976.3,546.6,1049.4,691.8,1012.8,691.8,0
819,33,player,1,930.0,640.7,996.6,834.0,963.3,834.0,0
819,36,player,0,1199.9,471.8,1241.4,624.2,1220.6,624.2,1
819,40,player,0,531.7,571.2,593.6,744.3,562.7,744.3,0
819,41,player,0,0.1,937.3,78.2,1193.5,39.2,1193.5,0
819,52,player,0,2119.3,376.7,2173.4,530.5,2146.4,530.5,0
819,65,player,1,205.4,378.5,251.7,533.4,228.6,533.4,0
819,66,player,1,2419.5,451.1,2490.6,605.6,2455.0,605.6,0
819,67,player,1,1538.5,502.1,1614.4,655.5,1576.4,655.5,0
819,68,player,1,2591.3,760.7,2672.0,980.5,2631.6,980.5,0
819,70,player,0,2815.8,1008.8,2879.1,1209.5,2847.4,1209.5,0
820,-1,ball,-1,1247.5,598.3,1259.5,610.3,1253.5,604.3,0
820,4,player,1,1588.0,682.5,1661.1,891.4,1624.6,891.4,0
820,5,player,1,1282.5,840.1,1364.2,1061.3,1323.4,1061.3,0
820,24,player,0,652.2,793.9,749.9,1015.3,701.0,1015.3,0
820,27,player,0,1358.0,707.4,1450.9,922.6,1404.4,922.6,0
820,32,player,1,976.3,546.7,1049.4,691.8,1012.8,691.8,0
820,33,player,1,930.0,640.7,996.7,834.1,963.4,834.1,0
820,36,player,0,1199.9,471.8,1241.4,624.1,1220.6,624.1,1
820,40,player,0,531.8,571.4,593.5,744.2,562.6,744.2,0
820,41,player,0,0.1,937.3,78.2,1193.5,39.2,1193.5,0
820,52,player,0,2119.3,376.7,2173.4,530.5,2146.4,530.5,0
820,65,player,1,205.4,378.5,251.7,533.4,228.6,533.4,0
820,66,player,1,2419.5,451.1,2490.7,605.6,2455.1,605.6,0
820,67,player,1,1538.4,502.1,1614.4,655.6,1576.4,655.6,0
820,68,player,1,2591.4,760.6,2672.0,980.5,2631.7,980.5,0
820,70,player,0,2815.8,1008.8,2879.1,1209.5,2847.4,1209.5,0
821,-1,ball,-1,1247.6,598.3,1259.6,610.3,1253.6,604.3,0
821,4,player,1,1588.0,682.5,1661.1,891.5,1624.6,891.5,0
821,5,player,1,1282.6,840.0,1364.2,1061.3,1323.4,1061.3,0
821,24,player,0,652.2,793.8,749.9,1015.3,701.0,1015.3,0
821,27,player,0,1357.9,707.4,1451.4,922.6,1404.6,922.6,0
821,32,player,1,976.3,546.7,1049.4,691.8,1012.8,691.8,0
821,33,player,1,930.0,640.7,996.7,834.0,963.4,834.0,0
821,36,player,0,1199.9,471.8,1241.4,624.1,1220.6,624.1,1
821,40,player,0,531.7,571.3,593.5,744.3,562.6,744.3,0
821,41,player,0,0.1,937.3,78.2,1193.4,39.2,1193.4,0
821,52,player,0,2119.3,376.7,2173.4,530.5,2146.4,530.5,0
821,65,player,1,205.4,378.5,251.7,533.4,228.6,533.4,0
821,66,player,1,2419.5,451.1,2490.6,605.6,2455.0,605.6,0
821,67,player,1,1538.4,502.1,1614.4,655.7,1576.4,655.7,0
821,68,player,1,2591.2,760.6,2672.1,980.4,2631.6,980.4,0
821,70,player,0,2815.8,1008.8,2879.1,1209.3,2847.4,1209.3,0
822,-1,ball,-1,1237.8,600.4,1249.8,612.4,1243.8,606.4,0
822,4,player,1,1582.4,685.3,1656.9,890.9,1619.6,890.9,0
822,5,player,1,1272.5,840.7,1352.6,1064.3,1312.6,1064.3,0
822,24,player,0,644.4,793.8,744.5,1016.6,694.4,1016.6,0
822,27,player,0,1348.0,710.6,1439.8,924.6,1393.9,924.6,0
822,32,player,1,972.9,548.2,1071.5,705.5,1022.2,705.5,0
822,33,player,1,921.3,643.8,990.8,835.1,956.0,835.1,0
822,36,player,0,1189.2,474.4,1241.2,626.1,1215.2,626.1,1
822,40,player,0,519.3,573.9,584.6,746.2,552.0,746.2,0
822,41,player,0,0.1,933.3,60.1,1195.6,30.1,1195.6,0
822,52,player,0,2108.6,373.0,2161.0,530.3,2134.8,530.3,0
822,65,player,1,193.4,382.8,239.7,533.2,216.6,533.2,0
822,66,player,1,2410.0,457.5,2477.1,608.4,2443.6,608.4,0
822,67,player,1,1527.1,503.5,1597.4,655.1,1562.2,655.1,0
822,68,player,1,2570.5,760.2,2659.4,983.8,2615.0,983.8,0
823,-1,ball,-1,1227.0,602.7,1239.0,614.7,1233.0,608.7,0
823,4,player,1,1575.9,691.5,1648.9,896.2,1612.4,896.2,0
823,5,player,1,1261.1,840.2,1341.7,1068.4,1301.4,1068.4,0
823,24,player,0,634.5,793.7,736.0,1016.5,685.2,1016.5,0
823,27,player,0,1335.4,712.2,1429.0,926.3,1382.2,926.3,0
823,32,player,1,969.9,549.6,1083.7,706.9,1026.8,706.9,0
823,33,player,1,912.1,646.6,984.8,835.4,948.4,835.4,0
823,36,player,0,1179.3,475.9,1241.2,627.5,1210.2,627.5,1
823,40,player,0,510.1,575.5,576.6,748.2,543.4,748.2,0
823,52,player,0,2095.9,376.1,2152.7,531.6,2124.3,531.6,0
823,65,player,1,181.5,385.9,227.5,535.4,204.5,535.4,0
823,66,player,1,2398.5,458.6,2464.7,610.5,2431.6,610.5,0
823,67,player,1,1512.8,503.2,1598.6,654.0,1555.7,654.0,0
823,68,player,1,2560.6,760.3,2649.4,984.8,2605.0,984.8,0
824,-1,ball,-1,1227.1,602.7,1239.1,614.7,1233.1,608.7,0
824,4,player,1,1575.6,691.5,1648.9,896.1,1612.2,896.1,0
824,5,player,1,1261.1,840.2,1341.7,1068.4,1301.4,1068.4,0
824,24,player,0,634.5,793.6,736.0,1016.5,685.2,1016.5,0
824,27,player,0,1335.4,712.2,1429.0,926.4,1382.2,926.4,0
824,32,player,1,970.0,549.6,1083.7,707.0,1026.8,707.0,0
824,33,player,1,912.1,646.6,984.8,835.5,948.4,835.5,0
824,36,player,0,1179.3,475.8,1241.2,627.6,1210.2,627.6,1
824,40,player,0,510.1,575.5,576.6,748.2,543.4,748.2,0
824,41,player,0,0.2,929.4,41.6,1194.2,20.9,1194.2,0
824,52,player,0,2095.9,376.1,2152.8,531.3,2124.4,531.3,0
824,65,player,1,181.5,386.4,227.6,535.4,204.6,535.4,0
824,66,player,1,2398.5,458.6,2464.7,610.5,2431.6,610.5,0
824,67,player,1,1512.8,503.2,1598.6,654.0,1555.7,654.0,0
824,68,player,1,2560.5,760.3,2649.3,984.8,2604.9,984.8,0
825,-1,ball,-1,1227.1,602.7,1239.1,614.7,1233.1,608.7,0
825,4,player,1,1575.9,691.5,1649.0,896.1,1612.4,896.1,0
825,5,player,1,1261.1,840.2,1341.7,1068.4,1301.4,1068.4,0
825,24,player,0,634.5,793.6,736.0,1016.4,685.2,1016.4,0
825,27,player,0,1335.4,712.3,1429.0,926.4,1382.2,926.4,0
825,32,player,1,970.0,549.5,1083.8,707.0,1026.9,707.0,0
825,33,player,1,912.1,646.6,984.8,835.5,948.4,835.5,0
825,36,player,0,1179.3,475.9,1241.2,627.5,1210.2,627.5,1
825,40,player,0,510.0,575.5,576.6,748.2,543.3,748.2,0
825,41,player,0,0.2,929.4,41.6,1194.2,20.9,1194.2,0
825,52,player,0,2095.9,376.1,2152.7,531.3,2124.3,531.3,0
825,65,player,1,181.5,386.6,227.6,535.4,204.6,535.4,0
825,66,player,1,2398.5,458.6,2464.7,610.5,2431.6,610.5,0
825,67,player,1,1512.8,503.2,1598.7,654.0,1555.8,654.0,0
825,68,player,1,2560.5,760.3,2649.4,984.8,2605.0,984.8,0
825,70,player,0,2810.2,970.8,2879.2,1229.5,2844.7,1229.5,0
826,-1,ball,-1,1218.4,601.6,1230.4,613.6,1224.4,607.6,0
826,4,player,1,1569.6,694.6,1643.5,897.2,1606.6,897.2,0
826,5,player,1,1251.5,837.9,1330.9,1069.1,1291.2,1069.1,0
826,24,player,0,628.5,793.8,720.4,1016.7,674.4,1016.7,0
826,27,player,0,1324.8,714.5,1417.9,929.6,1371.4,929.6,0
826,32,player,1,983.8,551.2,1083.8,706.2,1033.8,706.2,0
826,33,player,1,904.3,648.6,974.5,837.2,939.4,837.2,0
826,36,player,0,1168.8,475.4,1236.9,625.9,1202.8,625.9,1
826,40,player,0,500.6,570.2,565.4,745.7,533.0,745.7,0
826,52,player,0,2083.8,378.1,2148.2,532.3,2116.0,532.3,0
826,65,player,1,169.9,394.0,215.2,536.3,192.6,536.3,0
826,66,player,1,2384.0,457.1,2444.3,611.2,2414.2,611.2,0
826,67,player,1,1493.6,504.7,1589.5,657.5,1541.6,657.5,0
826,68,player,1,2551.3,763.2,2637.8,983.5,2594.6,983.5,0
826,70,player,0,2808.0,971.7,2879.2,1218.3,2843.6,1218.3,0
827,-1,ball,-1,1218.4,601.6,1230.4,613.6,1224.4,607.6,0
827,4,player,1,1569.6,694.6,1643.5,897.2,1606.6,897.2,0
827,5,player,1,1251.5,837.9,1330.9,1069.1,1291.2,1069.1,0
827,24,player,0,628.6,793.9,720.4,1016.7,674.5,1016.7,0
827,27,player,0,1324.8,714.5,1417.9,929.7,1371.4,929.7,0
827,32,player,1,983.9,551.2,1083.8,706.3,1033.8,706.3,0
827,33,player,1,904.3,648.6,974.5,837.2,939.4,837.2,0
827,36,player,0,1168.8,475.4,1236.9,626.2,1202.8,626.2,1
827,40,player,0,500.5,570.0,565.5,745.8,533.0,745.8,0
827,52,player,0,2083.8,378.1,2147.9,532.3,2115.9,532.3,0
827,65,player,1,169.9,394.0,215.2,536.3,192.6,536.3,0
827,66,player,1,2384.0,457.1,2444.4,611.2,2414.2,611.2,0
827,67,player,1,1493.5,504.7,1589.5,657.5,1541.5,657.5,0
827,68,player,1,2550.9,763.3,2638.4,983.3,2594.6,983.3,0
827,70,player,0,2807.6,973.7,2879.4,1217.5,2843.5,1217.5,0
827,71,player,1,0.1,966.5,25.5,1177.6,12.8,1177.6,0
828,-1,ball,-1,1206.5,603.0,1218.5,615.0,1212.5,609.0,0
828,4,player,1,1563.3,692.3,1637.4,900.0,1600.4,900.0,0
828,5,player,1,1242.3,836.0,1320.4,1067.3,1281.4,1067.3,0
828,24,player,0,622.0,793.5,706.9,1017.7,664.4,1017.7,0
828,27,player,0,1312.0,715.5,1405.7,934.3,1358.8,934.3,0
828,32,player,1,989.6,552.9,1074.0,709.5,1031.8,709.5,0
828,33,player,1,897.4,648.4,968.4,838.5,932.9,838.5,0
828,36,player,0,1160.1,475.4,1231.2,627.5,1195.6,627.5,1
828,40,player,0,491.5,569.5,559.3,748.1,525.4,748.1,0
828,52,player,0,2068.5,383.0,2121.2,537.6,2094.8,537.6,0
828,65,player,1,157.0,387.3,203.0,539.1,180.0,539.1,0
828,66,player,1,2370.8,455.1,2432.8,612.6,2401.8,612.6,0
828,67,player,1,1478.6,506.5,1578.6,659.0,1528.6,659.0,0
828,68,player,1,2545.1,766.3,2627.0,974.9,2586.0,974.9,0
828,70,player,0,2806.3,971.1,2879.2,1222.4,2842.8,1222.4,0
829,-1,ball,-1,1206.5,602.9,1218.5,614.9,1212.5,608.9,0
829,4,player,1,1563.3,692.3,1637.4,900.1,1600.4,900.1,0
829,5,player,1,1242.4,836.0,1320.4,1067.3,1281.4,1067.3,0
829,24,player,0,622.0,793.5,706.9,1017.7,664.4,1017.7,0
829,27,player,0,1312.0,715.5,1405.7,934.3,1358.8,934.3,0
829,32,player,1,989.6,552.9,1074.0,709.3,1031.8,709.3,0
829,33,player,1,897.6,648.4,968.3,838.3,933.0,838.3,0
829,36,player,0,1160.1,475.4,1231.2,627.5,1195.6,627.5,1
829,40,player,0,491.4,569.5,559.3,748.1,525.3,748.1,0
829,52,player,0,2068.5,383.0,2121.2,537.6,2094.8,537.6,0
829,65,player,1,157.0,387.2,203.0,539.1,180.0,539.1,0
829,66,player,1,2370.8,455.1,2432.6,612.7,2401.7,612.7,0
829,67,player,1,1478.6,506.5,1578.6,659.0,1528.6,659.0,0
829,68,player,1,2545.0,766.4,2627.0,974.9,2586.0,974.9,0
829,70,player,0,2806.3,971.1,2879.2,1222.4,2842.8,1222.4,0
830,-1,ball,-1,1206.6,603.0,1218.6,615.0,1212.6,609.0,0
830,4,player,1,1563.3,692.3,1637.4,900.1,1600.4,900.1,0
830,5,player,1,1242.3,836.0,1320.4,1067.4,1281.4,1067.4,0
830,24,player,0,622.0,793.6,706.9,1017.7,664.4,1017.7,0
830,27,player,0,1312.0,715.5,1405.7,934.4,1358.8,934.4,0
830,32,player,1,989.6,553.0,1074.0,709.4,1031.8,709.4,0
830,33,player,1,897.5,648.4,968.3,838.4,932.9,838.4,0
830,36,player,0,1160.1,475.4,1231.2,627.5,1195.6,627.5,1
830,40,player,0,491.5,570.0,559.2,748.1,525.4,748.1,0
830,52,player,0,2068.5,383.0,2121.2,537.6,2094.8,537.6,0
830,65,player,1,157.0,387.2,203.0,539.1,180.0,539.1,0
830,66,player,1,2370.9,455.1,2432.8,612.6,2401.9,612.6,0
830,67,player,1,1478.6,506.4,1578.6,659.0,1528.6,659.0,0
830,68,player,1,2545.0,766.4,2626.9,974.8,2586.0,974.8,0
830,70,player,0,2806.2,971.2,2879.2,1222.4,2842.7,1222.4,0
831,-1,ball,-1,1196.4,603.8,1208.4,615.8,1202.4,609.8,0
831,4,player,1,1558.1,690.9,1632.3,902.1,1595.2,902.1,0
831,5,player,1,1233.2,835.2,1311.9,1072.5,1272.6,1072.5,0
831,24,player,0,609.9,795.4,696.5,1020.4,653.2,1020.4,0
831,27,player,0,1300.7,717.3,1394.7,934.9,1347.7,934.9,0
831,32,player,1,1004.1,553.0,1071.9,712.8,1038.0,712.8,0
831,33,player,1,888.8,646.6,962.2,840.5,925.5,840.5,0
831,36,player,0,1152.2,476.3,1221.5,627.6,1186.8,627.6,1
831,40,player,0,481.7,568.3,552.8,747.3,517.2,747.3,0
831,52,player,0,2048.8,390.3,2107.8,535.5,2078.3,535.5,0
831,65,player,1,143.4,392.0,188.7,541.0,166.0,541.0,0
831,66,player,1,2355.2,453.2,2424.2,610.2,2389.7,610.2,0
831,67,player,1,1466.7,509.3,1555.3,660.6,1511.0,660.6,0
831,68,player,1,2537.1,768.7,2617.5,976.6,2577.3,976.6,0
831,70,player,0,2802.8,972.6,2879.2,1223.7,2841.0,1223.7,0
832,-1,ball,-1,1196.4,603.8,1208.4,615.8,1202.4,609.8,0
832,4,player,1,1558.0,690.9,1632.3,902.1,1595.2,902.1,0
832,5,player,1,1233.2,835.2,1312.0,1072.2,1272.6,1072.2,0
832,24,player,0,609.8,795.4,696.5,1020.4,653.2,1020.4,0
832,27,player,0,1300.7,717.3,1394.7,935.0,1347.7,935.0,0
832,32,player,1,1004.0,553.0,1072.1,712.9,1038.0,712.9,0
832,33,player,1,888.8,646.6,962.3,840.5,925.6,840.5,0
832,36,player,0,1152.2,476.4,1221.5,627.6,1186.8,627.6,1
832,40,player,0,481.7,568.5,552.8,747.5,517.2,747.5,0
832,52,player,0,2048.8,390.3,2108.0,535.5,2078.4,535.5,0
832,65,player,1,143.3,392.1,188.7,540.9,166.0,540.9,0
832,66,player,1,2355.2,453.2,2424.2,610.1,2389.7,610.1,0
832,67,player,1,1466.6,509.3,1556.1,660.6,1511.4,660.6,0
832,68,player,1,2537.1,768.7,2617.5,976.5,2577.3,976.5,0
832,70,player,0,2803.0,972.6,2879.2,1223.7,2841.1,1223.7,0
833,-1,ball,-1,1183.6,606.2,1195.6,618.2,1189.6,612.2,0
833,4,player,1,1554.7,688.4,1628.9,904.8,1591.8,904.8,0
833,5,player,1,1223.8,835.5,1301.6,1074.4,1262.7,1074.4,0
833,24,player,0,600.7,796.0,688.9,1023.3,644.8,1023.3,0
833,27,player,0,1289.2,717.5,1383.1,935.5,1336.2,935.5,0
833,32,player,1,1000.7,548.8,1071.9,713.9,1036.3,713.9,0
833,33,player,1,881.0,645.1,952.7,841.2,916.8,841.2,0
833,36,player,0,1141.5,476.2,1208.0,628.2,1174.8,628.2,1
833,40,player,0,472.6,568.1,544.7,745.6,508.6,745.6,0
833,52,player,0,2028.0,400.0,2093.7,537.1,2060.8,537.1,0
833,65,player,1,131.3,387.5,176.7,542.3,154.0,542.3,0
833,66,player,1,2339.9,450.9,2410.8,612.2,2375.4,612.2,0
833,67,player,1,1455.3,510.4,1557.4,662.3,1506.4,662.3,0
833,68,player,1,2529.3,770.5,2608.0,976.6,2568.6,976.6,0
833,70,player,0,2799.5,972.7,2879.2,1224.6,2839.4,1224.6,0
834,-1,ball,-1,1183.6,606.2,1195.6,618.2,1189.6,612.2,0
834,4,player,1,1554.7,688.3,1629.0,904.8,1591.8,904.8,0
834,5,player,1,1223.8,835.5,1301.6,1074.5,1262.7,1074.5,0
834,24,player,0,600.7,796.0,688.9,1023.3,644.8,1023.3,0
834,27,player,0,1289.2,717.5,1383.1,935.5,1336.2,935.5,0
834,32,player,1,1000.7,548.8,1071.9,713.9,1036.3,713.9,0
834,33,player,1,881.0,645.1,952.7,841.2,916.8,841.2,0
834,36,player,0,1141.6,476.2,1208.0,628.3,1174.8,628.3,1
834,40,player,0,472.7,568.1,544.7,745.6,508.7,745.6,0
834,52,player,0,2028.0,400.0,2093.7,537.2,2060.8,537.2,0
834,65,player,1,131.3,387.5,176.6,542.3,154.0,542.3,0
834,66,player,1,2339.9,450.9,2410.8,612.1,2375.4,612.1,0
834,67,player,1,1455.3,510.5,1557.4,662.3,1506.4,662.3,0
834,68,player,1,2529.3,770.5,2608.0,976.6,2568.6,976.6,0
834,70,player,0,2799.5,972.7,2879.2,1224.6,2839.4,1224.6,0
835,-1,ball,-1,1183.6,606.2,1195.6,618.2,1189.6,612.2,0
835,4,player,1,1554.7,688.3,1629.0,904.8,1591.8,904.8,0
835,5,player,1,1223.8,835.5,1301.6,1074.4,1262.7,1074.4,0
835,24,player,0,600.7,796.0,688.9,1023.3,644.8,1023.3,0
835,27,player,0,1289.2,717.5,1383.1,935.5,1336.2,935.5,0
835,32,player,1,1000.7,548.8,1071.9,713.9,1036.3,713.9,0
835,33,player,1,881.0,645.1,952.7,841.2,916.8,841.2,0
835,36,player,0,1141.6,476.2,1208.0,628.2,1174.8,628.2,1
835,40,player,0,472.7,568.1,544.7,745.6,508.7,745.6,0
835,52,player,0,2028.0,400.0,2093.7,537.2,2060.8,537.2,0
835,65,player,1,131.3,387.5,176.6,542.3,154.0,542.3,0
835,66,player,1,2339.8,450.9,2410.8,612.1,2375.3,612.1,0
835,67,player,1,1455.3,510.5,1557.4,662.3,1506.4,662.3,0
835,68,player,1,2529.3,770.5,2608.0,976.6,2568.6,976.6,0
835,70,player,0,2799.5,972.7,2879.2,1224.6,2839.4,1224.6,0
836,-1,ball,-1,2180.6,482.4,2192.6,494.4,2186.6,488.4,0
836,4,player,1,1551.2,689.8,1627.7,901.4,1589.4,901.4,0
836,5,player,1,1213.6,838.1,1292.4,1076.0,1253.0,1076.0,0
836,24,player,0,587.1,798.5,678.7,1027.5,632.9,1027.5,0
836,27,player,0,1277.0,717.6,1371.8,935.9,1324.4,935.9,0
836,32,player,1,1000.0,542.9,1071.4,712.8,1035.7,712.8,0
836,33,player,1,874.2,643.9,945.1,842.1,909.6,842.1,0
836,36,player,0,1132.9,475.9,1195.7,630.2,1164.3,630.2,0
836,40,player,0,463.5,573.8,536.7,743.2,500.1,743.2,0
836,52,player,0,2005.6,402.5,2082.1,538.9,2043.8,538.9,0
836,65,player,1,118.5,388.1,165.5,544.4,142.0,544.4,0
836,66,player,1,2324.9,451.8,2396.7,606.6,2360.8,606.6,0
836,67,player,1,1447.7,510.9,1545.6,661.2,1496.6,661.2,0
836,68,player,1,2520.0,769.0,2600.4,978.6,2560.2,978.6,0
836,70,player,0,2795.0,974.9,2879.1,1228.2,2837.0,1228.2,0
837,-1,ball,-1,2180.6,482.4,2192.6,494.4,2186.6,488.4,0
837,4,player,1,1551.3,689.9,1627.3,901.3,1589.3,901.3,0
837,5,player,1,1213.6,838.0,1292.4,1076.0,1253.0,1076.0,0
837,24,player,0,587.0,798.5,678.7,1027.5,632.8,1027.5,0
837,27,player,0,1276.8,717.6,1371.8,935.9,1324.3,935.9,0
837,32,player,1,1000.0,542.9,1071.4,712.8,1035.7,712.8,0
837,33,player,1,874.0,643.9,945.1,842.1,909.6,842.1,0
837,36,player,0,1132.9,475.9,1195.7,630.2,1164.3,630.2,0
837,40,player,0,463.5,573.8,536.7,743.3,500.1,743.3,0
837,52,player,0,2005.6,402.5,2082.1,539.0,2043.8,539.0,0
837,65,player,1,118.5,388.2,165.5,544.4,142.0,544.4,0
837,66,player,1,2324.8,451.8,2396.7,606.6,2360.8,606.6,0
837,67,player,1,1447.7,510.9,1545.7,661.2,1496.7,661.2,0
837,68,player,1,2520.0,769.1,2600.4,978.6,2560.2,978.6,0
837,70,player,0,2795.0,974.9,2879.1,1228.2,2837.0,1228.2,0
838,-1,ball,-1,2174.9,483.2,2186.9,495.2,2180.9,489.2,0
838,4,player,1,1545.4,688.6,1627.9,903.0,1586.6,903.0,0
838,5,player,1,1203.0,840.6,1283.9,1077.6,1243.4,1077.6,0
838,24,player,0,577.0,801.1,671.3,1029.0,624.2,1029.0,0
838,27,player,0,1267.6,717.8,1360.6,935.3,1314.1,935.3,0
838,32,player,1,1000.2,539.2,1073.1,712.8,1036.6,712.8,0
838,33,player,1,865.8,643.6,937.6,840.1,901.7,840.1,0
838,36,player,0,1124.1,474.9,1187.8,631.4,1155.9,631.4,0
838,40,player,0,455.6,572.1,533.4,746.0,494.5,746.0,0
838,52,player,0,1988.9,401.8,2074.0,540.2,2031.4,540.2,0
838,65,player,1,105.4,388.6,153.3,545.3,129.4,545.3,0
838,66,player,1,2318.2,452.7,2383.2,605.7,2350.7,605.7,0
838,67,player,1,1444.3,510.4,1535.9,663.3,1490.1,663.3,0
838,68,player,1,2511.3,766.7,2592.9,979.5,2552.1,979.5,0
838,70,player,0,2791.0,976.1,2879.0,1230.6,2835.0,1230.6,0
839,-1,ball,-1,2174.9,483.2,2186.9,495.2,2180.9,489.2,0
839,4,player,1,1545.4,688.6,1628.0,903.0,1586.7,903.0,0
839,5,player,1,1203.0,840.7,1283.9,1077.6,1243.4,1077.6,0
839,24,player,0,577.0,801.1,671.3,1029.0,624.2,1029.0,0
839,27,player,0,1266.4,718.0,1361.0,935.3,1313.7,935.3,0
839,32,player,1,1000.2,539.2,1073.2,712.5,1036.7,712.5,0
839,33,player,1,865.7,643.4,937.7,839.9,901.7,839.9,0
839,36,player,0,1124.1,474.9,1187.8,631.4,1155.9,631.4,0
839,40,player,0,455.7,572.2,533.3,745.9,494.5,745.9,0
839,52,player,0,1988.9,401.8,2074.0,540.2,2031.4,540.2,0
839,65,player,1,105.4,388.7,153.3,545.2,129.4,545.2,0
839,66,player,1,2318.2,452.7,2383.2,605.7,2350.7,605.7,0
839,67,player,1,1444.3,510.4,1535.8,663.3,1490.0,663.3,0
839,68,player,1,2511.2,766.6,2593.0,979.5,2552.1,979.5,0
839,70,player,0,2791.0,976.1,2879.0,1230.6,2835.0,1230.6,0
840,-1,ball,-1,1594.8,883.0,1606.8,895.0,1600.8,889.0,0
840,4,player,1,1538.8,689.4,1629.5,906.3,1584.2,906.3,1
840,5,player,1,1194.6,845.0,1273.2,1075.0,1233.9,1075.0,0
840,24,player,0,566.4,802.4,664.2,1031.4,615.3,1031.4,0
840,27,player,0,1255.8,716.3,1353.6,934.9,1304.7,934.9,0
840,32,player,1,1002.1,539.4,1081.8,704.4,1042.0,704.4,0
840,33,player,1,857.5,645.8,927.9,844.5,892.7,844.5,0
840,36,player,0,1115.7,478.1,1176.4,630.3,1146.1,630.3,0
840,40,player,0,446.0,575.0,524.5,746.8,485.2,746.8,0
840,52,player,0,1976.8,403.3,2067.5,541.4,2022.2,541.4,0
840,65,player,1,93.0,392.4,138.8,546.1,115.9,546.1,0
840,66,player,1,2307.9,454.6,2369.5,605.6,2338.7,605.6,0
840,67,player,1,1439.7,508.4,1527.1,661.5,1483.4,661.5,0
840,68,player,1,2502.8,763.7,2585.1,980.7,2544.0,980.7,0
840,70,player,0,2788.1,978.4,2877.0,1233.4,2832.6,1233.4,0
841,-1,ball,-1,1594.8,882.9,1606.8,894.9,1600.8,888.9,0
841,4,player,1,1538.4,689.3,1629.5,906.3,1584.0,906.3,1
841,5,player,1,1194.6,845.0,1273.2,1074.9,1233.9,1074.9,0
841,24,player,0,566.4,802.6,664.2,1031.3,615.3,1031.3,0
841,27,player,0,1255.8,716.3,1353.5,934.8,1304.6,934.8,0
841,32,player,1,1002.2,539.3,1081.8,704.4,1042.0,704.4,0
841,33,player,1,857.5,645.8,927.8,844.4,892.6,844.4,0
841,36,player,0,1115.7,478.1,1176.4,630.3,1146.1,630.3,0
841,40,player,0,445.9,574.8,524.6,746.8,485.2,746.8,0
841,52,player,0,1976.8,403.2,2067.6,541.3,2022.2,541.3,0
841,65,player,1,93.0,392.4,138.8,546.1,115.9,546.1,0
841,66,player,1,2307.9,454.7,2369.4,605.6,2338.6,605.6,0
841,67,player,1,1439.7,508.4,1527.1,661.5,1483.4,661.5,0
841,68,player,1,2502.8,763.6,2585.1,980.7,2544.0,980.7,0
841,70,player,0,2788.1,978.4,2877.0,1233.4,2832.6,1233.4,0
841,72,player,1,2861.6,669.1,2879.4,874.0,2870.5,874.0,0
842,-1,ball,-1,2160.6,485.4,2172.6,497.4,2166.6,491.4,0
842,4,player,1,1533.5,691.1,1628.3,906.2,1580.9,906.2,0
842,5,player,1,1185.7,845.4,1264.7,1073.0,1225.2,1073.0,0
842,24,player,0,558.7,803.2,655.5,1031.3,607.1,1031.3,0
842,27,player,0,1247.4,715.9,1347.1,937.7,1297.2,937.7,0
842,32,player,1,1002.1,540.2,1086.4,700.2,1044.2,700.2,0
842,33,player,1,849.4,648.2,920.2,842.2,884.8,842.2,0
842,36,player,0,1107.6,477.3,1168.8,627.7,1138.2,627.7,0
842,40,player,0,438.1,574.7,511.4,750.5,474.8,750.5,0
842,52,player,0,1968.1,406.1,2055.8,542.3,2012.0,542.3,0
842,65,player,1,79.9,393.1,128.5,547.2,104.2,547.2,0
842,66,player,1,2298.0,454.2,2357.6,606.1,2327.8,606.1,0
842,67,player,1,1431.9,506.8,1514.4,659.4,1473.2,659.4,0
842,68,player,1,2495.5,761.9,2577.7,983.7,2536.6,983.7,0
842,70,player,0,2782.2,980.9,2867.4,1235.0,2824.8,1235.0,0
842,72,player,1,2854.3,666.0,2879.4,875.0,2866.9,875.0,0
843,-1,ball,-1,2160.6,485.4,2172.6,497.4,2166.6,491.4,0
843,4,player,1,1533.6,691.2,1628.3,906.1,1580.9,906.1,0
843,5,player,1,1185.7,845.4,1264.7,1073.0,1225.2,1073.0,0
843,24,player,0,558.7,803.2,655.5,1031.3,607.1,1031.3,0
843,27,player,0,1247.4,715.9,1347.1,937.7,1297.2,937.7,0
843,32,player,1,1002.1,540.2,1086.4,700.2,1044.2,700.2,0
843,33,player,1,849.4,648.2,920.1,842.2,884.8,842.2,0
843,36,player,0,1107.6,477.3,1168.8,627.7,1138.2,627.7,0
843,40,player,0,438.1,574.6,511.4,750.5,474.8,750.5,0
843,52,player,0,1968.1,406.1,2055.8,542.3,2012.0,542.3,0
843,65,player,1,79.9,393.2,128.5,547.2,104.2,547.2,0
843,66,player,1,2298.0,454.2,2357.6,606.1,2327.8,606.1,0
843,67,player,1,1431.9,506.8,1514.5,659.4,1473.2,659.4,0
843,68,player,1,2495.7,762.0,2577.7,983.8,2536.7,983.8,0
843,70,player,0,2782.2,980.9,2867.4,1235.0,2824.8,1235.0,0
843,72,player,1,2854.5,666.0,2879.4,875.0,2867.0,875.0,0
844,-1,ball,-1,2160.6,485.4,2172.6,497.4,2166.6,491.4,0
844,4,player,1,1533.4,691.1,1628.3,906.2,1580.8,906.2,0
844,5,player,1,1185.7,845.5,1264.7,1073.0,1225.2,1073.0,0
844,24,player,0,558.7,803.3,655.5,1031.3,607.1,1031.3,0
844,27,player,0,1247.5,715.9,1346.7,937.7,1297.1,937.7,0
844,32,player,1,1002.0,540.2,1086.4,700.2,1044.2,700.2,0
844,33,player,1,849.4,648.2,920.2,842.2,884.8,842.2,0
844,36,player,0,1107.6,477.3,1168.8,627.7,1138.2,627.7,0
844,40,player,0,438.1,574.6,511.4,750.6,474.8,750.6,0
844,52,player,0,1968.1,406.1,2055.8,542.3,2012.0,542.3,0
844,65,player,1,79.9,393.2,128.5,547.2,104.2,547.2,0
844,66,player,1,2298.0,454.2,2357.7,606.1,2327.8,606.1,0
844,67,player,1,1431.9,506.9,1514.5,659.4,1473.2,659.4,0
844,68,player,1,2495.8,762.0,2577.3,983.8,2536.6,983.8,0
844,70,player,0,2782.2,980.8,2867.4,1235.0,2824.8,1235.0,0
844,72,player,1,2854.5,666.0,2879.4,874.9,2867.0,874.9,0
845,-1,ball,-1,2156.7,485.8,2168.7,497.8,2162.7,491.8,0
845,4,player,1,1528.6,693.2,1626.5,907.3,1577.6,907.3,0
845,5,player,1,1176.7,844.7,1254.5,1073.9,1215.6,1073.9,0
845,24,player,0,551.6,805.7,648.5,1031.8,600.0,1031.8,0
845,27,player,0,1238.7,716.6,1338.4,938.2,1288.6,938.2,0
845,32,player,1,1003.5,541.5,1087.0,703.5,1045.2,703.5,0
845,33,player,1,841.0,648.9,911.6,841.6,876.3,841.6,0
845,36,player,0,1103.7,483.7,1163.8,625.4,1133.8,625.4,0
845,40,player,0,428.6,574.5,503.0,751.5,465.8,751.5,0
845,52,player,0,1955.6,403.8,2044.5,544.0,2000.0,544.0,0
845,65,player,1,67.8,393.8,114.9,548.6,91.4,548.6,0
845,66,player,1,2287.2,453.0,2342.1,605.2,2314.6,605.2,0
845,67,player,1,1426.5,506.3,1505.1,659.6,1465.8,659.6,0
845,68,player,1,2486.3,759.8,2570.2,984.8,2528.2,984.8,0
845,70,player,0,2777.7,983.0,2862.7,1237.6,2820.2,1237.6,0
845,72,player,1,2850.7,665.8,2879.4,877.6,2865.0,877.6,0
846,-1,ball,-1,2152.7,486.1,2164.7,498.1,2158.7,492.1,0
846,4,player,1,1528.6,693.2,1626.5,907.3,1577.6,907.3,0
846,5,player,1,1176.7,844.7,1254.5,1074.0,1215.6,1074.0,0
846,24,player,0,551.6,805.7,648.5,1031.8,600.0,1031.8,0
846,27,player,0,1238.7,716.6,1338.4,938.2,1288.6,938.2,0
846,32,player,1,1003.5,541.5,1087.0,703.5,1045.2,703.5,0
846,33,player,1,841.0,649.0,911.5,841.6,876.2,841.6,0
846,36,player,0,1103.7,483.6,1163.8,625.4,1133.8,625.4,0
846,40,player,0,428.6,574.5,502.9,751.5,465.8,751.5,0
846,52,player,0,1955.6,403.8,2044.5,544.1,2000.0,544.1,0
846,65,player,1,67.8,393.7,115.0,548.6,91.4,548.6,0
846,66,player,1,2287.2,453.0,2342.1,605.2,2314.6,605.2,0
846,67,player,1,1426.6,506.4,1505.0,659.6,1465.8,659.6,0
846,68,player,1,2486.3,759.8,2570.2,984.7,2528.2,984.7,0
846,70,player,0,2777.7,983.0,2862.7,1237.5,2820.2,1237.5,0
846,72,player,1,2850.7,665.8,2879.4,877.6,2865.0,877.6,0
847,-1,ball,-1,2148.8,486.4,2160.8,498.4,2154.8,492.4,0
847,4,player,1,1523.4,697.2,1624.3,910.6,1573.8,910.6,0
847,5,player,1,1166.9,842.7,1242.5,1075.6,1204.7,1075.6,0
847,24,player,0,547.2,802.5,641.0,1034.1,594.1,1034.1,0
847,27,player,0,1233.3,717.8,1330.6,939.1,1281.9,939.1,0
847,32,player,1,1004.8,543.5,1081.2,702.6,1043.0,702.6,0
847,33,player,1,832.3,650.6,901.2,843.0,866.8,843.0,0
847,36,player,0,1096.9,487.2,1155.9,626.6,1126.4,626.6,0
847,40,player,0,418.9,568.3,488.2,748.0,453.6,748.0,0
847,52,player,0,1940.1,405.0,2022.9,542.9,1981.5,542.9,0
847,65,player,1,53.7,394.5,103.0,550.2,78.4,550.2,0
847,66,player,1,2277.5,452.3,2329.8,606.1,2303.6,606.1,0
847,67,player,1,1419.1,500.1,1497.0,658.2,1458.0,658.2,0
847,68,player,1,2480.4,762.0,2562.9,981.6,2521.6,981.6,0
847,70,player,0,2770.5,985.3,2855.5,1239.9,2813.0,1239.9,0
847,72,player,1,2849.3,664.7,2879.4,878.2,2864.4,878.2,0
848,-1,ball,-1,2148.7,486.5,2160.7,498.5,2154.7,492.5,0
848,4,player,1,1523.2,697.4,1624.9,909.3,1574.1,909.3,0
848,5,player,1,1166.9,842.7,1242.5,1075.6,1204.7,1075.6,0
848,24,player,0,547.2,802.5,641.1,1033.9,594.2,1033.9,0
848,27,player,0,1233.5,717.8,1330.6,939.1,1282.0,939.1,0
848,32,player,1,1004.8,543.5,1081.2,702.6,1043.0,702.6,0
848,33,player,1,832.2,650.6,901.2,843.0,866.7,843.0,0
848,36,player,0,1096.9,487.2,1155.9,626.6,1126.4,626.6,0
848,40,player,0,419.0,568.3,488.2,748.0,453.6,748.0,0
848,52,player,0,1940.2,405.0,2022.9,542.9,1981.6,542.9,0
848,65,player,1,53.7,394.8,103.0,550.2,78.4,550.2,0
848,66,player,1,2277.5,452.3,2329.8,606.1,2303.6,606.1,0
848,67,player,1,1419.1,500.2,1497.0,658.2,1458.0,658.2,0
848,68,player,1,2480.4,762.0,2562.9,981.7,2521.6,981.7,0
848,70,player,0,2770.5,985.3,2855.5,1239.9,2813.0,1239.9,0
848,72,player,1,2849.4,664.8,2879.4,878.2,2864.4,878.2,0
849,-1,ball,-1,2148.7,486.6,2160.7,498.6,2154.7,492.6,0
849,4,player,1,1523.2,697.4,1624.9,909.4,1574.1,909.4,0
849,5,player,1,1166.9,842.7,1242.5,1075.7,1204.7,1075.7,0
849,24,player,0,547.2,802.5,641.0,1034.0,594.1,1034.0,0
849,27,player,0,1233.7,717.8,1330.7,939.1,1282.2,939.1,0
849,32,player,1,1004.8,543.5,1081.2,702.6,1043.0,702.6,0
849,33,player,1,832.1,650.6,901.2,842.9,866.6,842.9,0
849,36,player,0,1096.9,487.2,1155.8,626.6,1126.4,626.6,0
849,40,player,0,418.9,568.3,488.2,747.9,453.6,747.9,0
849,52,player,0,1940.2,405.0,2022.9,542.9,1981.6,542.9,0
849,65,player,1,53.7,394.7,103.0,550.2,78.4,550.2,0
849,66,player,1,2277.5,452.3,2329.8,606.1,2303.6,606.1,0
849,67,player,1,1419.1,500.3,1497.0,658.2,1458.0,658.2,0
849,68,player,1,2480.4,762.0,2562.9,981.5,2521.6,981.5,0
849,70,player,0,2770.5,985.3,2855.5,1239.9,2813.0,1239.9,0
849,72,player,1,2849.4,664.7,2879.4,878.2,2864.4,878.2,0
850,-1,ball,-1,2144.7,487.6,2156.7,499.6,2150.7,493.6,0
850,4,player,1,1514.5,698.4,1623.3,912.9,1568.9,912.9,0
850,5,player,1,1160.8,841.4,1234.8,1076.6,1197.8,1076.6,0
850,24,player,0,544.4,804.8,632.7,1031.8,588.6,1031.8,0
850,27,player,0,1226.2,720.1,1323.2,941.8,1274.7,941.8,0
850,32,player,1,1006.0,543.1,1073.7,704.1,1039.8,704.1,0
850,33,player,1,824.6,650.7,891.9,845.6,858.2,845.6,0
850,36,player,0,1088.9,496.1,1147.7,627.9,1118.3,627.9,0
850,40,player,0,411.3,567.1,481.1,748.5,446.2,748.5,0
850,52,player,0,1922.9,404.3,2000.0,541.9,1961.4,541.9,0
850,65,player,1,41.2,395.7,88.9,551.6,65.1,551.6,0
850,66,player,1,2263.5,450.2,2323.1,609.0,2293.3,609.0,0
850,67,player,1,1411.9,499.1,1489.9,657.2,1450.9,657.2,0
850,68,player,1,2474.1,763.8,2556.3,984.0,2515.2,984.0,0
850,70,player,0,2765.9,984.9,2849.8,1240.9,2807.9,1240.9,0
850,72,player,1,2847.1,664.8,2879.5,879.6,2863.3,879.6,0
851,-1,ball,-1,2140.8,488.6,2152.8,500.6,2146.8,494.6,0
851,4,player,1,1514.4,698.4,1623.3,912.7,1568.8,912.7,0
851,5,player,1,1160.8,841.5,1234.8,1076.5,1197.8,1076.5,0
851,24,player,0,544.4,804.8,632.7,1031.8,588.6,1031.8,0
851,27,player,0,1226.2,720.1,1323.2,941.2,1274.7,941.2,0
851,32,player,1,1006.0,543.1,1073.8,704.1,1039.9,704.1,0
851,33,player,1,824.6,650.7,891.9,845.6,858.2,845.6,0
851,36,player,0,1088.9,496.1,1147.7,627.9,1118.3,627.9,0
851,40,player,0,411.3,567.1,481.1,748.8,446.2,748.8,0
851,52,player,0,1923.1,404.3,2000.1,541.9,1961.6,541.9,0
851,65,player,1,41.2,396.3,88.9,551.6,65.1,551.6,0
851,66,player,1,2263.6,450.2,2323.0,608.9,2293.3,608.9,0
851,67,player,1,1412.0,499.1,1489.9,657.1,1451.0,657.1,0
851,68,player,1,2474.1,763.7,2556.3,984.0,2515.2,984.0,0
851,70,player,0,2765.9,984.9,2849.8,1240.9,2807.9,1240.9,0
851,72,player,1,2847.2,664.8,2879.5,879.6,2863.4,879.6,0
852,-1,ball,-1,2136.8,489.7,2148.8,501.7,2142.8,495.7,0
852,4,player,1,1509.4,698.6,1616.4,915.9,1562.9,915.9,0
852,5,player,1,1153.4,839.7,1224.6,1077.4,1189.0,1077.4,0
852,24,player,0,542.4,805.2,624.8,1032.7,583.6,1032.7,0
852,27,player,0,1217.9,721.5,1314.8,942.8,1266.4,942.8,0
852,32,player,1,1006.1,539.6,1072.6,706.4,1039.4,706.4,0
852,33,player,1,817.6,650.6,881.8,847.9,849.7,847.9,0
852,36,player,0,1080.9,494.3,1140.4,630.1,1110.6,630.1,0
852,40,player,0,402.7,565.4,470.4,748.3,436.6,748.3,0
852,52,player,0,1914.9,402.7,1977.8,545.3,1946.4,545.3,0
852,65,player,1,27.2,395.7,77.2,553.1,52.2,553.1,0
852,66,player,1,2249.8,451.2,2314.8,610.3,2282.3,610.3,0
852,67,player,1,1402.7,500.1,1482.1,657.0,1442.4,657.0,0
852,68,player,1,2467.4,767.7,2550.5,963.7,2509.0,963.7,0
852,70,player,0,2757.5,985.4,2844.4,1244.2,2801.0,1244.2,0
852,72,player,1,2843.3,667.2,2879.2,882.2,2861.2,882.2,0
853,-1,ball,-1,2136.8,489.7,2148.8,501.7,2142.8,495.7,0
853,4,player,1,1509.4,699.0,1616.3,914.0,1562.8,914.0,0
853,5,player,1,1153.4,839.7,1224.6,1077.5,1189.0,1077.5,0
853,24,player,0,542.4,805.2,624.8,1032.7,583.6,1032.7,0
853,27,player,0,1217.9,721.4,1314.8,942.8,1266.4,942.8,0
853,32,player,1,1006.1,539.6,1072.5,706.4,1039.3,706.4,0
853,33,player,1,817.5,650.6,881.8,847.9,849.6,847.9,0
853,36,player,0,1080.9,494.2,1140.4,630.1,1110.6,630.1,0
853,40,player,0,402.8,565.4,470.4,748.4,436.6,748.4,0
853,52,player,0,1915.0,402.8,1977.7,545.4,1946.4,545.4,0
853,65,player,1,27.2,395.6,77.2,553.1,52.2,553.1,0
853,66,player,1,2249.8,451.2,2314.6,610.2,2282.2,610.2,0
853,67,player,1,1402.8,500.1,1482.2,657.0,1442.5,657.0,0
853,68,player,1,2467.7,767.7,2550.5,963.7,2509.1,963.7,0
853,70,player,0,2757.5,985.4,2844.4,1244.4,2801.0,1244.4,0
853,72,player,1,2843.3,667.4,2879.2,882.2,2861.2,882.2,0
854,-1,ball,-1,2130.9,492.2,2142.9,504.2,2136.9,498.2,0
854,4,player,1,1505.7,700.0,1609.5,914.9,1557.6,914.9,0
854,5,player,1,1143.6,842.5,1218.1,1081.0,1180.8,1081.0,0
854,24,player,0,538.1,807.0,615.4,1036.1,576.8,1036.1,0
854,27,player,0,1210.1,725.2,1307.2,947.6,1258.6,947.6,0
854,32,player,1,1004.1,536.8,1071.9,709.9,1038.0,709.9,0
854,33,player,1,810.6,650.0,874.2,849.5,842.4,849.5,0
854,36,player,0,1069.6,497.1,1131.2,632.2,1100.4,632.2,0
854,40,player,0,395.2,566.6,462.6,745.1,428.9,745.1,0
854,52,player,0,1897.3,401.9,1960.4,541.9,1928.8,541.9,0
854,65,player,1,17.0,403.7,66.1,556.5,41.6,556.5,0
854,66,player,1,2239.8,451.0,2300.9,611.9,2270.4,611.9,0
854,67,player,1,1391.6,503.9,1476.4,657.8,1434.0,657.8,0
854,68,player,1,2459.9,771.8,2544.6,977.0,2502.2,977.0,0
854,70,player,0,2752.0,985.9,2840.9,1236.7,2796.4,1236.7,0
854,72,player,1,2840.6,672.0,2879.1,885.0,2859.8,885.0,0
855,-1,ball,-1,2130.9,492.2,2142.9,504.2,2136.9,498.2,0
855,4,player,1,1505.7,700.0,1609.5,914.9,1557.6,914.9,0
855,5,player,1,1143.6,842.5,1218.1,1081.0,1180.8,1081.0,0
855,24,player,0,538.2,807.1,615.4,1036.2,576.8,1036.2,0
855,27,player,0,1210.1,725.2,1307.2,947.6,1258.6,947.6,0
855,32,player,1,1004.1,536.8,1071.8,709.8,1038.0,709.8,0
855,33,player,1,810.5,650.0,874.2,849.5,842.4,849.5,0
855,36,player,0,1069.6,497.1,1131.2,632.2,1100.4,632.2,0
855,40,player,0,395.1,566.6,462.6,745.1,428.8,745.1,0
855,52,player,0,1897.4,402.2,1960.4,541.8,1928.9,541.8,0
855,65,player,1,16.9,403.7,66.1,556.4,41.5,556.4,0
855,66,player,1,2239.7,451.0,2301.8,611.7,2270.8,611.7,0
855,67,player,1,1391.6,503.9,1476.4,657.9,1434.0,657.9,0
855,68,player,1,2459.9,771.8,2544.6,977.0,2502.2,977.0,0
855,70,player,0,2752.0,985.9,2840.9,1236.6,2796.4,1236.6,0
855,72,player,1,2840.7,672.0,2879.1,885.0,2859.9,885.0,0
856,-1,ball,-1,2130.9,492.2,2142.9,504.2,2136.9,498.2,0
856,4,player,1,1505.7,700.0,1609.5,914.9,1557.6,914.9,0
856,5,player,1,1143.4,842.5,1218.1,1081.0,1180.8,1081.0,0
856,24,player,0,538.1,807.1,615.4,1036.1,576.8,1036.1,0
856,27,player,0,1210.1,725.2,1307.2,947.6,1258.6,947.6,0
856,32,player,1,1004.1,536.8,1071.8,709.7,1038.0,709.7,0
856,33,player,1,810.6,650.1,874.2,849.5,842.4,849.5,0
856,36,player,0,1069.6,497.1,1131.3,632.2,1100.4,632.2,0
856,40,player,0,395.2,566.7,462.6,745.1,428.9,745.1,0
856,52,player,0,1897.3,401.9,1960.4,541.7,1928.8,541.7,0
856,65,player,1,17.0,403.7,66.1,556.5,41.6,556.5,0
856,66,player,1,2239.8,451.0,2300.9,611.9,2270.4,611.9,0
856,67,player,1,1391.6,503.9,1476.4,657.9,1434.0,657.9,0
856,68,player,1,2459.9,771.8,2544.4,977.0,2502.2,977.0,0
856,70,player,0,2752.0,985.9,2840.9,1236.5,2796.4,1236.5,0
856,72,player,1,2840.6,672.0,2879.1,885.0,2859.8,885.0,0
857,-1,ball,-1,2126.1,494.4,2138.1,506.4,2132.1,500.4,0
857,4,player,1,1508.1,700.3,1598.0,916.1,1553.0,916.1,0
857,5,player,1,1135.2,844.9,1211.7,1085.2,1173.4,1085.2,0
857,24,player,0,530.2,810.1,609.7,1040.4,570.0,1040.4,0
857,27,player,0,1202.4,727.4,1299.1,948.1,1250.8,948.1,0
857,32,player,1,1002.1,537.2,1083.2,709.9,1042.6,709.9,0
857,33,player,1,803.1,652.0,866.8,851.0,835.0,851.0,0
857,36,player,0,1061.1,494.8,1121.1,635.1,1091.1,635.1,0
857,40,player,0,386.3,566.5,457.9,746.3,422.1,746.3,0
857,52,player,0,1887.7,400.2,1946.3,550.3,1917.0,550.3,0
857,65,player,1,0.9,395.5,54.3,557.9,27.6,557.9,0
857,66,player,1,2227.3,453.6,2288.0,614.3,2257.6,614.3,0
857,67,player,1,1383.3,507.0,1468.8,658.6,1426.0,658.6,0
857,68,player,1,2450.2,775.2,2538.9,984.7,2494.6,984.7,0
857,70,player,0,2745.1,986.0,2837.2,1239.3,2791.1,1239.3,0
857,72,player,1,2836.7,675.6,2879.2,887.4,2858.0,887.4,0
858,-1,ball,-1,2126.1,494.5,2138.1,506.5,2132.1,500.5,0
858,4,player,1,1508.1,700.3,1598.0,916.1,1553.0,916.1,0
858,5,player,1,1135.2,844.9,1211.7,1085.2,1173.4,1085.2,0
858,24,player,0,530.2,810.1,609.7,1040.4,570.0,1040.4,0
858,27,player,0,1202.4,727.4,1299.1,948.0,1250.8,948.0,0
858,32,player,1,1002.1,537.2,1083.1,709.9,1042.6,709.9,0
858,33,player,1,803.0,652.1,866.7,850.9,834.8,850.9,0
858,36,player,0,1061.1,494.8,1121.2,635.1,1091.2,635.1,0
858,40,player,0,386.4,566.5,457.9,746.3,422.2,746.3,0
858,52,player,0,1887.7,400.2,1946.2,550.3,1917.0,550.3,0
858,65,player,1,0.9,395.5,54.3,557.9,27.6,557.9,0
858,66,player,1,2227.3,453.6,2287.9,614.3,2257.6,614.3,0
858,67,player,1,1383.3,507.0,1468.8,658.6,1426.0,658.6,0
858,68,player,1,2450.2,775.3,2538.9,984.7,2494.6,984.7,0
858,70,player,0,2745.1,986.1,2837.2,1239.4,2791.1,1239.4,0
858,72,player,1,2836.7,675.6,2879.2,887.4,2858.0,887.4,0
859,-1,ball,-1,2126.0,494.5,2138.0,506.5,2132.0,500.5,0
859,4,player,1,1508.1,700.3,1598.0,916.1,1553.0,916.1,0
859,5,player,1,1135.2,844.9,1211.7,1085.3,1173.4,1085.3,0
859,24,player,0,530.2,810.0,609.7,1040.4,570.0,1040.4,0
859,27,player,0,1202.4,727.4,1299.1,948.1,1250.8,948.1,0
859,32,player,1,1002.1,537.2,1083.1,709.9,1042.6,709.9,0
859,33,player,1,803.1,652.1,866.6,850.9,834.8,850.9,0
859,36,player,0,1061.1,494.8,1121.2,635.1,1091.2,635.1,0
859,40,player,0,386.3,566.5,457.9,746.3,422.1,746.3,0
859,52,player,0,1887.7,400.2,1946.2,550.3,1917.0,550.3,0
859,65,player,1,0.9,395.5,54.3,557.9,27.6,557.9,0
859,66,player,1,2227.3,453.6,2287.9,614.3,2257.6,614.3,0
859,67,player,1,1383.3,507.0,1468.8,658.6,1426.0,658.6,0
859,68,player,1,2450.2,775.3,2538.8,984.7,2494.5,984.7,0
859,70,player,0,2745.1,986.1,2837.1,1239.3,2791.1,1239.3,0
859,72,player,1,2836.7,675.6,2879.2,887.4,2858.0,887.4,0
860,-1,ball,-1,1543.5,905.1,1555.5,917.1,1549.5,911.1,0
860,4,player,1,1503.9,700.5,1585.8,917.7,1544.8,917.7,1
860,5,player,1,1124.8,848.1,1201.4,1088.5,1163.1,1088.5,0
860,24,player,0,519.8,813.3,602.0,1044.6,560.9,1044.6,0
860,27,player,0,1193.3,730.0,1289.7,950.2,1241.5,950.2,0
860,32,player,1,999.2,537.1,1087.5,704.9,1043.4,704.9,0
860,33,player,1,795.9,654.7,859.2,853.6,827.6,853.6,0
860,36,player,0,1049.3,491.1,1110.0,636.9,1079.6,636.9,0
860,40,player,0,375.3,571.1,444.9,749.9,410.1,749.9,0
860,52,player,0,1883.6,402.2,1931.7,548.9,1907.6,548.9,0
860,65,player,1,0.1,399.3,38.3,560.0,19.2,560.0,0
860,66,player,1,2213.0,454.5,2275.3,615.6,2244.2,615.6,0
860,67,player,1,1372.3,508.3,1463.1,662.4,1417.7,662.4,0
860,68,player,1,2445.6,773.7,2531.3,987.0,2488.4,987.0,0
860,70,player,0,2739.3,984.6,2832.0,1239.5,2785.6,1239.5,0
860,72,player,1,2832.8,680.1,2879.1,890.4,2856.0,890.4,0
861,-1,ball,-1,1543.6,905.1,1555.6,917.1,1549.6,911.1,0
861,4,player,1,1504.0,700.5,1585.8,917.7,1544.9,917.7,1
861,5,player,1,1124.8,848.1,1201.4,1088.5,1163.1,1088.5,0
861,24,player,0,519.8,813.3,602.0,1044.6,560.9,1044.6,0
861,27,player,0,1193.3,730.0,1289.7,950.2,1241.5,950.2,0
861,32,player,1,999.2,537.1,1087.6,704.9,1043.4,704.9,0
861,33,player,1,795.9,654.6,859.2,853.7,827.6,853.7,0
861,36,player,0,1049.3,491.1,1110.0,636.9,1079.6,636.9,0
861,40,player,0,375.3,571.1,444.8,749.9,410.0,749.9,0
861,52,player,0,1883.6,402.2,1931.7,548.9,1907.6,548.9,0
861,65,player,1,0.1,399.3,38.3,560.0,19.2,560.0,0
861,66,player,1,2213.0,454.6,2275.3,615.6,2244.2,615.6,0
861,67,player,1,1372.2,508.3,1463.1,662.4,1417.6,662.4,0
861,68,player,1,2445.6,773.7,2531.3,987.0,2488.4,987.0,0
861,70,player,0,2738.8,984.6,2832.0,1239.7,2785.4,1239.7,0
861,72,player,1,2832.9,680.0,2879.1,890.4,2856.0,890.4,0
862,-1,ball,-1,1489.2,818.1,1501.2,830.1,1495.2,824.1,0
862,4,player,1,1496.1,702.1,1571.5,921.7,1533.8,921.7,1
862,5,player,1,1114.3,852.7,1192.3,1091.1,1153.3,1091.1,0
862,24,player,0,508.4,816.7,605.1,1047.5,556.8,1047.5,0
862,27,player,0,1184.9,730.6,1279.9,955.1,1232.4,955.1,0
862,32,player,1,994.4,538.1,1087.3,700.0,1040.8,700.0,0
862,33,player,1,786.5,657.0,853.0,854.1,819.8,854.1,0
862,36,player,0,1034.4,491.4,1100.2,637.3,1067.3,637.3,0
862,40,player,0,362.7,576.7,434.2,753.7,398.4,753.7,0
862,52,player,0,1867.4,406.9,1918.5,552.9,1893.0,552.9,0
862,66,player,1,2195.0,457.1,2266.0,616.3,2230.5,616.3,0
862,67,player,1,1363.2,510.2,1455.9,662.6,1409.6,662.6,0
862,68,player,1,2442.1,772.6,2521.9,989.6,2482.0,989.6,0
862,70,player,0,2730.5,984.1,2829.3,1242.4,2779.9,1242.4,0
862,72,player,1,2825.9,681.5,2879.2,890.0,2852.6,890.0,0
863,-1,ball,-1,1434.8,731.0,1446.8,743.0,1440.8,737.0,0
863,4,player,1,1496.1,702.1,1571.5,921.7,1533.8,921.7,0
863,5,player,1,1114.3,852.7,1192.3,1091.0,1153.3,1091.0,0
863,24,player,0,508.4,816.7,605.1,1047.5,556.8,1047.5,0
863,27,player,0,1184.9,730.6,1279.9,955.1,1232.4,955.1,0
863,32,player,1,994.4,538.1,1087.4,700.0,1040.9,700.0,0
863,33,player,1,786.5,657.0,853.0,854.1,819.8,854.1,0
863,36,player,0,1034.4,491.4,1100.6,637.4,1067.5,637.4,0
863,40,player,0,362.7,576.7,434.3,753.8,398.5,753.8,0
863,52,player,0,1867.4,406.9,1918.5,552.9,1893.0,552.9,0
863,66,player,1,2195.0,457.1,2266.0,616.2,2230.5,616.2,0
863,67,player,1,1363.2,510.3,1455.9,662.6,1409.6,662.6,1
863,68,player,1,2442.1,772.6,2521.9,989.6,2482.0,989.6,0
863,70,player,0,2730.5,984.1,2829.3,1242.4,2779.9,1242.4,0
863,72,player,1,2825.9,681.5,2879.2,890.0,2852.6,890.0,0
864,-1,ball,-1,1380.4,644.0,1392.4,656.0,1386.4,650.0,0
864,4,player,1,1486.2,702.4,1564.4,923.6,1525.3,923.6,0
864,5,player,1,1106.2,855.2,1185.1,1093.9,1145.6,1093.9,0
864,24,player,0,499.4,819.7,610.4,1050.0,554.9,1050.0,0
864,27,player,0,1176.6,729.7,1272.9,951.7,1224.8,951.7,0
864,32,player,1,992.1,540.5,1085.4,701.0,1038.8,701.0,0
864,33,player,1,781.3,659.7,849.0,854.9,815.2,854.9,0
864,36,player,0,1030.2,489.8,1077.7,636.7,1054.0,636.7,0
864,40,player,0,354.5,578.2,431.0,753.5,392.8,753.5,0
864,52,player,0,1851.6,412.1,1904.7,551.5,1878.2,551.5,0
864,66,player,1,2185.0,451.9,2256.7,616.3,2220.8,616.3,0
864,67,player,1,1357.8,513.5,1455.0,662.2,1406.4,662.2,1
864,68,player,1,2441.2,771.3,2519.9,988.2,2480.6,988.2,0
864,70,player,0,2727.0,985.2,2826.9,1246.0,2777.0,1246.0,0
864,72,player,1,2824.9,683.5,2879.1,890.6,2852.0,890.6,0
865,-1,ball,-1,1380.4,644.0,1392.4,656.0,1386.4,650.0,0
865,4,player,1,1486.2,702.3,1564.4,923.6,1525.3,923.6,0
865,5,player,1,1106.2,855.2,1185.1,1093.9,1145.6,1093.9,0
865,24,player,0,499.4,819.7,610.4,1049.9,554.9,1049.9,0
865,27,player,0,1176.6,729.7,1272.9,951.7,1224.8,951.7,0
865,32,player,1,992.1,540.4,1085.4,701.1,1038.8,701.1,0
865,33,player,1,781.3,659.7,849.0,854.8,815.2,854.8,0
865,36,player,0,1030.7,489.5,1078.1,636.9,1054.4,636.9,0
865,40,player,0,354.5,578.2,431.0,753.5,392.8,753.5,0
865,52,player,0,1851.6,412.1,1904.7,551.5,1878.2,551.5,0
865,66,player,1,2185.1,452.0,2256.6,616.3,2220.8,616.3,0
865,67,player,1,1357.9,513.6,1455.0,662.1,1406.4,662.1,1
865,68,player,1,2441.1,771.2,2519.9,988.2,2480.5,988.2,0
865,70,player,0,2727.0,985.2,2826.9,1246.1,2777.0,1246.1,0
865,72,player,1,2825.5,688.7,2879.1,890.5,2852.3,890.5,0
865,73,player,1,2825.5,715.7,2879.2,963.4,2852.4,963.4,0
866,-1,ball,-1,2214.8,596.6,2226.8,608.6,2220.8,602.6,0
866,4,player,1,1480.1,704.1,1561.4,926.1,1520.8,926.1,0
866,5,player,1,1100.3,855.7,1178.2,1092.8,1139.2,1092.8,0
866,24,player,0,491.3,821.2,609.9,1051.6,550.6,1051.6,0
866,27,player,0,1169.8,729.8,1266.1,950.7,1217.9,950.7,0
866,32,player,1,985.0,542.8,1084.0,702.2,1034.5,702.2,0
866,33,player,1,776.3,661.1,844.9,859.3,810.6,859.3,0
866,40,player,0,345.4,577.2,428.4,752.8,386.9,752.8,0
866,52,player,0,1834.2,414.3,1894.2,553.9,1864.2,553.9,0
866,66,player,1,2174.1,450.1,2251.0,615.4,2212.6,615.4,1
866,67,player,1,1358.0,516.4,1453.4,659.4,1405.7,659.4,0
866,68,player,1,2439.9,768.2,2518.5,991.6,2479.2,991.6,0
866,70,player,0,2724.0,985.7,2828.6,1247.7,2776.3,1247.7,0
866,73,player,1,2826.0,712.1,2879.2,964.5,2852.6,964.5,0
867,-1,ball,-1,2214.8,596.6,2226.8,608.6,2220.8,602.6,0
867,4,player,1,1480.0,704.0,1561.5,926.0,1520.8,926.0,0
867,5,player,1,1100.3,855.7,1178.2,1092.8,1139.2,1092.8,0
867,24,player,0,491.3,821.2,609.9,1051.6,550.6,1051.6,0
867,27,player,0,1169.8,729.8,1266.1,950.7,1217.9,950.7,0
867,32,player,1,984.9,542.8,1084.0,702.3,1034.4,702.3,0
867,33,player,1,776.3,661.1,844.9,859.3,810.6,859.3,0
867,40,player,0,345.4,577.2,428.4,752.7,386.9,752.7,0
867,52,player,0,1834.2,414.3,1894.2,553.9,1864.2,553.9,0
867,66,player,1,2174.1,450.1,2251.0,615.4,2212.6,615.4,1
867,67,player,1,1357.9,516.4,1453.4,659.4,1405.6,659.4,0
867,68,player,1,2439.9,768.2,2518.5,991.6,2479.2,991.6,0
867,70,player,0,2724.1,985.7,2828.6,1247.7,2776.4,1247.7,0
867,73,player,1,2826.0,712.6,2879.2,964.6,2852.6,964.6,0
868,-1,ball,-1,2214.8,596.6,2226.8,608.6,2220.8,602.6,0
868,4,player,1,1480.0,704.1,1561.5,926.1,1520.8,926.1,0
868,5,player,1,1100.3,855.7,1178.2,1092.8,1139.2,1092.8,0
868,24,player,0,491.3,821.2,609.9,1051.6,550.6,1051.6,0
868,27,player,0,1169.8,729.8,1266.2,950.7,1218.0,950.7,0
868,32,player,1,984.9,542.8,1084.0,702.3,1034.4,702.3,0
868,33,player,1,776.3,661.1,844.9,859.3,810.6,859.3,0
868,40,player,0,345.4,577.1,428.4,752.7,386.9,752.7,0
868,52,player,0,1834.2,414.3,1894.2,553.8,1864.2,553.8,0
868,66,player,1,2174.1,450.1,2251.0,615.5,2212.6,615.5,1
868,67,player,1,1358.0,516.4,1453.4,659.4,1405.7,659.4,0
868,68,player,1,2439.9,768.1,2518.5,991.5,2479.2,991.5,0
868,70,player,0,2724.0,985.7,2828.6,1247.7,2776.3,1247.7,0
868,73,player,1,2826.0,712.1,2879.2,964.6,2852.6,964.6,0
869,-1,ball,-1,2214.8,596.6,2226.8,608.6,2220.8,602.6,0
869,4,player,1,1480.0,704.1,1561.5,926.3,1520.8,926.3,0
869,5,player,1,1100.3,855.7,1178.2,1092.8,1139.2,1092.8,0
869,24,player,0,491.3,821.1,609.9,1051.6,550.6,1051.6,0
869,27,player,0,1169.8,729.8,1266.2,950.7,1218.0,950.7,0
869,32,player,1,984.9,542.8,1083.9,702.4,1034.4,702.4,0
869,33,player,1,776.3,661.1,844.9,859.3,810.6,859.3,0
869,40,player,0,345.4,577.1,428.4,752.7,386.9,752.7,0
869,52,player,0,1834.4,414.3,1894.2,554.0,1864.3,554.0,0
869,66,player,1,2174.1,450.1,2251.0,615.4,2212.6,615.4,1
869,67,player,1,1357.9,516.4,1453.3,659.4,1405.6,659.4,0
869,68,player,1,2439.9,768.1,2518.5,991.5,2479.2,991.5,0
869,70,player,0,2724.1,985.7,2828.6,1247.7,2776.4,1247.7,0
869,73,player,1,2826.0,712.6,2879.2,964.6,2852.6,964.6,0
870,-1,ball,-1,2218.4,589.3,2230.4,601.3,2224.4,595.3,0
870,4,player,1,1475.5,704.7,1558.8,927.1,1517.2,927.1,0
870,5,player,1,1097.1,855.3,1173.4,1092.5,1135.2,1092.5,0
870,24,player,0,483.2,821.6,603.3,1053.4,543.2,1053.4,0
870,27,player,0,1165.2,726.8,1259.0,949.5,1212.1,949.5,0
870,32,player,1,979.3,543.9,1077.4,700.4,1028.4,700.4,0
870,33,player,1,771.0,661.2,843.0,860.2,807.0,860.2,0
870,40,player,0,341.3,577.5,422.7,754.0,382.0,754.0,0
870,52,player,0,1818.1,414.7,1893.5,554.1,1855.8,554.1,0
870,66,player,1,2168.7,444.0,2252.8,613.3,2210.8,613.3,1
870,67,player,1,1356.3,523.7,1449.5,660.2,1402.9,660.2,0
870,68,player,1,2437.3,767.0,2517.3,989.8,2477.3,989.8,0
870,70,player,0,2723.7,987.1,2831.2,1249.9,2777.4,1249.9,0
870,73,player,1,2833.7,716.7,2879.2,964.8,2856.4,964.8,0
871,-1,ball,-1,2221.9,582.1,2233.9,594.1,2227.9,588.1,0
871,4,player,1,1472.5,706.2,1557.2,927.8,1514.8,927.8,0
871,5,player,1,1093.5,854.3,1170.0,1092.9,1131.8,1092.9,0
871,24,player,0,480.3,822.5,598.9,1054.3,539.6,1054.3,0
871,27,player,0,1160.1,725.4,1253.7,949.7,1206.9,949.7,0
871,32,player,1,980.3,535.7,1073.0,704.7,1026.6,704.7,0
871,33,player,1,766.9,660.0,840.2,858.7,803.6,858.7,0
871,40,player,0,335.6,576.2,420.2,754.7,377.9,754.7,0
871,52,player,0,1803.0,412.5,1890.0,555.3,1846.5,555.3,0
871,66,player,1,2165.3,448.7,2254.7,608.4,2210.0,608.4,1
871,67,player,1,1349.5,520.5,1448.7,658.8,1399.1,658.8,0
871,68,player,1,2434.9,767.1,2519.3,992.5,2477.1,992.5,0
871,70,player,0,2724.5,988.8,2835.2,1252.1,2779.8,1252.1,0
871,73,player,1,2839.3,730.3,2879.2,965.3,2859.2,965.3,0
872,-1,ball,-1,2225.5,574.9,2237.5,586.9,2231.5,580.9,0
872,4,player,1,1472.4,706.2,1557.2,927.7,1514.8,927.7,0
872,5,player,1,1093.5,854.3,1170.0,1092.9,1131.8,1092.9,0
872,24,player,0,480.4,822.5,598.9,1054.3,539.6,1054.3,0
872,27,player,0,1160.1,725.2,1253.8,949.6,1206.9,949.6,0
872,32,player,1,980.3,535.6,1073.0,704.7,1026.6,704.7,0
872,33,player,1,766.9,659.9,840.2,858.7,803.6,858.7,0
872,40,player,0,335.6,576.1,420.2,754.6,377.9,754.6,0
872,52,player,0,1803.0,412.5,1890.0,555.3,1846.5,555.3,0
872,66,player,1,2165.4,448.5,2254.6,608.5,2210.0,608.5,1
872,67,player,1,1349.5,520.5,1448.7,658.8,1399.1,658.8,0
872,68,player,1,2434.9,767.0,2519.2,992.5,2477.0,992.5,0
872,70,player,0,2724.5,988.9,2835.2,1252.1,2779.8,1252.1,0
872,73,player,1,2839.3,729.6,2879.2,965.1,2859.2,965.1,0
872,74,player,0,1004.9,494.0,1051.4,560.5,1028.2,560.5,0
873,-1,ball,-1,2229.1,567.7,2241.1,579.7,2235.1,573.7,0
873,4,player,1,1472.4,706.2,1557.2,927.7,1514.8,927.7,0
873,5,player,1,1093.4,854.3,1170.0,1092.9,1131.7,1092.9,0
873,24,player,0,480.4,822.4,598.9,1054.3,539.6,1054.3,0
873,27,player,0,1160.1,725.2,1253.7,949.6,1206.9,949.6,0
873,32,player,1,980.3,535.4,1073.1,704.7,1026.7,704.7,0
873,33,player,1,766.9,659.8,840.2,858.7,803.6,858.7,0
873,40,player,0,335.6,576.1,420.2,754.6,377.9,754.6,0
873,52,player,0,1803.0,412.5,1890.0,555.3,1846.5,555.3,0
873,66,player,1,2165.4,448.5,2254.5,608.6,2210.0,608.6,1
873,67,player,1,1349.5,520.5,1448.7,658.8,1399.1,658.8,0
873,68,player,1,2435.0,767.2,2519.2,992.5,2477.1,992.5,0
873,70,player,0,2724.5,989.0,2835.2,1252.1,2779.8,1252.1,0
873,73,player,1,2839.3,729.5,2879.2,965.2,2859.2,965.2,0
873,74,player,0,1005.0,494.0,1051.4,560.5,1028.2,560.5,0
874,-1,ball,-1,2232.7,560.5,2244.7,572.5,2238.7,566.5,0
874,4,player,1,1471.7,706.2,1555.8,926.8,1513.8,926.8,0
874,5,player,1,1091.7,852.9,1167.7,1091.6,1129.7,1091.6,0
874,24,player,0,480.3,822.7,594.5,1053.6,537.4,1053.6,0
874,27,player,0,1156.3,724.0,1249.3,950.1,1202.8,950.1,0
874,32,player,1,982.5,531.9,1072.1,702.1,1027.3,702.1,0
874,33,player,1,757.3,659.5,835.0,857.1,796.2,857.1,0
874,40,player,0,331.5,574.4,412.6,748.0,372.0,748.0,0
874,52,player,0,1793.1,410.7,1872.2,554.2,1832.6,554.2,0
874,66,player,1,2158.9,451.3,2246.7,608.6,2202.8,608.6,1
874,67,player,1,1341.7,518.5,1445.6,662.6,1393.6,662.6,0
874,68,player,1,2432.8,769.3,2519.1,992.7,2476.0,992.7,0
874,70,player,0,2724.5,989.9,2835.9,1253.2,2780.2,1253.2,0
875,-1,ball,-1,2236.2,553.3,2248.2,565.3,2242.2,559.3,0
875,4,player,1,1471.7,706.2,1555.7,926.9,1513.7,926.9,0
875,5,player,1,1091.7,852.9,1167.7,1091.6,1129.7,1091.6,0
875,24,player,0,480.3,822.7,594.5,1053.7,537.4,1053.7,0
875,27,player,0,1156.3,724.0,1249.3,950.1,1202.8,950.1,0
875,32,player,1,982.4,531.9,1072.1,702.1,1027.2,702.1,0
875,33,player,1,757.3,659.5,834.9,857.0,796.1,857.0,0
875,40,player,0,331.4,574.3,412.5,748.0,372.0,748.0,0
875,52,player,0,1793.1,410.7,1872.1,554.3,1832.6,554.3,0
875,66,player,1,2159.0,451.3,2246.7,608.6,2202.8,608.6,1
875,67,player,1,1341.7,518.5,1445.6,662.6,1393.6,662.6,0
875,68,player,1,2432.7,769.3,2519.1,992.6,2475.9,992.6,0
875,70,player,0,2724.5,989.9,2835.9,1253.2,2780.2,1253.2,0
876,-1,ball,-1,2239.8,546.1,2251.8,558.1,2245.8,552.1,0
876,4,player,1,1472.0,705.8,1555.9,925.6,1514.0,925.6,0
876,5,player,1,1089.3,850.4,1168.7,1088.4,1129.0,1088.4,0
876,24,player,0,482.1,822.1,590.0,1051.8,536.0,1051.8,0
876,27,player,0,1154.0,723.2,1239.5,950.9,1196.8,950.9,0
876,32,player,1,981.4,531.4,1073.1,699.6,1027.2,699.6,0
876,33,player,1,754.3,656.5,830.5,856.7,792.4,856.7,0
876,36,player,0,980.9,495.9,1036.3,637.5,1008.6,637.5,0
876,40,player,0,327.9,575.6,410.0,745.5,369.0,745.5,0
876,52,player,0,1786.9,409.4,1866.8,553.6,1826.8,553.6,0
876,66,player,1,2155.2,448.5,2231.3,603.9,2193.2,603.9,1
876,67,player,1,1337.9,515.6,1442.2,661.9,1390.1,661.9,0
876,68,player,1,2431.9,772.5,2520.2,993.1,2476.0,993.1,0
876,70,player,0,2724.5,990.7,2837.3,1254.3,2780.9,1254.3,0
877,-1,ball,-1,2243.4,538.9,2255.4,550.9,2249.4,544.9,0
877,4,player,1,1472.0,705.8,1556.0,925.7,1514.0,925.7,0
877,5,player,1,1089.3,850.3,1168.7,1088.4,1129.0,1088.4,0
877,24,player,0,482.2,822.2,589.9,1051.8,536.0,1051.8,0
877,27,player,0,1153.9,723.2,1239.7,950.9,1196.8,950.9,0
877,32,player,1,981.5,531.4,1073.1,699.6,1027.3,699.6,0
877,33,player,1,754.3,656.5,831.0,856.6,792.6,856.6,0
877,36,player,0,980.9,496.0,1036.3,637.5,1008.6,637.5,0
877,40,player,0,327.9,575.6,410.0,745.4,369.0,745.4,0
877,52,player,0,1786.9,409.4,1866.8,553.6,1826.8,553.6,0
877,66,player,1,2155.3,448.5,2231.3,603.9,2193.3,603.9,1
877,67,player,1,1337.8,515.6,1442.1,661.8,1389.9,661.8,0
877,68,player,1,2431.9,772.5,2520.2,993.1,2476.0,993.1,0
877,70,player,0,2724.4,990.7,2837.4,1254.3,2780.9,1254.3,0
878,-1,ball,-1,2246.9,531.7,2258.9,543.7,2252.9,537.7,0
878,4,player,1,1473.3,705.2,1556.6,924.2,1514.9,924.2,0
878,5,player,1,1089.0,848.9,1169.7,1090.3,1129.4,1090.3,0
878,24,player,0,488.4,820.5,588.2,1052.7,538.3,1052.7,0
878,27,player,0,1151.9,722.8,1235.2,949.7,1193.6,949.7,0
878,32,player,1,978.9,534.1,1070.2,693.8,1024.6,693.8,0
878,33,player,1,746.1,653.3,827.9,855.5,787.0,855.5,0
878,36,player,0,975.1,493.9,1029.6,641.9,1002.4,641.9,0
878,40,player,0,323.7,576.3,409.1,745.2,366.4,745.2,0
878,52,player,0,1785.2,406.5,1864.9,554.4,1825.0,554.4,0
878,66,player,1,2153.5,452.5,2229.1,602.9,2191.3,602.9,1
878,67,player,1,1329.3,514.4,1438.3,659.9,1383.8,659.9,0
878,68,player,1,2432.9,773.2,2521.2,988.0,2477.0,988.0,0
878,70,player,0,2727.0,990.8,2838.8,1254.0,2782.9,1254.0,0
879,-1,ball,-1,2250.5,524.5,2262.5,536.5,2256.5,530.5,0
879,4,player,1,1473.3,705.1,1556.5,924.2,1514.9,924.2,0
879,5,player,1,1089.0,849.0,1169.7,1090.2,1129.4,1090.2,0
879,24,player,0,488.5,820.5,588.2,1052.7,538.4,1052.7,0
879,27,player,0,1151.9,722.8,1235.2,949.7,1193.6,949.7,0
879,32,player,1,978.8,534.1,1070.1,693.8,1024.4,693.8,0
879,33,player,1,746.2,653.3,827.9,855.5,787.0,855.5,0
879,36,player,0,975.1,493.9,1029.6,641.8,1002.4,641.8,0
879,40,player,0,323.8,576.3,409.2,745.2,366.5,745.2,0
879,52,player,0,1785.2,406.5,1865.0,554.4,1825.1,554.4,0
879,66,player,1,2153.5,452.4,2229.1,603.0,2191.3,603.0,1
879,67,player,1,1329.3,514.4,1438.3,659.9,1383.8,659.9,0
879,68,player,1,2432.9,773.2,2521.2,988.0,2477.0,988.0,0
879,70,player,0,2727.0,990.8,2838.8,1254.1,2782.9,1254.1,0
880,-1,ball,-1,2254.1,517.3,2266.1,529.3,2260.1,523.3,0
880,4,player,1,1473.3,705.2,1556.6,924.1,1514.9,924.1,0
880,5,player,1,1089.0,848.8,1169.7,1090.3,1129.4,1090.3,0
880,24,player,0,488.4,820.5,588.3,1052.6,538.3,1052.6,0
880,27,player,0,1151.9,722.8,1235.2,949.8,1193.6,949.8,0
880,32,player,1,978.7,534.1,1070.1,693.9,1024.4,693.9,0
880,33,player,1,746.2,653.3,827.9,855.5,787.0,855.5,0
880,36,player,0,975.1,493.9,1029.6,641.8,1002.4,641.8,0
880,40,player,0,323.8,576.3,409.2,745.3,366.5,745.3,0
880,52,player,0,1785.2,406.5,1864.9,554.5,1825.0,554.5,0
880,66,player,1,2153.5,452.4,2229.1,603.0,2191.3,603.0,1
880,67,player,1,1329.3,514.4,1438.1,659.9,1383.7,659.9,0
880,68,player,1,2433.0,773.2,2521.4,987.8,2477.2,987.8,0
880,70,player,0,2726.9,990.8,2838.8,1254.1,2782.9,1254.1,0
881,-1,ball,-1,2257.6,510.1,2269.6,522.1,2263.6,516.1,0
881,4,player,1,1476.7,703.6,1558.9,925.9,1517.8,925.9,0
881,5,player,1,1085.2,847.1,1175.6,1092.1,1130.4,1092.1,0
881,24,player,0,496.4,818.3,586.4,1053.7,541.4,1053.7,0
881,27,player,0,1149.6,722.3,1232.7,950.2,1191.2,950.2,0
881,32,player,1,979.6,530.7,1069.4,691.8,1024.5,691.8,0
881,33,player,1,740.4,652.5,825.7,856.0,783.0,856.0,0
881,36,player,0,970.2,490.9,1027.4,639.6,998.8,639.6,0
881,40,player,0,319.8,575.5,408.0,744.0,363.9,744.0,0
881,52,player,0,1784.9,402.6,1861.9,556.9,1823.4,556.9,0
881,66,player,1,2148.3,444.3,2222.8,602.5,2185.6,602.5,0
881,67,player,1,1322.9,513.9,1433.4,654.1,1378.2,654.1,0
881,68,player,1,2435.0,772.1,2523.8,989.3,2479.4,989.3,0
881,70,player,0,2729.7,989.4,2840.6,1253.7,2785.1,1253.7,0
882,-1,ball,-1,2257.6,510.0,2269.6,522.0,2263.6,516.0,0
882,4,player,1,1476.7,703.6,1558.6,925.5,1517.6,925.5,0
882,5,player,1,1085.4,847.2,1175.6,1092.0,1130.5,1092.0,0
882,24,player,0,496.4,818.3,586.4,1053.6,541.4,1053.6,0
882,27,player,0,1149.6,722.3,1232.6,950.1,1191.1,950.1,0
882,32,player,1,979.6,530.7,1069.4,691.8,1024.5,691.8,0
882,33,player,1,740.4,652.6,825.7,856.0,783.0,856.0,0
882,36,player,0,970.2,490.9,1027.5,639.6,998.8,639.6,0
882,40,player,0,319.8,575.5,407.9,744.0,363.8,744.0,0
882,52,player,0,1784.9,402.6,1862.1,556.8,1823.5,556.8,0
882,66,player,1,2148.4,444.3,2222.8,602.5,2185.6,602.5,0
882,67,player,1,1322.9,513.9,1433.6,653.9,1378.2,653.9,0
882,68,player,1,2435.0,772.1,2523.7,989.2,2479.4,989.2,0
882,70,player,0,2729.9,989.4,2840.6,1253.7,2785.2,1253.7,0
883,-1,ball,-1,2259.4,509.1,2271.4,521.1,2265.4,515.1,0
883,4,player,1,1478.9,701.4,1562.0,924.2,1520.4,924.2,0
883,5,player,1,1084.2,847.5,1178.6,1092.2,1131.4,1092.2,0
883,24,player,0,508.0,817.2,588.2,1054.3,548.1,1054.3,0
883,27,player,0,1149.3,722.7,1231.1,950.6,1190.2,950.6,0
883,32,player,1,994.0,530.3,1073.5,688.5,1033.8,688.5,0
883,33,player,1,735.0,650.0,824.1,855.7,779.6,855.7,0
883,36,player,0,964.0,489.1,1027.0,642.0,995.5,642.0,0
883,40,player,0,318.0,559.8,406.3,741.8,362.2,741.8,0
883,52,player,0,1785.1,400.6,1856.6,555.3,1820.8,555.3,0
883,66,player,1,2146.5,442.6,2212.5,602.4,2179.5,602.4,0
883,67,player,1,1319.2,510.9,1423.6,652.0,1371.4,652.0,0
883,68,player,1,2442.1,769.5,2527.1,986.3,2484.6,986.3,0
883,70,player,0,2733.8,988.2,2841.4,1251.4,2787.6,1251.4,0
884,-1,ball,-1,2259.3,509.1,2271.3,521.1,2265.3,515.1,0
884,4,player,1,1478.9,701.4,1562.0,924.1,1520.4,924.1,0
884,5,player,1,1084.1,847.5,1178.7,1092.3,1131.4,1092.3,0
884,24,player,0,508.0,817.2,588.2,1054.2,548.1,1054.2,0
884,27,player,0,1149.4,722.7,1231.1,950.6,1190.2,950.6,0
884,32,player,1,994.0,530.3,1073.5,688.5,1033.8,688.5,0
884,33,player,1,735.0,650.0,824.1,855.6,779.6,855.6,0
884,36,player,0,964.0,489.1,1027.0,642.0,995.5,642.0,0
884,40,player,0,318.0,559.9,406.3,741.8,362.2,741.8,0
884,52,player,0,1785.1,400.6,1856.6,555.3,1820.8,555.3,0
884,66,player,1,2146.5,442.6,2212.5,602.4,2179.5,602.4,0
884,67,player,1,1319.1,510.9,1423.6,651.9,1371.4,651.9,0
884,68,player,1,2442.0,769.5,2527.0,986.3,2484.5,986.3,0
884,70,player,0,2733.6,988.2,2841.4,1251.2,2787.5,1251.2,0
885,-1,ball,-1,2259.3,509.1,2271.3,521.1,2265.3,515.1,0
885,4,player,1,1478.9,701.3,1562.0,924.2,1520.4,924.2,0
885,5,player,1,1084.1,847.4,1178.7,1092.3,1131.4,1092.3,0
885,24,player,0,508.0,817.2,588.2,1054.3,548.1,1054.3,0
885,27,player,0,1149.3,722.7,1231.1,950.6,1190.2,950.6,0
885,32,player,1,994.0,530.3,1073.5,688.4,1033.8,688.4,0
885,33,player,1,735.0,650.0,824.1,855.5,779.6,855.5,0
885,36,player,0,964.0,489.1,1027.0,642.0,995.5,642.0,0
885,40,player,0,318.0,560.1,406.3,741.8,362.2,741.8,0
885,52,player,0,1785.1,400.6,1856.6,555.3,1820.8,555.3,0
885,66,player,1,2146.5,442.6,2212.5,602.4,2179.5,602.4,0
885,67,player,1,1319.1,510.9,1423.6,651.9,1371.4,651.9,0
885,68,player,1,2442.0,769.5,2527.0,986.3,2484.5,986.3,0
885,70,player,0,2733.6,988.2,2841.4,1251.1,2787.5,1251.1,0
886,-1,ball,-1,2263.6,507.8,2275.6,519.8,2269.6,513.8,0
886,4,player,1,1484.3,698.9,1565.1,914.4,1524.7,914.4,0
886,5,player,1,1084.4,846.9,1180.1,1092.9,1132.2,1092.9,0
886,24,player,0,525.6,816.7,597.3,1054.3,561.4,1054.3,0
886,27,player,0,1149.0,722.2,1230.8,950.7,1189.9,950.7,0
886,32,player,1,995.4,523.1,1079.7,682.6,1037.6,682.6,0
886,33,player,1,734.4,649.8,822.7,855.2,778.6,855.2,0
886,36,player,0,960.5,486.8,1024.4,639.2,992.4,639.2,0
886,40,player,0,316.4,560.3,400.7,738.0,358.5,738.0,0
886,52,player,0,1784.8,402.8,1847.7,553.7,1816.2,553.7,0
886,66,player,1,2144.0,437.0,2216.4,600.5,2180.2,600.5,0
886,67,player,1,1322.2,510.4,1414.1,650.3,1368.2,650.3,0
886,68,player,1,2448.3,766.2,2533.7,985.2,2491.0,985.2,0
886,70,player,0,2740.0,986.0,2844.4,1244.7,2792.2,1244.7,0
887,-1,ball,-1,2263.6,507.8,2275.6,519.8,2269.6,513.8,0
887,4,player,1,1484.4,699.0,1565.0,914.4,1524.7,914.4,0
887,5,player,1,1084.4,846.8,1180.1,1092.9,1132.2,1092.9,0
887,24,player,0,525.6,816.7,597.3,1054.3,561.4,1054.3,0
887,27,player,0,1149.4,722.5,1230.8,950.8,1190.1,950.8,0
887,32,player,1,995.4,523.1,1079.7,682.6,1037.6,682.6,0
887,33,player,1,734.4,649.8,822.7,855.2,778.6,855.2,0
887,36,player,0,960.5,486.8,1024.4,639.3,992.4,639.3,0
887,40,player,0,316.4,560.2,400.8,738.1,358.6,738.1,0
887,52,player,0,1784.8,402.8,1847.7,553.7,1816.2,553.7,0
887,66,player,1,2144.0,437.0,2216.4,600.5,2180.2,600.5,0
887,67,player,1,1322.2,510.4,1414.4,650.3,1368.3,650.3,0
887,68,player,1,2448.3,766.1,2533.1,985.1,2490.7,985.1,0
887,70,player,0,2740.0,986.0,2844.4,1244.4,2792.2,1244.4,0
888,-1,ball,-1,1898.5,590.4,1910.5,602.4,1904.5,596.4,0
888,4,player,1,1492.8,696.8,1570.4,916.0,1531.6,916.0,0
888,5,player,1,1086.2,845.6,1182.1,1092.7,1134.2,1092.7,0
888,24,player,0,530.0,814.9,603.3,1053.9,566.6,1053.9,0
888,27,player,0,1151.4,721.1,1231.2,950.0,1191.3,950.0,0
888,32,player,1,997.4,522.4,1082.1,678.8,1039.8,678.8,0
888,33,player,1,734.9,649.0,822.7,853.8,778.8,853.8,0
888,36,player,0,958.0,479.4,1024.7,635.3,991.4,635.3,0
888,40,player,0,315.8,551.3,399.5,736.2,357.6,736.2,0
888,52,player,0,1781.7,399.6,1836.8,551.9,1809.2,551.9,1
888,66,player,1,2138.7,434.4,2218.7,599.2,2178.7,599.2,0
888,67,player,1,1326.7,506.1,1406.3,648.0,1366.5,648.0,0
888,68,player,1,2455.3,763.2,2538.5,983.0,2496.9,983.0,0
888,70,player,0,2742.5,981.0,2845.9,1240.5,2794.2,1240.5,0
889,-1,ball,-1,1533.4,673.0,1545.4,685.0,1539.4,679.0,0
889,4,player,1,1492.9,697.0,1570.6,915.8,1531.8,915.8,0
889,5,player,1,1086.3,845.7,1182.1,1092.7,1134.2,1092.7,0
889,24,player,0,530.0,814.9,603.3,1054.0,566.6,1054.0,0
889,27,player,0,1151.5,721.1,1231.1,950.0,1191.3,950.0,0
889,32,player,1,997.4,522.5,1082.1,678.8,1039.8,678.8,0
889,33,player,1,734.7,649.0,822.7,853.9,778.7,853.9,0
889,36,player,0,958.0,479.4,1024.7,635.2,991.4,635.2,0
889,40,player,0,315.8,551.3,399.4,736.2,357.6,736.2,0
889,52,player,0,1781.7,399.6,1836.9,551.9,1809.3,551.9,0
889,66,player,1,2138.7,434.4,2218.7,599.2,2178.7,599.2,0
889,67,player,1,1326.6,506.2,1406.3,648.0,1366.4,648.0,0
889,68,player,1,2455.3,763.2,2538.6,983.0,2497.0,983.0,0
889,70,player,0,2742.5,981.0,2845.9,1240.4,2794.2,1240.4,0
890,-1,ball,-1,1168.2,755.6,1180.2,767.6,1174.2,761.6,0
890,4,player,1,1492.7,696.9,1570.9,916.0,1531.8,916.0,0
890,5,player,1,1086.3,845.7,1182.1,1092.7,1134.2,1092.7,0
890,24,player,0,530.0,814.9,603.3,1054.0,566.6,1054.0,0
890,27,player,0,1151.8,721.1,1231.1,950.2,1191.4,950.2,0
890,32,player,1,997.4,522.4,1082.5,678.9,1040.0,678.9,0
890,33,player,1,734.9,649.0,822.8,853.9,778.8,853.9,0
890,36,player,0,958.0,479.5,1024.7,635.2,991.4,635.2,0
890,40,player,0,315.8,551.3,399.4,736.2,357.6,736.2,0
890,52,player,0,1781.7,399.6,1836.6,551.9,1809.2,551.9,0
890,66,player,1,2138.7,434.4,2218.7,599.2,2178.7,599.2,0
890,67,player,1,1326.6,506.2,1406.2,648.1,1366.4,648.1,0
890,68,player,1,2455.2,763.2,2538.6,983.0,2496.9,983.0,0
890,70,player,0,2742.6,981.0,2845.9,1240.4,2794.2,1240.4,0
891,-1,ball,-1,803.1,838.2,815.1,850.2,809.1,844.2,0
891,4,player,1,1499.0,694.1,1576.3,915.7,1537.6,915.7,0
891,5,player,1,1090.3,845.2,1187.3,1087.6,1138.8,1087.6,0
891,24,player,0,530.7,815.0,619.3,1053.9,575.0,1053.9,0
891,27,player,0,1156.7,720.0,1233.3,950.4,1195.0,950.4,0
891,32,player,1,998.3,517.5,1084.3,673.4,1041.3,673.4,0
891,33,player,1,734.7,649.2,823.6,852.8,779.2,852.8,1
891,36,player,0,958.6,478.5,1024.4,635.6,991.5,635.6,0
891,40,player,0,317.1,549.8,398.8,730.9,358.0,730.9,0
891,52,player,0,1780.8,399.2,1832.6,552.8,1806.7,552.8,0
891,66,player,1,2136.6,439.0,2220.9,597.1,2178.8,597.1,0
891,67,player,1,1326.7,505.5,1402.2,648.2,1364.4,648.2,0
891,68,player,1,2464.4,758.1,2545.6,982.3,2505.0,982.3,0
891,70,player,0,2749.0,977.4,2847.2,1239.6,2798.1,1239.6,0
892,-1,ball,-1,803.1,838.2,815.1,850.2,809.1,844.2,0
892,4,player,1,1499.0,694.1,1576.3,915.7,1537.6,915.7,0
892,5,player,1,1090.2,845.2,1187.3,1087.6,1138.8,1087.6,0
892,24,player,0,530.8,814.9,619.1,1053.9,575.0,1053.9,0
892,27,player,0,1156.7,720.0,1233.3,950.5,1195.0,950.5,0
892,32,player,1,998.3,517.4,1084.3,673.4,1041.3,673.4,0
892,33,player,1,734.7,649.2,823.6,852.9,779.2,852.9,1
892,36,player,0,958.6,478.5,1024.5,635.9,991.6,635.9,0
892,40,player,0,317.1,549.8,398.8,730.9,358.0,730.9,0
892,52,player,0,1780.8,399.2,1832.6,552.8,1806.7,552.8,0
892,66,player,1,2136.6,439.1,2220.9,597.1,2178.8,597.1,0
892,67,player,1,1326.7,505.5,1401.4,648.1,1364.1,648.1,0
892,68,player,1,2464.3,758.1,2545.6,982.3,2505.0,982.3,0
892,70,player,0,2749.0,977.4,2847.2,1239.6,2798.1,1239.6,0
893,-1,ball,-1,803.0,838.3,815.0,850.3,809.0,844.3,0
893,4,player,1,1499.0,694.1,1576.3,915.7,1537.6,915.7,0
893,5,player,1,1090.2,845.2,1187.3,1087.6,1138.8,1087.6,0
893,24,player,0,530.8,814.9,619.1,1053.9,575.0,1053.9,0
893,27,player,0,1156.7,720.0,1233.3,950.4,1195.0,950.4,0
893,32,player,1,998.3,517.4,1084.3,673.3,1041.3,673.3,0
893,33,player,1,734.7,649.2,823.6,852.9,779.2,852.9,1
893,36,player,0,958.6,478.5,1024.5,635.9,991.6,635.9,0
893,40,player,0,317.1,549.8,398.8,730.9,358.0,730.9,0
893,52,player,0,1780.8,399.1,1832.6,552.8,1806.7,552.8,0
893,66,player,1,2136.5,439.0,2220.9,597.1,2178.7,597.1,0
893,67,player,1,1326.7,505.5,1401.3,648.1,1364.0,648.1,0
893,68,player,1,2464.3,758.1,2545.6,982.3,2505.0,982.3,0
893,70,player,0,2749.0,977.4,2847.2,1239.6,2798.1,1239.6,0
894,-1,ball,-1,1299.1,726.6,1311.1,738.6,1305.1,732.6,0
894,4,player,1,1507.4,692.6,1584.1,916.1,1545.8,916.1,0
894,5,player,1,1096.8,843.4,1192.3,1087.8,1144.6,1087.8,0
894,24,player,0,536.1,815.6,633.4,1053.8,584.8,1053.8,0
894,27,player,0,1160.2,717.6,1237.3,948.4,1198.8,948.4,0
894,32,player,1,998.2,516.1,1086.0,671.3,1042.1,671.3,0
894,33,player,1,736.1,648.8,827.4,852.6,781.8,852.6,0
894,36,player,0,960.3,479.3,1023.0,635.2,991.6,635.2,0
894,40,player,0,319.4,547.1,402.0,725.7,360.7,725.7,0
894,52,player,0,1782.3,393.6,1833.2,551.0,1807.8,551.0,0
894,66,player,1,2137.9,442.8,2224.2,597.0,2181.0,597.0,0
894,67,player,1,1326.8,507.4,1401.6,650.4,1364.2,650.4,1
894,68,player,1,2472.5,757.3,2556.7,981.1,2514.6,981.1,0
894,70,player,0,2754.5,974.7,2854.9,1240.5,2804.7,1240.5,0
895,-1,ball,-1,1795.2,614.9,1807.2,626.9,1801.2,620.9,0
895,4,player,1,1507.3,692.6,1584.1,916.1,1545.7,916.1,0
895,5,player,1,1096.8,843.4,1192.3,1087.7,1144.6,1087.7,0
895,24,player,0,536.0,815.6,633.4,1053.8,584.7,1053.8,0
895,27,player,0,1160.2,717.6,1237.3,948.5,1198.8,948.5,0
895,32,player,1,998.2,516.0,1086.0,671.5,1042.1,671.5,0
895,33,player,1,736.0,648.9,827.4,852.7,781.7,852.7,0
895,36,player,0,960.3,479.3,1023.1,635.2,991.7,635.2,0
895,40,player,0,319.4,547.1,402.0,725.7,360.7,725.7,0
895,52,player,0,1782.3,393.7,1833.2,551.0,1807.8,551.0,1
895,66,player,1,2137.9,442.8,2224.2,597.0,2181.0,597.0,0
895,67,player,1,1326.8,507.4,1401.7,650.4,1364.2,650.4,0
895,68,player,1,2472.5,757.3,2556.8,981.1,2514.6,981.1,0
895,70,player,0,2754.2,974.6,2854.9,1240.5,2804.6,1240.5,0
896,-1,ball,-1,2291.3,503.2,2303.3,515.2,2297.3,509.2,0
896,4,player,1,1514.0,690.2,1593.0,914.0,1553.5,914.0,0
896,5,player,1,1104.3,841.8,1198.4,1087.9,1151.4,1087.9,0
896,24,player,0,545.9,815.1,651.1,1052.6,598.5,1052.6,0
896,27,player,0,1164.4,714.6,1242.6,945.7,1203.5,945.7,0
896,32,player,1,1004.8,516.6,1086.7,667.4,1045.8,667.4,0
896,33,player,1,743.5,648.3,831.6,850.4,787.6,850.4,0
896,36,player,0,962.7,481.9,1027.4,635.2,995.0,635.2,0
896,40,player,0,321.3,545.8,404.6,724.0,363.0,724.0,0
896,52,player,0,1784.0,383.9,1835.2,552.2,1809.6,552.2,0
896,66,player,1,2133.4,441.2,2226.1,595.3,2179.8,595.3,0
896,67,player,1,1326.6,508.9,1395.4,649.7,1361.0,649.7,0
896,68,player,1,2483.5,755.8,2570.0,979.9,2526.8,979.9,0
896,70,player,0,2764.5,973.5,2863.2,1240.9,2813.8,1240.9,0
897,-1,ball,-1,2291.3,503.2,2303.3,515.2,2297.3,509.2,0
897,4,player,1,1514.2,690.7,1593.3,914.9,1553.8,914.9,0
897,5,player,1,1104.4,841.8,1198.4,1087.7,1151.4,1087.7,0
897,24,player,0,545.9,815.1,651.1,1052.6,598.5,1052.6,0
897,27,player,0,1164.4,714.7,1242.6,945.5,1203.5,945.5,0
897,32,player,1,1004.8,516.6,1086.6,667.3,1045.7,667.3,0
897,33,player,1,743.5,648.4,831.6,850.4,787.6,850.4,0
897,36,player,0,962.7,481.9,1027.4,635.2,995.0,635.2,0
897,40,player,0,321.3,545.7,404.6,724.1,363.0,724.1,0
897,52,player,0,1784.0,383.9,1835.2,552.2,1809.6,552.2,0
897,66,player,1,2133.3,441.2,2226.0,595.3,2179.6,595.3,0
897,67,player,1,1326.6,508.9,1395.4,649.6,1361.0,649.6,0
897,68,player,1,2483.5,755.9,2570.0,979.9,2526.8,979.9,0
897,70,player,0,2764.5,973.5,2863.2,1240.9,2813.8,1240.9,0
898,-1,ball,-1,2291.3,503.2,2303.3,515.2,2297.3,509.2,0
898,4,player,1,1514.0,690.1,1593.0,914.0,1553.5,914.0,0
898,5,player,1,1104.3,841.7,1198.4,1087.7,1151.4,1087.7,0
898,24,player,0,545.7,815.1,651.2,1052.0,598.4,1052.0,0
898,27,player,0,1164.4,714.7,1242.6,945.6,1203.5,945.6,0
898,32,player,1,1004.8,516.6,1086.6,667.3,1045.7,667.3,0
898,33,player,1,743.5,648.4,831.6,850.4,787.6,850.4,0
898,36,player,0,962.7,481.9,1027.4,635.2,995.0,635.2,0
898,40,player,0,321.3,545.7,404.7,724.0,363.0,724.0,0
898,52,player,0,1784.0,383.7,1835.2,552.2,1809.6,552.2,0
898,66,player,1,2133.4,441.1,2226.1,595.3,2179.8,595.3,0
898,67,player,1,1326.6,508.9,1395.4,649.7,1361.0,649.7,0
898,68,player,1,2483.6,755.9,2570.0,979.9,2526.8,979.9,0
898,70,player,0,2764.5,973.5,2863.2,1240.9,2813.8,1240.9,0
899,4,player,1,1521.7,690.4,1601.4,915.1,1561.6,915.1,0
899,5,player,1,1112.8,838.8,1205.2,1086.8,1159.0,1086.8,0
899,24,player,0,559.3,814.5,665.1,1051.4,612.2,1051.4,0
899,27,player,0,1170.1,710.8,1248.8,937.5,1209.4,937.5,0
899,32,player,1,1006.0,515.7,1095.5,664.3,1050.8,664.3,0
899,33,player,1,750.0,646.1,838.7,844.8,794.4,844.8,0
899,36,player,0,970.4,482.1,1031.6,635.5,1001.0,635.5,0
899,40,player,0,326.5,543.0,408.9,721.5,367.7,721.5,0
899,52,player,0,1783.9,380.5,1836.9,549.3,1810.4,549.3,0
899,66,player,1,2141.0,436.3,2222.7,594.3,2181.8,594.3,0
899,67,player,1,1329.2,510.5,1392.5,648.4,1360.8,648.4,0
899,68,player,1,2493.8,754.5,2582.9,978.0,2538.4,978.0,0
899,70,player,0,2771.8,972.8,2870.4,1240.8,2821.1,1240.8,0
